rank,word,frequency,doc_count
1,scout,3796,79
2,troupe,1971,78
3,camp,1943,79
4,grand,1854,79
5,chef,1756,79
6,petit,1270,78
7,heure,1106,78
8,bon,1023,79
9,voir,924,79
10,venir,920,78
11,prendre,874,78
12,degré,855,77
13,feu,842,77
14,rue,840,79
15,donner,800,76
16,patrouille,791,77
17,pouvoir,767,78
18,vouloir,751,77
19,passer,747,78
20,trouver,698,76
21,falloir,692,76
22,mettre,658,77
23,dernier,649,78
24,commissaire,649,76
25,temps,633,77
26,frère,601,78
27,france,582,75
28,vie,567,76
29,district,559,69
30,recevoir,547,77
31,général,532,77
32,main,529,77
33,savoir,525,75
34,aumônier,524,77
35,jeune,522,75
36,français,518,75
37,fois,516,76
38,travail,506,76
39,prix,504,76
40,devoir,504,76
41,aller,478,76
42,arriver,475,77
43,eau,466,71
44,nouveau,465,74
45,servir,464,75
46,service,462,76
47,homme,459,75
48,bel,458,78
49,bois,446,73
50,non,437,75
51,lieu,428,76
52,franc,428,75
53,blanc,422,75
54,nuit,411,75
55,place,396,78
56,jeu,393,74
57,demande,392,77
58,terre,389,76
59,connaître,383,75
60,chant,378,73
61,envoyer,376,76
62,point,375,74
63,demander,370,73
64,fort,369,77
65,concours,366,68
66,soir,365,72
67,scoutisme,364,73
68,haut,360,72
69,pied,353,74
70,père,353,70
71,long,352,75
72,chose,351,78
73,trop,350,75
74,garçon,349,73
75,enfant,347,73
76,beaucoup,343,76
77,ville,341,72
78,jamais,341,74
79,partir,338,77
80,porter,333,74
81,meute,327,64
82,plein,326,74
83,province,325,72
84,journée,323,73
85,côté,322,74
86,mieux,321,74
87,vieux,320,74
88,routier,319,77
89,air,319,66
90,mouvement,313,70
91,nom,311,72
92,hutte,308,75
93,part,308,72
94,cours,308,73
95,cœur,304,70
96,louveteau,301,68
97,promesse,299,70
98,route,290,70
99,fête,287,68
100,monde,286,75
101,ici,286,71
102,entendre,284,71
103,dire,283,74
104,juillet,283,57
105,partie,283,73
106,adresser,281,70
107,ami,280,70
108,départ,279,69
109,joie,279,72
110,beau,278,70
111,mot,278,75
112,août,276,67
113,paraître,275,73
114,écrire,275,70
115,esprit,274,70
116,matin,273,75
117,apprendre,273,71
118,tour,272,71
119,national,271,73
120,ordre,271,71
121,abonnement,270,64
122,tête,270,72
123,coup,265,66
124,saint,264,67
125,maison,261,73
126,pays,261,63
127,meilleur,260,71
128,fin,259,73
129,moment,258,74
130,porte,257,68
131,permettre,257,72
132,attendre,256,72
133,croire,256,69
134,catholique,256,69
135,soleil,253,69
136,revenir,252,71
137,anglais,251,69
138,devenir,250,71
139,répondre,250,69
140,honneur,247,73
141,tenir,245,75
142,commencer,245,72
143,cheftaine,242,64
144,prêt,242,73
145,oiseau,242,47
146,direction,242,73
147,autour,240,71
148,bras,239,65
149,rendre,239,70
150,arbre,239,60
151,messe,238,69
152,mètre,236,60
153,spécial,236,68
154,bâton,236,55
155,heureux,236,69
156,mai,234,55
157,appareil,233,60
158,suivre,230,71
159,réunir,230,70
160,souvenir,229,69
161,livre,229,65
162,nombre,228,69
163,préparer,226,69
164,voyage,226,62
165,lire,226,66
166,dessin,226,62
167,forêt,225,65
168,chemin,224,63
169,compte,223,68
170,article,222,65
171,camper,222,62
172,vue,222,70
173,adresse,221,67
174,moyen,221,64
175,chanter,220,64
176,oeil,219,66
177,pratique,219,71
178,droit,218,65
179,offrir,218,67
180,fer,217,64
181,mort,216,66
182,gauche,216,59
183,famille,216,68
184,photo,215,62
185,février,215,49
186,excellent,214,66
187,visite,213,66
188,dimanche,213,64
189,vrai,213,68
190,suite,213,69
191,vivre,213,69
192,premier,209,71
193,octobre,208,55
194,cher,208,69
195,noir,208,63
196,carte,208,67
197,lever,206,67
198,lettre,206,62
199,mars,205,51
200,fils,204,68
201,laisser,204,68
202,grâce,204,70
203,appeler,204,64
204,milieu,204,67
205,organiser,203,65
206,couleur,202,65
207,bord,202,67
208,avril,202,57
209,terminer,200,65
210,sortir,200,71
211,papier,199,49
212,janvier,199,58
213,tandis,198,69
214,aimer,198,67
215,renseignement,197,69
216,exemple,197,66
217,roi,197,51
218,occasion,196,64
219,sac,196,56
220,toile,195,54
221,histoire,195,65
222,réunion,195,62
223,former,194,60
224,ensuite,194,65
225,penser,194,67
226,rallye,194,51
227,second,193,65
228,perdre,192,67
229,simple,192,68
230,droite,191,56
231,obtenir,190,66
232,ciel,190,60
233,fédération,189,70
234,vente,188,61
235,donne,186,67
236,cuisine,186,55
237,bout,185,61
238,prière,185,65
239,marche,185,70
240,oublier,185,71
241,modèle,182,62
242,fond,182,64
243,gros,182,64
244,minute,182,63
245,ajouter,182,64
246,prier,181,69
247,vent,180,58
248,nœud,180,43
249,monter,179,63
250,ligne,179,64
251,coin,179,69
252,train,179,56
253,ailleurs,178,62
254,prochain,178,68
255,tirer,178,61
256,loin,177,64
257,assister,176,58
258,sol,175,62
259,ensemble,175,66
260,presque,175,62
261,succès,175,66
262,corde,174,42
263,classe,174,58
264,rester,174,63
265,tente,173,53
266,désirer,172,61
267,guerre,171,60
268,rentrer,171,60
269,septembre,171,52
270,postal,170,64
271,rouge,170,61
272,nécessaire,170,63
273,objet,170,58
274,force,169,62
275,mal,168,65
276,reconnaître,168,68
277,assurer,167,64
278,chercher,167,64
279,résultat,166,59
280,fixer,166,64
281,corps,166,59
282,comprendre,166,67
283,rappeler,166,66
284,continuer,166,64
285,reprendre,166,63
286,œuvre,165,64
287,poste,165,61
288,vacance,165,64
289,réussir,164,64
290,peine,164,61
291,cérémonie,164,63
292,mme,164,47
293,arrêter,163,62
294,placer,163,58
295,activité,163,64
296,conseil,162,66
297,partout,160,61
298,vite,160,67
299,instant,159,60
300,forme,159,61
301,employer,159,58
302,intéressant,159,61
303,bientôt,159,57
304,présenter,158,68
305,région,158,59
306,rapide,158,58
307,apporter,158,69
308,local,158,60
309,public,157,64
310,voix,157,55
311,parole,157,54
312,parler,157,62
313,groupe,156,59
314,matériel,156,49
315,question,154,59
316,montrer,154,64
317,effort,153,64
318,boîte,153,52
319,charrette,153,29
320,idée,152,65
321,juin,152,39
322,décembre,152,43
323,salle,151,58
324,vif,151,58
325,officiel,150,63
326,besoin,150,64
327,gare,150,54
328,colonie,150,63
329,jamboree,149,38
330,monsieur,149,56
331,présence,148,59
332,église,148,56
333,directeur,148,66
334,cas,148,57
335,magnifique,147,63
336,ancien,147,60
337,agir,146,61
338,centre,146,57
339,provincial,146,56
340,international,145,47
341,séance,144,53
342,remettre,143,56
343,pierre,143,48
344,oui,143,58
345,plat,142,48
346,court,142,63
347,plan,142,49
348,appel,141,62
349,pièce,141,57
350,assistant,141,62
351,association,140,54
352,léger,139,49
353,retrouver,139,62
354,travers,139,59
355,regarder,139,59
356,cuir,139,53
357,journal,138,58
358,gramme,137,49
359,croix,136,55
360,travailler,136,59
361,film,136,41
362,ouvrir,135,59
363,signe,135,51
364,âme,135,56
365,mère,135,57
366,entrer,134,63
367,plaisir,134,59
368,but,134,58
369,kilomètre,133,57
370,course,133,48
371,annoncer,133,58
372,état,132,56
373,bleu,131,57
374,membre,131,59
375,accompagner,131,60
376,valeur,131,49
377,gagner,131,57
378,feuille,131,47
379,vendre,131,57
380,volume,131,56
381,méthode,131,49
382,charger,130,61
383,geste,130,61
384,tomber,130,58
385,complet,129,55
386,rapidement,129,58
387,tendre,129,59
388,présent,129,59
389,autant,129,57
390,apercevoir,128,52
391,montagne,128,51
392,âge,128,59
393,indiquer,128,57
394,maître,128,59
395,frais,128,60
396,vert,127,56
397,mission,127,38
398,choisir,127,55
399,utile,127,52
400,lac,127,42
401,pauvre,127,52
402,parent,126,56
403,aide,126,57
404,pèlerinage,126,50
405,cercle,126,48
406,chevalier,125,52
407,quartier,125,49
408,tard,125,57
409,utiliser,125,55
410,sujet,125,50
411,poids,124,43
412,lendemain,124,57
413,début,124,53
414,sorte,123,58
415,école,123,54
416,pâques,123,43
417,soin,122,56
418,attention,122,61
419,lumière,122,47
420,mlle,122,45
421,aider,121,55
422,passage,121,54
423,large,121,57
424,important,121,59
425,bureau,121,51
426,bis,120,43
427,hauteur,120,41
428,pont,120,44
429,femme,120,48
430,condition,120,57
431,fig,120,25
432,quitter,120,59
433,longueur,119,50
434,arrivée,119,51
435,construire,119,53
436,rédaction,119,59
437,joyeux,118,54
438,technique,118,52
439,voiture,118,46
440,aussitôt,118,56
441,intérieur,117,49
442,fleur,117,50
443,programme,117,53
444,parfait,117,56
445,descendre,117,52
446,franco,117,49
447,remercier,117,49
448,sortie,116,56
449,jeter,116,56
450,éviter,115,54
451,lancer,115,52
452,réaliser,115,52
453,novembre,115,43
454,sourire,115,56
455,loi,115,49
456,silence,115,49
457,loup,115,45
458,étude,114,56
459,branche,114,45
460,auto,114,52
461,illustrer,114,49
462,morceau,114,47
463,doute,114,54
464,annuel,113,64
465,chèque,113,58
466,manquer,113,57
467,diriger,113,58
468,dos,113,46
469,supérieur,113,50
470,sport,113,45
471,sentir,112,57
472,simplement,112,56
473,aventure,112,51
474,campeur,111,47
475,piste,111,50
476,drapeau,111,52
477,timbre,111,56
478,formation,111,46
479,bande,110,52
480,froid,110,49
481,nature,110,54
482,terrain,110,54
483,vraiment,109,61
484,face,109,51
485,couverture,109,50
486,décider,109,58
487,exercice,109,46
488,indien,109,44
489,bateau,108,43
490,clair,108,52
491,essayer,108,52
492,immense,108,53
493,trou,108,40
494,animal,107,44
495,représenter,107,58
496,visiter,106,47
497,sens,106,57
498,foulard,106,47
499,militaire,106,46
500,organisation,106,52
501,épreuve,106,44
502,table,105,46
503,naturel,105,52
504,conseiller,105,51
505,élever,105,56
506,occuper,105,52
507,pluie,105,43
508,chasse,105,42
509,ecrire,105,35
510,ombre,104,46
511,poser,104,53
512,envoi,104,43
513,action,104,49
514,foule,104,43
515,finir,104,51
516,chaud,103,47
517,village,103,46
518,qualité,103,51
519,manière,103,57
520,endroit,103,53
521,extrémité,103,39
522,cri,103,51
523,coucher,102,51
524,jambe,102,45
525,série,102,47
526,abbé,102,42
527,dur,101,53
528,mesure,101,47
529,garde,101,54
530,disposition,101,50
531,solide,101,53
532,cause,101,55
533,particulier,101,54
534,compter,101,49
535,exécuter,101,48
536,diocésain,101,47
537,étranger,100,50
538,joindre,100,51
539,entier,100,56
540,déjeuner,100,46
541,détail,100,51
542,jeunesse,100,51
543,marcher,100,46
544,entrain,100,51
545,foi,100,47
546,cheval,99,38
547,courant,99,53
548,contenir,99,49
549,taille,99,50
550,entraîner,99,48
551,mariage,99,42
552,expérience,99,47
553,jouer,98,50
554,dormir,98,52
555,libre,98,53
556,repos,98,48
557,croquis,98,35
558,étoile,98,37
559,atteindre,98,51
560,double,97,47
561,profond,97,48
562,raison,97,50
563,repas,97,49
564,empêcher,97,53
565,volant,97,35
566,enlever,97,54
567,garder,97,46
568,naissance,97,43
569,idéal,96,53
570,guide,96,40
571,tronc,96,45
572,intérêt,96,47
573,note,96,56
574,chanson,96,43
575,chapeau,95,50
576,emporter,95,43
577,accomplir,95,47
578,dîner,95,49
579,allumer,95,47
580,sœur,95,52
581,billet,95,36
582,rencontrer,94,50
583,étendre,94,48
584,administration,94,54
585,insigne,94,42
586,avance,94,49
587,fier,93,49
588,remplir,93,49
589,badge,93,53
590,manger,93,46
591,collection,93,36
592,avion,93,34
593,valoir,93,52
594,publier,93,45
595,mauvais,93,49
596,semaine,93,47
597,acheter,92,46
598,fanion,92,42
599,découvrir,92,53
600,art,92,49
601,réserver,92,53
602,volonté,92,55
603,constituer,92,47
604,célébrer,91,47
605,flamme,91,46
606,prévoir,91,46
607,conduire,91,47
608,particulièrement,91,49
609,secret,91,45
610,comité,91,38
611,secrétaire,91,49
612,recommander,91,51
613,rayon,90,41
614,scène,90,43
615,épaule,89,45
616,facile,89,50
617,facilement,89,50
618,propre,89,48
619,entourer,89,44
620,réponse,89,45
621,correspondre,89,40
622,mur,88,41
623,signaler,88,53
624,cardinal,88,36
625,espérer,88,49
626,impression,88,50
627,varier,88,47
628,dame,88,41
629,doux,88,49
630,bruit,88,41
631,parvenir,88,50
632,hiver,88,46
633,photographie,87,47
634,chambre,87,38
635,retraite,87,53
636,tourner,87,50
637,joli,87,40
638,novice,87,51
639,recherche,87,48
640,communion,87,41
641,excursion,87,39
642,préparation,86,45
643,naître,86,47
644,difficile,86,51
645,lourd,86,51
646,adieu,86,44
647,lit,86,42
648,posséder,86,50
649,dévouement,86,52
650,jeudi,86,36
651,malade,86,37
652,affiliation,86,41
653,veille,85,48
654,langue,85,40
655,couteau,85,33
656,genre,84,43
657,merveilleux,84,50
658,beal,84,45
659,gravure,84,44
660,présider,84,45
661,auteur,84,42
662,installer,84,50
663,difficulté,84,46
664,couper,83,46
665,sec,83,39
666,composer,83,49
667,intéresser,83,43
668,voisin,82,49
669,situation,82,44
670,lecteur,82,47
671,officier,81,37
672,délégation,81,43
673,pousser,81,50
674,peau,81,43
675,arme,81,42
676,bénédiction,81,41
677,rire,81,40
678,délégué,81,40
679,texte,81,40
680,trace,80,42
681,clan,80,44
682,dresser,80,42
683,cadre,80,41
684,armée,80,39
685,principal,80,42
686,sembler,80,41
687,remarquer,80,45
688,lait,80,38
689,actuellement,79,38
690,argent,79,47
691,mer,79,41
692,bête,79,34
693,fille,79,39
694,tenue,79,43
695,chrétien,79,41
696,arrière,79,40
697,doigt,79,36
698,position,79,32
699,traverser,79,38
700,système,79,36
701,cuire,79,24
702,raconter,79,46
703,œil,79,43
704,soldat,79,34
705,complètement,79,41
706,espèce,79,34
707,braise,79,14
708,charge,78,44
709,vierge,78,34
710,courage,78,48
711,mourir,78,40
712,danse,78,33
713,figure,78,37
714,avenir,78,48
715,voie,78,50
716,revoir,78,44
717,véritable,78,49
718,désir,78,50
719,marque,78,42
720,dérouler,78,43
721,fraternité,77,45
722,retourner,77,42
723,secours,77,38
724,fixe,77,40
725,somme,77,49
726,élève,77,35
727,créer,77,44
728,religieux,77,46
729,rejoindre,77,41
730,uniforme,77,38
731,fonder,77,40
732,président,77,39
733,cerf,77,20
734,sang,76,40
735,neige,76,40
736,avenue,76,44
737,rassemblement,76,37
738,rapport,76,41
739,couche,76,31
740,électrique,76,46
741,surface,76,29
742,polynésien,76,9
743,héroïque,75,40
744,relever,75,47
745,port,75,38
746,indispensable,75,45
747,distance,75,38
748,ennemi,75,38
749,planche,75,32
750,établir,75,41
751,pourtant,75,43
752,séparer,75,44
753,bûche,75,8
754,profiter,74,50
755,inconnu,74,40
756,vitesse,74,46
757,lion,74,33
758,amusant,74,35
759,vaste,74,40
760,science,74,41
761,plante,74,27
762,allure,74,35
763,fumée,74,31
764,liste,74,38
765,propagande,74,38
766,poche,73,39
767,message,73,33
768,fameux,73,42
769,ecole,73,36
770,expliquer,73,47
771,avis,73,38
772,décéder,73,33
773,espoir,73,48
774,base,73,35
775,connaissance,73,46
776,compagnon,73,42
777,retirer,73,45
778,carré,72,31
779,crier,72,39
780,samedi,72,37
781,saluer,72,42
782,amour,72,37
783,date,72,41
784,augmenter,72,41
785,roman,72,39
786,affaire,72,46
787,courir,72,42
788,accepter,72,39
789,rouler,72,41
790,leçon,72,39
791,curé,72,41
792,précieux,72,44
793,laisse,72,38
794,auprès,72,46
795,pointe,72,38
796,rivière,72,39
797,peuple,72,30
798,mener,71,45
799,récit,71,40
800,fournir,71,45
801,camarade,71,40
802,champ,71,41
803,vivant,71,47
804,maintenir,71,44
805,allemand,71,32
806,boulevard,71,39
807,ferme,70,41
808,gris,70,45
809,sûr,70,41
810,pain,70,31
811,pur,70,42
812,acquérir,70,44
813,été,70,44
814,oreille,70,43
815,coq,70,30
816,chaleur,70,38
817,maximum,70,39
818,compagnie,70,35
819,truc,70,33
820,piquet,69,23
821,exposition,69,31
822,regard,69,42
823,foyer,69,34
824,disposer,69,40
825,voyageur,69,35
826,goût,69,41
827,fatigue,69,41
828,accueil,69,41
829,aigle,69,39
830,remplacer,69,39
831,sérieux,69,44
832,participer,69,38
833,fruit,69,38
834,fraternel,69,42
835,environ,69,42
836,règle,69,30
837,usage,68,42
838,rally,68,29
839,côte,68,32
840,principe,68,41
841,iii,68,43
842,songer,68,42
843,changer,68,41
844,remonter,68,39
845,jaune,68,37
846,manifestation,68,34
847,costume,68,37
848,acte,68,37
849,populaire,68,38
850,scoutmestre,68,32
851,extérieur,67,41
852,largeur,67,28
853,battre,67,39
854,toucher,67,41
855,conserver,67,44
856,grouper,67,44
857,catalogue,67,45
858,scoute,67,41
859,correspondance,67,36
860,inviter,67,42
861,millimètre,67,33
862,glisser,67,41
863,circonstance,67,40
864,soirée,67,43
865,personne,67,40
866,enthousiasme,67,40
867,centimètre,66,30
868,retenir,66,45
869,bicyclette,66,37
870,formidable,66,46
871,apparaître,66,37
872,construction,66,35
873,attacher,66,41
874,victoire,66,30
875,solution,66,35
876,achever,66,43
877,aile,66,28
878,salut,66,34
879,exister,66,41
880,visage,66,35
881,prononcer,66,46
882,montre,66,42
883,prise,66,37
884,attirer,65,42
885,lampe,65,30
886,fermer,65,34
887,marin,65,35
888,manche,65,29
889,commande,65,43
890,fidèle,65,40
891,dévoué,65,36
892,rôle,65,39
893,soudain,64,38
894,tombe,64,36
895,docteur,64,31
896,ramener,64,34
897,statue,64,29
898,ours,64,34
899,carnet,64,33
900,lasso,64,34
901,emplacement,64,35
902,marquer,64,42
903,américain,64,41
904,abonné,64,31
905,dépasser,64,38
906,approcher,64,39
907,développer,64,42
908,noter,64,39
909,engager,64,41
910,observer,64,38
911,promettre,64,43
912,lier,64,38
913,écouter,64,41
914,dessiner,63,30
915,danger,63,37
916,goûter,63,41
917,xvi,63,41
918,couvrir,63,39
919,saison,63,36
920,avancer,63,34
921,montant,63,36
922,recueillir,63,41
923,amener,63,40
924,party,63,36
925,recouvrir,63,34
926,œuf,63,32
927,parfaitement,62,37
928,moitié,62,37
929,evêque,62,31
930,repartir,62,38
931,ardeur,62,41
932,accident,62,34
933,étudier,62,31
934,observation,62,40
935,séjour,62,35
936,spécialement,62,43
937,type,62,38
938,signal,62,35
939,erreur,62,39
940,herbe,62,35
941,plaque,62,28
942,image,61,35
943,entièrement,61,44
944,consacrer,61,36
945,commun,61,37
946,spectacle,61,32
947,transporter,61,33
948,serrer,61,37
949,lieutenant,61,25
950,fabriquer,61,40
951,mystérieux,61,38
952,abri,61,38
953,titre,61,36
954,grave,61,44
955,disparaître,61,38
956,pourcent,61,37
957,neuf,61,36
958,artiste,61,32
959,musique,61,35
960,peur,61,36
961,constater,61,38
962,manuel,60,38
963,certainement,60,38
964,entrée,60,36
965,siècle,60,42
966,superbe,60,37
967,actif,60,37
968,bonheur,60,35
969,ouvrage,60,34
970,total,60,37
971,nommer,60,39
972,nid,60,21
973,bain,60,37
974,château,60,35
975,splendide,60,40
976,obliger,60,36
977,eclaireur,59,31
978,sauter,59,32
979,discipline,59,34
980,sauver,59,38
981,grandeur,59,33
982,quotidien,59,41
983,faute,59,37
984,sommet,59,38
985,agent,59,42
986,collège,59,33
987,inutile,59,36
988,agréable,59,36
989,fil,59,32
990,avantage,59,31
991,lundi,59,36
992,kaki,58,30
993,calme,58,34
994,brûler,58,34
995,curieux,58,40
996,vol,58,32
997,fédéral,58,37
998,précédent,58,39
999,parisien,58,38
1000,incendie,58,33
1001,reconnaissance,58,39
1002,signer,58,36
1003,puissant,58,37
1004,conférence,58,30
1005,plupart,58,36
1006,cour,58,32
1007,élément,58,38
1008,réveiller,57,31
1009,cloche,57,13
1010,demain,57,32
1011,savant,57,26
1012,vii,57,37
1013,inscription,57,32
1014,propriété,57,31
1015,chien,57,31
1016,accueillir,57,37
1017,hôtel,57,27
1018,utilité,57,35
1019,mémoire,57,39
1020,pâte,57,20
1021,ministre,57,22
1022,publicité,56,34
1023,mât,56,30
1024,décrire,56,33
1025,midi,56,42
1026,transmettre,56,37
1027,lutte,56,33
1028,représentant,56,37
1029,cherche,56,38
1030,vivement,56,40
1031,moderne,56,33
1032,abandonner,56,32
1033,régner,56,41
1034,patte,56,30
1035,habitude,56,38
1036,étonner,56,36
1037,payer,56,36
1038,pénétrer,56,39
1039,époque,56,33
1040,conduite,55,37
1041,reposer,55,43
1042,émotion,55,35
1043,net,55,38
1044,verre,55,22
1045,lentement,55,36
1046,colonial,55,27
1047,chic,55,39
1048,impossible,55,33
1049,congrès,55,26
1050,central,55,28
1051,tôt,55,40
1052,cesser,55,37
1053,machine,55,34
1054,protéger,55,32
1055,doucement,55,33
1056,défaut,55,36
1057,isolé,55,29
1058,don,55,37
1059,automobile,55,28
1060,litre,55,32
1061,tigre,55,25
1062,personnel,54,41
1063,monte,54,34
1064,transport,54,30
1065,maréchal,54,25
1066,combat,54,33
1067,répéter,54,38
1068,soutenir,54,38
1069,frapper,54,36
1070,affilier,54,34
1071,horizon,54,35
1072,évêque,54,32
1073,pensée,54,35
1074,exercer,54,34
1075,sympathique,54,39
1076,presse,54,34
1077,indication,54,34
1078,campement,54,34
1079,rare,54,32
1080,chaussure,54,26
1081,refuser,53,35
1082,heureusement,53,35
1083,bataille,53,30
1084,voler,53,35
1085,mandat,53,32
1086,changement,53,40
1087,nourriture,53,30
1088,présentation,53,37
1089,assistance,53,34
1090,tableau,53,33
1091,aîné,53,36
1092,genou,53,33
1093,légèrement,53,35
1094,découverte,53,29
1095,hésiter,53,38
1096,commandant,53,32
1097,individuel,53,31
1098,physique,53,35
1099,pomme,53,25
1100,essai,53,32
1101,proposer,53,39
1102,grotte,53,22
1103,chocolat,52,26
1104,confiance,52,30
1105,vallée,52,33
1106,société,52,33
1107,enseignement,52,30
1108,durée,52,35
1109,lune,52,30
1110,salon,52,28
1111,ardent,52,34
1112,royal,52,30
1113,émouvant,52,35
1114,fondre,52,30
1115,terrible,51,33
1116,remise,51,40
1117,admirer,51,34
1118,ordinaire,51,32
1119,artistique,51,34
1120,suffire,51,35
1121,progrès,51,36
1122,asseoir,51,34
1123,huile,51,27
1124,quai,51,33
1125,adapter,51,31
1126,destiner,50,33
1127,campagne,50,35
1128,confier,50,33
1129,eglise,50,30
1130,veiller,50,32
1131,réserve,50,40
1132,verser,50,26
1133,écarter,50,30
1134,bouche,50,32
1135,étrange,50,33
1136,expédition,50,31
1137,trait,50,27
1138,plume,50,28
1139,appartenir,50,31
1140,caisse,50,33
1141,paix,50,35
1142,front,50,32
1143,édition,50,27
1144,émouvoir,50,34
1145,digne,50,31
1146,roue,50,31
1147,parcourir,50,37
1148,rêve,50,29
1149,méridien,50,11
1150,rédacteur,49,37
1151,toit,49,29
1152,exiger,49,31
1153,refrain,49,20
1154,brusquement,49,32
1155,rapporter,49,34
1156,appliquer,49,36
1157,gai,49,36
1158,passionnant,49,35
1159,choix,49,34
1160,endormir,49,35
1161,provision,49,24
1162,jardin,49,31
1163,chapitre,49,22
1164,dangereux,49,31
1165,instruction,49,36
1166,portée,49,34
1167,caractère,49,32
1168,produire,49,30
1169,éclairer,49,34
1170,comte,49,28
1171,prêtre,49,29
1172,développement,49,39
1173,poêle,48,17
1174,moteur,48,25
1175,hommage,48,22
1176,précéder,48,36
1177,relier,48,27
1178,présente,48,33
1179,guère,48,34
1180,préciser,48,36
1181,contact,48,31
1182,saisir,48,38
1183,vœu,48,31
1184,grec,48,17
1185,présidence,48,33
1186,rassembler,48,31
1187,visible,48,34
1188,livrer,47,32
1189,craindre,47,34
1190,crayon,47,22
1191,sauvage,47,31
1192,apprécier,47,31
1193,réfléchir,47,32
1194,rond,47,32
1195,tuer,47,34
1196,cacher,47,33
1197,concerner,47,33
1198,creuser,47,25
1199,enfoncer,47,33
1200,intense,47,33
1201,cesse,47,33
1202,surprise,47,33
1203,félicitation,47,32
1204,écorce,47,30
1205,sentier,47,29
1206,commerce,47,30
1207,rencontre,47,35
1208,immédiatement,47,33
1209,etranger,47,35
1210,magasin,46,28
1211,ouverture,46,30
1212,canoë,46,13
1213,énergie,46,30
1214,élevé,46,35
1215,tenter,46,34
1216,confort,46,27
1217,effectuer,46,32
1218,vide,46,32
1219,bouger,46,24
1220,pose,46,26
1221,discours,46,28
1222,naturellement,46,33
1223,allocution,46,34
1224,démonstration,46,23
1225,opération,46,35
1226,coupe,46,29
1227,silencieux,46,33
1228,tirage,46,33
1229,maman,46,20
1230,éteindre,46,28
1231,parc,46,30
1232,exposer,46,37
1233,poursuivre,46,33
1234,moral,46,31
1235,réel,45,31
1236,ceinture,45,30
1237,profondeur,45,28
1238,chance,45,35
1239,navigation,45,24
1240,navire,45,20
1241,célèbre,45,34
1242,exact,45,31
1243,fabrication,45,32
1244,correspondant,45,32
1245,viande,45,27
1246,charme,45,25
1247,parti,45,33
1248,santé,45,25
1249,récemment,45,32
1250,métal,45,26
1251,préférence,45,28
1252,relation,45,30
1253,usine,45,23
1254,bénir,45,28
1255,évidemment,45,35
1256,insecte,45,17
1257,chapelle,45,34
1258,dimension,45,32
1259,promenade,45,31
1260,fiançaille,45,27
1261,procédé,45,29
1262,exprimer,45,33
1263,procession,45,23
1264,protecteur,45,30
1265,bagage,45,25
1266,précision,45,33
1267,unir,44,34
1268,inspirer,44,34
1269,réception,44,29
1270,admirable,44,31
1271,renouveler,44,34
1272,davantage,44,30
1273,patrie,44,30
1274,examen,44,29
1275,contraire,44,33
1276,seconde,44,26
1277,imprimer,44,30
1278,élan,44,30
1279,quelquefois,44,31
1280,capable,44,29
1281,téléphone,44,30
1282,intention,44,27
1283,juger,44,32
1284,fonction,44,29
1285,accessoire,44,32
1286,percer,44,26
1287,adjoint,44,29
1288,distinguer,44,30
1289,sain,44,26
1290,prêter,44,32
1291,section,44,26
1292,remarquable,44,33
1293,inscrire,44,29
1294,camping,44,29
1295,pratiquer,44,30
1296,missionnaire,44,25
1297,siège,44,29
1298,coton,43,25
1299,voile,43,19
1300,vêtement,43,28
1301,habitant,43,26
1302,veillée,43,30
1303,imposer,43,32
1304,signalisation,43,26
1305,pentecôte,43,22
1306,rive,43,26
1307,événement,43,33
1308,réveil,43,30
1309,thé,43,29
1310,chasser,43,23
1311,quart,43,33
1312,cité,43,29
1313,souple,43,31
1314,autorité,43,30
1315,tribu,43,29
1316,assurance,43,24
1317,cotisation,43,22
1318,aiguille,43,20
1319,désigner,43,27
1320,illustration,43,30
1321,convier,43,33
1322,sacrifice,43,27
1323,humeur,43,30
1324,diamètre,43,22
1325,brin,43,12
1326,ignorer,43,29
1327,joueur,43,12
1328,social,43,23
1329,peinture,43,17
1330,enveloppe,42,28
1331,éditer,42,28
1332,marine,42,28
1333,culotte,42,23
1334,arracher,42,31
1335,poitrine,42,23
1336,blessé,42,24
1337,liberté,42,23
1338,découper,42,29
1339,toutefois,42,31
1340,traiter,42,33
1341,énorme,42,28
1342,féliciter,42,28
1343,vicaire,42,26
1344,anniversaire,42,26
1345,allumette,42,15
1346,brillant,42,29
1347,souhaiter,42,31
1348,fondation,42,26
1349,théâtre,42,24
1350,absolument,42,32
1351,admettre,42,30
1352,ecclésiastique,42,37
1353,affiche,42,20
1354,preuve,42,31
1355,café,42,25
1356,emploi,42,23
1357,catalogu,42,31
1358,peindre,42,26
1359,hier,42,22
1360,menu,42,25
1361,supporter,41,26
1362,rapprocher,41,33
1363,boire,41,26
1364,capitaine,41,21
1365,minimum,41,33
1366,pleurer,41,24
1367,écrier,41,32
1368,pittoresque,41,33
1369,manque,41,30
1370,délicieux,41,33
1371,étape,41,20
1372,centaine,41,33
1373,seigneur,41,28
1374,généreux,41,30
1375,talent,41,27
1376,gratuitement,41,29
1377,ouvrier,41,22
1378,révéler,41,30
1379,adversaire,41,18
1380,office,41,28
1381,sécher,41,25
1382,mouton,41,20
1383,reporter,41,27
1384,extraordinaire,41,31
1385,maladie,41,24
1386,briser,41,29
1387,futur,41,29
1388,vaillant,41,26
1389,nuage,41,25
1390,amuser,41,29
1391,sel,41,20
1392,épais,41,27
1393,chœur,41,20
1394,palais,41,22
1395,canadien,40,20
1396,rocher,40,26
1397,pyramide,40,14
1398,puissance,40,27
1399,figurer,40,31
1400,sympathie,40,34
1401,sonner,40,22
1402,angle,40,24
1403,malheureusement,40,32
1404,demi,40,34
1405,lèvre,40,30
1406,échapper,40,30
1407,sable,40,28
1408,détacher,40,29
1409,historique,40,27
1410,latin,40,21
1411,coûter,40,27
1412,lointain,40,29
1413,plaine,40,30
1414,chanoine,40,27
1415,noble,40,28
1416,casser,40,30
1417,ballon,40,21
1418,hirondelle,40,26
1419,catégorie,40,21
1420,sentiment,40,31
1421,exemplaire,40,25
1422,poudre,40,28
1423,talon,40,21
1424,considérer,40,28
1425,glace,40,18
1426,défendre,40,30
1427,munir,40,31
1428,règlement,40,28
1429,chanton,40,31
1430,cent,39,24
1431,bref,39,29
1432,défiler,39,29
1433,suspendre,39,28
1434,contribuer,39,30
1435,vertical,39,22
1436,index,39,8
1437,marmite,39,19
1438,secourisme,39,26
1439,palba,39,25
1440,incliner,39,20
1441,terme,39,28
1442,hospitalité,39,26
1443,procurer,39,30
1444,ascension,39,26
1445,vertu,39,21
1446,caoutchouc,39,21
1447,gérant,39,39
1448,éducation,39,28
1449,cie,39,7
1450,rose,39,23
1451,communication,39,26
1452,satisfaction,39,32
1453,déclarer,39,28
1454,sifflet,39,26
1455,jungle,39,25
1456,réduit,39,30
1457,acier,39,26
1458,agence,39,27
1459,taire,38,26
1460,bondir,38,29
1461,rang,38,25
1462,piété,38,29
1463,prouver,38,27
1464,chemise,38,28
1465,unité,38,25
1466,lent,38,29
1467,queue,38,20
1468,précipiter,38,25
1469,franchir,38,27
1470,tradition,38,26
1471,déposer,38,28
1472,cathédrale,38,21
1473,plier,38,30
1474,conter,38,23
1475,devise,38,23
1476,inoubliable,38,29
1477,atelier,38,31
1478,italien,38,20
1479,prévenir,38,28
1480,beauté,38,32
1481,kilo,38,14
1482,période,38,25
1483,personnage,38,25
1484,éclaireur,38,20
1485,médecin,38,22
1486,mercredi,38,27
1487,matière,38,29
1488,monument,38,28
1489,arrêt,37,26
1490,importance,37,24
1491,défilé,37,22
1492,réalisation,37,25
1493,montage,37,21
1494,classer,37,26
1495,confortable,37,25
1496,charmant,37,29
1497,approche,37,28
1498,surprendre,37,24
1499,direct,37,21
1500,pencher,37,27
1501,indique,37,24
1502,moindre,37,28
1503,pleuvoir,37,24
1504,moto,37,24
1505,soulever,37,29
1506,examiner,37,30
1507,filet,37,24
1508,escoute,37,27
1509,style,37,22
1510,paysage,37,28
1511,hôpital,37,27
1512,dominer,37,27
1513,traduire,37,31
1514,poisson,37,24
1515,coutume,37,26
1516,limite,37,30
1517,nombreux,37,29
1518,aliment,37,27
1519,nager,37,15
1520,accorder,37,25
1521,mêler,37,24
1522,sommeil,37,25
1523,professeur,37,25
1524,compléter,37,27
1525,ranger,37,26
1526,inspection,37,24
1527,sire,37,10
1528,suédois,37,10
1529,plaire,36,27
1530,colonne,36,27
1531,réglementaire,36,24
1532,violent,36,22
1533,phrase,36,27
1534,colline,36,21
1535,reproduire,36,22
1536,sombre,36,23
1537,éclater,36,29
1538,emmener,36,26
1539,maire,36,26
1540,pionnier,36,27
1541,pouce,36,17
1542,sécurité,36,25
1543,habituel,36,28
1544,inférieur,36,26
1545,abattre,36,26
1546,abonner,36,18
1547,traversée,36,28
1548,dent,36,25
1549,portrait,36,22
1550,triste,36,24
1551,tas,36,20
1552,original,36,31
1553,musée,36,28
1554,cantique,36,24
1555,station,36,25
1556,régler,36,29
1557,solennel,36,24
1558,répandre,36,28
1559,fait,36,30
1560,retard,36,26
1561,décoration,36,25
1562,instrument,36,24
1563,recommencer,36,27
1564,brave,36,29
1565,quantité,36,27
1566,colonel,36,19
1567,soigner,36,24
1568,etat,36,25
1569,disque,36,13
1570,scouter,35,31
1571,population,35,21
1572,imaginer,35,24
1573,cou,35,24
1574,humain,35,22
1575,totem,35,16
1576,tourisme,35,27
1577,horizontal,35,19
1578,nez,35,25
1579,bouillant,35,21
1580,gratuit,35,26
1581,orner,35,29
1582,gloire,35,27
1583,luxe,35,25
1584,éloigner,35,27
1585,longuement,35,25
1586,remerciement,35,30
1587,mensuel,35,30
1588,canon,35,18
1589,diviser,35,25
1590,décorer,35,28
1591,échanger,35,26
1592,gouverneur,35,22
1593,tâche,35,26
1594,gaieté,35,25
1595,fonctionner,35,27
1596,préférer,35,25
1597,diocèse,35,24
1598,lumineux,35,26
1599,amateur,35,24
1600,rubrique,35,27
1601,applaudir,35,28
1602,vendredi,35,27
1603,champignon,35,11
1604,ovomaltine,34,11
1605,imperméable,34,23
1606,commandement,34,26
1607,organisateur,34,24
1608,empreinte,34,20
1609,col,34,21
1610,industriel,34,23
1611,égal,34,24
1612,pousse,34,22
1613,record,34,19
1614,réseau,34,20
1615,conte,34,18
1616,blesser,34,24
1617,monseigneur,34,22
1618,vaincre,34,23
1619,race,34,21
1620,faible,34,29
1621,perfectionner,34,28
1622,millier,34,24
1623,plonger,34,27
1624,fenêtre,34,21
1625,protection,34,23
1626,brochure,34,24
1627,format,34,26
1628,contenter,34,27
1629,printemps,34,22
1630,entraînement,34,21
1631,gaz,34,28
1632,retentir,34,23
1633,bulletin,34,22
1634,délicat,34,24
1635,appuyer,34,28
1636,affirmer,34,21
1637,concentrer,34,30
1638,actuel,34,27
1639,vibrant,34,27
1640,investiture,34,24
1641,indigène,34,18
1642,espace,34,25
1643,soumettre,34,25
1644,gré,34,24
1645,duc,34,18
1646,autel,34,24
1647,explorateur,34,18
1648,normal,34,24
1649,mardi,34,28
1650,problème,34,20
1651,fatiguer,34,25
1652,lot,34,14
1653,rêver,34,25
1654,réjouir,34,27
1655,archevêque,34,24
1656,formule,34,20
1657,hasard,34,28
1658,délivrer,34,19
1659,beurre,34,13
1660,mode,34,20
1661,ingénieur,34,21
1662,soigneusement,33,26
1663,manœuvre,33,25
1664,minuit,33,23
1665,presser,33,22
1666,patron,33,27
1667,souffrir,33,24
1668,remporter,33,27
1669,insérer,33,25
1670,fromage,33,19
1671,pente,33,27
1672,succéder,33,27
1673,résoudre,33,26
1674,faux,33,24
1675,tracer,33,26
1676,regagner,33,23
1677,capitale,33,22
1678,épuiser,33,20
1679,dollar,33,22
1680,porteur,33,19
1681,prétendre,33,23
1682,flèche,33,18
1683,fêter,33,23
1684,secrétariat,33,24
1685,occupation,33,28
1686,rouleau,33,21
1687,alerte,33,22
1688,unique,33,29
1689,affût,33,23
1690,paroisse,33,23
1691,épaisseur,33,22
1692,essentiel,33,26
1693,allonger,33,22
1694,situer,33,25
1695,fou,33,24
1696,habileté,33,22
1697,randonnée,33,27
1698,altitude,33,25
1699,conquérir,33,25
1700,légume,33,21
1701,champagne,33,18
1702,séminaire,33,27
1703,âgé,33,22
1704,dépense,33,24
1705,domaine,33,23
1706,matinée,33,26
1707,canot,33,13
1708,paquebot,33,17
1709,cuisinier,32,24
1710,tissu,32,22
1711,aspect,32,25
1712,tempête,32,18
1713,atmosphère,32,26
1714,héros,32,23
1715,christ,32,21
1716,entreprendre,32,26
1717,commander,32,25
1718,charité,32,23
1719,couplet,32,15
1720,réalité,32,30
1721,alouette,32,21
1722,laine,32,19
1723,académie,32,15
1724,rude,32,24
1725,mince,32,24
1726,coudre,32,18
1727,sémaphore,32,22
1728,reproduction,32,24
1729,adaptation,32,25
1730,vérité,32,23
1731,procéder,32,25
1732,initiative,32,25
1733,détruire,32,22
1734,attaquer,32,25
1735,gorge,32,20
1736,fusil,32,20
1737,médaille,32,26
1738,source,32,23
1739,forcer,32,25
1740,aimable,32,29
1741,dépendre,32,24
1742,autorisation,32,22
1743,organisme,32,18
1744,haricot,32,13
1745,généralement,32,23
1746,pénible,32,25
1747,existence,32,23
1748,troupeau,32,17
1749,sacrer,32,20
1750,site,32,25
1751,richesse,32,14
1752,fermeture,32,17
1753,semelle,32,16
1754,économique,31,19
1755,vague,31,23
1756,creux,31,24
1757,barre,31,13
1758,étendard,31,15
1759,élégant,31,25
1760,sapin,31,23
1761,couler,31,22
1762,pareil,31,25
1763,attaque,31,26
1764,tourne,31,22
1765,produit,31,23
1766,pèlerin,31,19
1767,mont,31,27
1768,identité,31,24
1769,écho,31,21
1770,divin,31,23
1771,album,31,16
1772,odeur,31,22
1773,demeure,31,22
1774,joyeusement,31,24
1775,tarif,31,21
1776,propos,31,22
1777,savon,31,17
1778,métallique,31,23
1779,éprouver,31,25
1780,collectif,31,16
1781,photographique,31,23
1782,pin,31,21
1783,mousse,31,22
1784,chute,31,22
1785,récréatif,31,21
1786,tranquille,31,23
1787,douter,31,24
1788,patronage,31,23
1789,nécessité,31,25
1790,lacet,31,12
1791,accord,31,26
1792,faveur,31,24
1793,essence,31,18
1794,espagnol,31,17
1795,inconvénient,31,19
1796,cliché,31,16
1797,ecureuil,31,15
1798,sommaire,31,28
1799,édredon,31,15
1800,littéraire,31,26
1801,île,30,21
1802,attache,30,22
1803,humble,30,19
1804,bas,30,23
1805,masse,30,21
1806,cheveu,30,24
1807,nettoyer,30,22
1808,circulaire,30,18
1809,profondément,30,25
1810,opposer,30,22
1811,durer,30,23
1812,régulièrement,30,24
1813,silhouette,30,22
1814,dieu,30,21
1815,aigrette,30,23
1816,anneau,30,15
1817,agiter,30,25
1818,nouvelle,30,24
1819,souffler,30,20
1820,assemblée,30,22
1821,traîner,30,23
1822,pleinement,30,25
1823,souci,30,24
1824,piquer,30,18
1825,transformer,30,24
1826,chaîne,30,24
1827,cortège,30,22
1828,profit,30,24
1829,éclat,30,26
1830,convenir,30,23
1831,encre,30,19
1832,régulier,30,22
1833,serpent,30,17
1834,tailler,30,20
1835,considérable,30,22
1836,planter,30,24
1837,réclame,30,27
1838,citer,30,27
1839,lecture,30,25
1840,bœuf,30,20
1841,faciliter,30,23
1842,fourniture,30,17
1843,banlieue,30,23
1844,légende,30,18
1845,projet,30,25
1846,paume,30,8
1847,berger,30,10
1848,crêpe,30,14
1849,industrie,30,23
1850,courroie,29,16
1851,métier,29,20
1852,exécution,29,26
1853,suisse,29,17
1854,lanterne,29,16
1855,mimer,29,21
1856,nettement,29,19
1857,marchand,29,22
1858,crainte,29,20
1859,renard,29,18
1860,panthère,29,17
1861,installation,29,23
1862,tire,29,21
1863,cadeau,29,18
1864,nord,29,23
1865,mondial,29,21
1866,avertir,29,23
1867,réflexion,29,24
1868,paroi,29,22
1869,subir,29,24
1870,faim,29,24
1871,précaution,29,23
1872,vain,29,27
1873,lien,29,22
1874,lyonnais,29,22
1875,semer,29,24
1876,recette,29,21
1877,parer,29,21
1878,conséquence,29,26
1879,couvert,29,23
1880,civil,29,19
1881,souffle,29,21
1882,bouton,29,19
1883,ficelle,29,16
1884,consister,29,25
1885,conscience,29,16
1886,immédiat,29,21
1887,hôte,29,18
1888,étiquette,29,19
1889,mœur,29,22
1890,cage,29,9
1891,habiter,29,20
1892,user,29,20
1893,grandir,29,24
1894,comporter,29,23
1895,innombrable,29,23
1896,causer,29,19
1897,jouet,29,18
1898,influence,29,18
1899,urgence,29,21
1900,aimablement,29,22
1901,échange,29,23
1902,oignon,29,16
1903,interdire,29,24
1904,carrière,29,17
1905,croiser,28,25
1906,drap,28,20
1907,supplément,28,22
1908,tendeur,28,16
1909,exceptionnel,28,26
1910,risque,28,22
1911,humide,28,24
1912,cendre,28,15
1913,accourir,28,18
1914,poing,28,20
1915,niveau,28,20
1916,sale,28,23
1917,brancard,28,15
1918,verticalement,28,21
1919,vin,28,21
1920,classement,28,21
1921,louer,28,21
1922,regretter,28,21
1923,abondant,28,22
1924,manifester,28,25
1925,romain,28,23
1926,efforcer,28,23
1927,blessure,28,22
1928,étoffe,28,20
1929,nation,28,17
1930,police,28,23
1931,cavalier,28,13
1932,promener,28,22
1933,maritime,28,20
1934,observatoire,28,12
1935,paysan,28,16
1936,dégager,28,24
1937,tournoi,28,15
1938,merveille,28,22
1939,rompre,28,19
1940,lance,28,18
1941,bambou,28,14
1942,supposer,28,19
1943,poumon,28,11
1944,espérance,28,21
1945,remarque,28,18
1946,comptoir,28,17
1947,guerrier,28,15
1948,passé,28,20
1949,absence,28,25
1950,hebdomadaire,28,20
1951,pèr,28,16
1952,nutritif,28,20
1953,recouvrement,28,28
1954,pampold,28,10
1955,tapis,27,18
1956,kilogramme,27,13
1957,replier,27,17
1958,embarquer,27,24
1959,parcours,27,18
1960,participation,27,21
1961,chevauchée,27,14
1962,vache,27,20
1963,aspirant,27,18
1964,ment,27,21
1965,toilette,27,21
1966,vérifier,27,21
1967,adopter,27,21
1968,dizaine,27,24
1969,récipient,27,17
1970,rechercher,27,21
1971,équipement,27,23
1972,fauve,27,17
1973,avouer,27,23
1974,instructeur,27,20
1975,spirituel,27,23
1976,ter,27,19
1977,insister,27,23
1978,négliger,27,20
1979,discuter,27,22
1980,charbon,27,16
1981,arc,27,16
1982,robuste,27,20
1983,accrocher,27,21
1984,clou,27,19
1985,tache,27,22
1986,balle,27,12
1987,vision,27,22
1988,dernièrement,27,21
1989,proportion,27,23
1990,télégramme,27,19
1991,joue,27,16
1992,pêche,27,18
1993,modeste,27,21
1994,prisonnier,27,16
1995,voyager,27,18
1996,effectif,27,24
1997,intelligence,27,20
1998,prairie,27,23
1999,auparavant,27,23
2000,vapeur,27,13
2001,explication,27,20
2002,précis,27,23
2003,rapidité,27,20
2004,échelle,27,15
2005,mélodie,27,13
2006,demeurer,27,21
2007,arabe,27,17
2008,extrait,27,23
2009,désert,27,19
2010,acclamer,27,20
2011,disperser,27,19
2012,éditeur,27,21
2013,invitation,27,20
2014,ecorce,27,25
2015,trappeur,27,16
2016,annonce,27,20
2017,équipe,27,18
2018,secteur,27,12
2019,équipage,26,16
2020,sauvetage,26,21
2021,écraser,26,22
2022,évoquer,26,24
2023,application,26,21
2024,soulier,26,21
2025,frotter,26,18
2026,expression,26,16
2027,réduire,26,21
2028,réparer,26,18
2029,plage,26,20
2030,escalier,26,17
2031,critique,26,18
2032,regret,26,22
2033,engagement,26,21
2034,jésus,26,20
2035,pâle,26,23
2036,lorrain,26,20
2037,guider,26,20
2038,solidement,26,20
2039,four,26,16
2040,oser,26,22
2041,écoute,26,17
2042,couture,26,14
2043,résumé,26,24
2044,clef,26,15
2045,responsabilité,26,18
2046,concurrent,26,20
2047,vaisseau,26,14
2048,secouer,26,20
2049,rectangle,26,14
2050,couloir,26,17
2051,mérite,26,22
2052,poussière,26,14
2053,témoigner,26,23
2054,hâter,26,20
2055,riche,26,20
2056,cordial,26,19
2057,douleur,26,18
2058,communiquer,26,22
2059,pélican,26,12
2060,ressembler,26,20
2061,farine,26,10
2062,fortement,26,22
2063,gardien,26,19
2064,renfermer,26,23
2065,colère,26,21
2066,nourrir,26,19
2067,autoriser,26,21
2068,brise,26,17
2069,provoquer,26,19
2070,égarer,26,23
2071,ourse,26,13
2072,club,26,20
2073,spectateur,26,21
2074,distribution,26,18
2075,imagination,26,19
2076,extrême,26,20
2077,mouche,26,9
2078,métro,26,20
2079,marseille,26,18
2080,aviron,26,12
2081,débrouillard,26,21
2082,couvercle,25,18
2083,tremper,25,19
2084,résister,25,21
2085,embarcation,25,13
2086,raid,25,17
2087,alimenter,25,23
2088,entretenir,25,24
2089,hache,25,14
2090,solidité,25,21
2091,larme,25,17
2092,administrateur,25,18
2093,organe,25,22
2094,commission,25,16
2095,aviation,25,13
2096,possession,25,17
2097,réparation,25,19
2098,hurlement,25,23
2099,nocturne,25,21
2100,témoin,25,21
2101,excuser,25,22
2102,désagréable,25,23
2103,sort,25,22
2104,signifier,25,17
2105,conversation,25,17
2106,border,25,20
2107,issue,25,22
2108,victime,25,18
2109,récent,25,19
2110,conclure,25,21
2111,pourvoir,25,20
2112,grimper,25,16
2113,sincère,25,22
2114,file,25,21
2115,répartir,25,23
2116,honorer,25,23
2117,fortune,25,16
2118,exploration,25,22
2119,illustre,25,18
2120,noyer,25,15
2121,composition,25,15
2122,chiffre,25,18
2123,planchette,25,12
2124,concevoir,25,19
2125,brusque,25,20
2126,graisse,25,13
2127,gymnastique,25,17
2128,carrefour,25,16
2129,pieux,25,21
2130,chaise,25,15
2131,représentation,25,20
2132,flot,25,22
2133,chameau,25,14
2134,scientifique,25,15
2135,siffler,25,20
2136,automne,25,20
2137,chalet,25,9
2138,éloigné,25,19
2139,inquiet,25,22
2140,obéir,25,18
2141,boue,25,15
2142,bouillir,25,17
2143,mine,25,16
2144,accent,25,14
2145,libraire,25,22
2146,imprimerie,25,24
2147,coffre,25,9
2148,pivot,25,4
2149,extra,24,14
2150,aluminium,24,17
2151,plateau,24,17
2152,boule,24,14
2153,marché,24,19
2154,impeccable,24,20
2155,lueur,24,21
2156,ouest,24,20
2157,flanc,24,19
2158,éveiller,24,18
2159,vis,24,17
2160,étroit,24,19
2161,prion,24,22
2162,récompense,24,18
2163,vieillard,24,16
2164,bougie,24,14
2165,deviner,24,18
2166,triomphe,24,19
2167,prime,24,20
2168,violet,24,18
2169,priver,24,20
2170,générosité,24,18
2171,bivouac,24,16
2172,cigogne,24,13
2173,librairie,24,19
2174,besogne,24,20
2175,cygne,24,17
2176,combattre,24,17
2177,bouteille,24,9
2178,ruban,24,15
2179,violon,24,7
2180,aspirer,24,17
2181,ange,24,11
2182,origine,24,18
2183,inventer,24,14
2184,introduire,24,18
2185,annuaire,24,12
2186,abriter,24,20
2187,prince,24,16
2188,boy,24,18
2189,traditionnel,24,19
2190,attente,24,21
2191,visiteur,24,17
2192,témoignage,24,17
2193,encouragement,24,20
2194,poil,24,11
2195,conclusion,24,22
2196,poindre,24,20
2197,écu,24,13
2198,officiellement,24,17
2199,peser,24,13
2200,tarder,24,20
2201,enflammer,24,16
2202,racine,24,13
2203,enregistrer,24,15
2204,résistant,23,13
2205,renseigner,23,20
2206,dépenser,23,20
2207,résumer,23,18
2208,diminuer,23,15
2209,clocher,23,11
2210,mystère,23,18
2211,lame,23,14
2212,flandre,23,19
2213,renforcer,23,17
2214,fermé,23,20
2215,fossé,23,16
2216,léopard,23,15
2217,pilote,23,13
2218,multiple,23,20
2219,surgir,23,17
2220,drôle,23,21
2221,brun,23,20
2222,baisser,23,19
2223,gagnant,23,14
2224,enthousiaste,23,20
2225,enfuir,23,20
2226,gamin,23,14
2227,traction,23,14
2228,enfermer,23,20
2229,paille,23,15
2230,graver,23,14
2231,jouir,23,22
2232,briller,23,18
2233,mise,23,18
2234,laver,23,17
2235,ventre,23,17
2236,reculer,23,19
2237,poignée,23,16
2238,coller,23,15
2239,réclamer,23,18
2240,proprement,23,18
2241,admiration,23,19
2242,surveiller,23,17
2243,buffle,23,4
2244,cinéma,23,15
2245,courrier,23,17
2246,garnir,23,15
2247,colle,23,15
2248,définitif,23,19
2249,orienter,23,17
2250,interrompre,23,19
2251,habiller,23,20
2252,orage,23,17
2253,cycle,23,23
2254,possibilité,23,16
2255,causerie,23,17
2256,constamment,23,21
2257,impulsion,23,15
2258,génie,23,19
2259,consigne,23,19
2260,mouiller,22,17
2261,pape,22,13
2262,bloc,22,14
2263,malheur,22,16
2264,spécialité,22,16
2265,exclusivement,22,15
2266,prochainement,22,21
2267,ramier,22,10
2268,réabonnement,22,15
2269,donjon,22,15
2270,inédit,22,19
2271,largement,22,20
2272,suffisamment,22,18
2273,jaillir,22,18
2274,attribuer,22,20
2275,justement,22,16
2276,collaborateur,22,21
2277,tâcher,22,18
2278,alpe,22,13
2279,majorité,22,18
2280,vainqueur,22,16
2281,dresse,22,17
2282,fièvre,22,15
2283,triangle,22,10
2284,paire,22,18
2285,gouvernement,22,16
2286,ramasser,22,17
2287,ciseau,22,17
2288,lanière,22,9
2289,boucle,22,11
2290,assiette,22,16
2291,boussole,22,13
2292,observateur,22,13
2293,poivre,22,11
2294,comporte,22,18
2295,douzaine,22,15
2296,gosse,22,13
2297,encadrer,22,20
2298,démarche,22,17
2299,respiration,22,13
2300,mériter,22,20
2301,clouer,22,12
2302,reine,22,13
2303,acide,22,11
2304,favorable,22,18
2305,moine,22,19
2306,nautique,22,13
2307,assembler,22,17
2308,chasseur,22,13
2309,bâtir,22,19
2310,uni,22,17
2311,retourne,22,14
2312,natation,22,16
2313,collaboration,22,19
2314,grain,22,19
2315,veste,22,14
2316,absolu,22,21
2317,bronze,22,13
2318,voûte,22,15
2319,campisme,22,17
2320,lourde,22,13
2321,trésor,22,14
2322,légion,22,17
2323,outillage,22,19
2324,bibliothèque,22,20
2325,pyrénée,22,16
2326,tiers,22,12
2327,tranchée,22,11
2328,bouleau,22,11
2329,domicile,22,15
2330,empire,22,17
2331,ressource,22,17
2332,pétard,22,6
2333,température,22,15
2334,hongrois,22,7
2335,opérer,22,15
2336,cacao,22,20
2337,yacht,22,6
2338,demie,21,11
2339,paquet,21,13
2340,renverser,21,16
2341,bond,21,14
2342,intime,21,18
2343,exploit,21,20
2344,personnalité,21,18
2345,soupe,21,19
2346,basilique,21,15
2347,volontaire,21,13
2348,humidité,21,13
2349,diplôme,21,13
2350,épatant,21,17
2351,gracieux,21,18
2352,fonctionnement,21,18
2353,gazelle,21,16
2354,garni,21,17
2355,garantie,21,16
2356,reconstituer,21,19
2357,écouler,21,18
2358,revêtir,21,18
2359,ressentir,21,20
2360,épée,21,8
2361,achat,21,20
2362,territoire,21,15
2363,prudent,21,19
2364,major,21,17
2365,musical,21,14
2366,sérieusement,21,19
2367,danser,21,14
2368,circuler,21,18
2369,vêtir,21,19
2370,loyal,21,16
2371,misère,21,15
2372,éclair,21,19
2373,contenu,21,18
2374,providence,21,19
2375,fervent,21,16
2376,sanglier,21,8
2377,retomber,21,14
2378,appui,21,17
2379,seau,21,14
2380,filer,21,19
2381,rassurer,21,17
2382,fondateur,21,15
2383,affectueux,21,18
2384,distribuer,21,20
2385,trajet,21,15
2386,destination,21,14
2387,primitif,21,17
2388,inspiration,21,15
2389,tombola,21,14
2390,débuter,21,19
2391,castor,21,10
2392,ronde,21,16
2393,manteau,21,19
2394,conquête,21,13
2395,animer,21,19
2396,mixte,21,16
2397,nice,21,17
2398,commettre,21,15
2399,chauffeur,21,13
2400,commissariat,21,15
2401,effet,21,14
2402,secouriste,21,16
2403,éclairage,21,14
2404,tambour,21,13
2405,nage,21,10
2406,proximité,21,16
2407,pelle,21,8
2408,multiplier,21,15
2409,pavillon,21,10
2410,mesurer,20,17
2411,saut,20,10
2412,fleuve,20,16
2413,simplicité,20,18
2414,régional,20,15
2415,professionnel,20,14
2416,cache,20,15
2417,aménagement,20,14
2418,sûrement,20,17
2419,mobile,20,17
2420,informer,20,20
2421,alimentation,20,18
2422,sanctuaire,20,13
2423,vénérer,20,18
2424,paiement,20,16
2425,souhait,20,19
2426,chronique,20,15
2427,aviateur,20,14
2428,aube,20,17
2429,déchirer,20,15
2430,proie,20,12
2431,choc,20,13
2432,apôtre,20,17
2433,hisser,20,14
2434,céder,20,17
2435,arranger,20,15
2436,dévouer,20,18
2437,affronter,20,16
2438,excuse,20,17
2439,copie,20,15
2440,envahir,20,17
2441,torrent,20,16
2442,oncle,20,12
2443,frontière,20,15
2444,tranche,20,16
2445,fantaisie,20,19
2446,repose,20,17
2447,fourche,20,13
2448,frein,20,18
2449,plâtre,20,12
2450,empereur,20,12
2451,étonnant,20,17
2452,facilité,20,18
2453,débarquer,20,18
2454,loger,20,16
2455,rattacher,20,12
2456,sage,20,16
2457,anonyme,20,17
2458,chair,20,12
2459,mélange,20,13
2460,impressionnant,20,18
2461,entretien,20,17
2462,session,20,13
2463,curiosité,20,16
2464,extension,20,14
2465,allongé,20,14
2466,camion,20,11
2467,banc,20,10
2468,horreur,20,18
2469,relire,20,17
2470,carton,20,15
2471,salade,20,12
2472,riz,20,9
2473,grandiose,20,16
2474,sinistre,20,12
2475,ingénieux,20,14
2476,déplacer,20,15
2477,favoriser,20,17
2478,rivaliser,20,18
2479,rentrée,20,15
2480,eminence,20,9
2481,brûlant,20,17
2482,touriste,20,18
2483,chauffer,20,19
2484,trembler,20,14
2485,cycliste,20,13
2486,souriant,20,16
2487,cahier,20,11
2488,massif,20,15
2489,danois,20,8
2490,veau,20,15
2491,pan,20,10
2492,dossier,20,8
2493,confection,20,15
2494,menacer,20,18
2495,selle,20,17
2496,déployer,20,19
2497,discussion,20,14
2498,rodagure,20,5
2499,blottière,20,7
2500,auxiliaire,19,14
2501,deuil,19,16
2502,ravir,19,18
2503,élancer,19,16
2504,viser,19,15
2505,certificat,19,14
2506,préoccuper,19,17
2507,allée,19,14
2508,personnellement,19,17
2509,planeur,19,3
2510,barque,19,15
2511,duvet,19,6
2512,décompter,19,18
2513,détailler,19,16
2514,outil,19,12
2515,intermédiaire,19,13
2516,repérer,19,16
2517,chandail,19,15
2518,uniquement,19,18
2519,clôture,19,16
2520,européen,19,12
2521,dirigeant,19,16
2522,régiment,19,15
2523,embarquement,19,14
2524,création,19,16
2525,trousse,19,16
2526,pèlerine,19,16
2527,pendre,19,15
2528,fierté,19,16
2529,amitié,19,13
2530,souscription,19,11
2531,attitude,19,17
2532,restaurer,19,17
2533,assise,19,16
2534,université,19,15
2535,remuer,19,13
2536,chaleureux,19,15
2537,brouillard,19,15
2538,russe,19,12
2539,remplacement,19,17
2540,tombeau,19,13
2541,cachet,19,12
2542,pinceau,19,14
2543,respirer,19,13
2544,intelligent,19,16
2545,prolonger,19,16
2546,déplacement,19,17
2547,descente,19,15
2548,ruine,19,17
2549,hospitalier,19,13
2550,absorber,19,15
2551,probablement,19,17
2552,tomate,19,12
2553,étage,19,15
2554,supprimer,19,15
2555,quitte,19,16
2556,ornithologie,19,5
2557,laboratoire,19,13
2558,limité,19,15
2559,attentivement,19,16
2560,prêcher,19,17
2561,crème,19,11
2562,habit,19,14
2563,chêne,19,15
2564,clairière,19,13
2565,vélo,19,13
2566,transformation,19,16
2567,lycée,19,14
2568,commode,19,15
2569,support,19,9
2570,tragique,19,16
2571,allier,19,13
2572,démontable,19,14
2573,tipi,19,8
2574,flotter,19,12
2575,satisfaire,19,15
2576,imprévu,19,16
2577,ressort,19,13
2578,crise,19,13
2579,aromatiser,19,19
2580,malt,19,19
2581,orge,19,19
2582,brélage,19,6
2583,automatique,19,13
2584,majesté,19,6
2585,petruche,19,7
2586,garantir,18,15
2587,doubler,18,16
2588,aborder,18,13
2589,courageux,18,13
2590,gêner,18,14
2591,symbolique,18,13
2592,lutter,18,15
2593,géant,18,14
2594,surmonter,18,16
2595,compliqué,18,16
2596,chanteur,18,14
2597,conducteur,18,17
2598,envoler,18,17
2599,incident,18,16
2600,poursuite,18,15
2601,loisir,18,15
2602,approuver,18,14
2603,perte,18,15
2604,million,18,8
2605,miracle,18,14
2606,économie,18,17
2607,sensationnel,18,17
2608,intervalle,18,14
2609,délai,18,14
2610,belge,18,13
2611,fécond,18,14
2612,batterie,18,7
2613,risquer,18,15
2614,astucieux,18,14
2615,paisible,18,16
2616,chat,18,12
2617,abeille,18,12
2618,obscurité,18,13
2619,aisément,18,16
2620,rien,18,17
2621,caillou,18,13
2622,propreté,18,11
2623,agrandissement,18,18
2624,ralentir,18,16
2625,crâne,18,11
2626,orange,18,15
2627,fuir,18,13
2628,malheureux,18,15
2629,bâtiment,18,16
2630,participant,18,15
2631,centenaire,18,13
2632,pré,18,14
2633,carotte,18,10
2634,désireux,18,15
2635,patience,18,13
2636,administratif,18,16
2637,lisiblement,18,15
2638,goutte,18,13
2639,rarement,18,14
2640,friction,18,11
2641,casserole,18,10
2642,antenne,18,12
2643,réellement,18,18
2644,immobile,18,13
2645,vien,18,6
2646,illuminer,18,16
2647,classique,18,13
2648,civilisation,18,14
2649,respecter,18,17
2650,buisson,18,13
2651,aurore,18,14
2652,partager,18,15
2653,doré,18,17
2654,convaincre,18,16
2655,signature,18,15
2656,corne,18,16
2657,décès,18,9
2658,cabine,18,7
2659,propriétaire,18,13
2660,gras,18,10
2661,cuillerée,18,11
2662,consommer,18,14
2663,galerie,18,15
2664,étendu,18,8
2665,dissoudre,18,16
2666,remboursement,18,15
2667,aviser,18,16
2668,broché,18,8
2669,encombrement,18,15
2670,instruire,18,14
2671,couchette,18,11
2672,ampoule,18,7
2673,fournisseur,17,17
2674,séparation,17,11
2675,larg,17,12
2676,ordonner,17,16
2677,prudence,17,16
2678,audace,17,13
2679,passion,17,16
2680,onde,17,15
2681,affection,17,17
2682,passionner,17,13
2683,perche,17,8
2684,emblème,17,14
2685,breton,17,15
2686,orientation,17,15
2687,préparatoire,17,16
2688,obstacle,17,14
2689,relater,17,13
2690,enterrer,17,11
2691,variable,17,15
2692,horizontalement,17,15
2693,pharmacie,17,14
2694,capacité,17,15
2695,façon,17,13
2696,itinéraire,17,17
2697,conserve,17,15
2698,cirque,17,15
2699,muscle,17,14
2700,montjoie,17,15
2701,clôturer,17,16
2702,ébranler,17,12
2703,baguette,17,12
2704,motif,17,15
2705,séjourner,17,16
2706,république,17,14
2707,rangée,17,14
2708,piège,17,13
2709,communiqué,17,13
2710,décision,17,15
2711,œillet,17,14
2712,excellence,17,13
2713,mention,17,14
2714,confectionner,17,13
2715,énergique,17,14
2716,améliorer,17,16
2717,recommandation,17,14
2718,fumer,17,12
2719,douceur,17,16
2720,champion,17,14
2721,cousin,17,14
2722,péché,17,7
2723,alsacien,17,12
2724,plaquette,17,14
2725,étonnement,17,13
2726,serre,17,15
2727,défense,17,15
2728,emparer,17,14
2729,traverse,17,7
2730,écolier,17,7
2731,chinois,17,11
2732,crochet,17,10
2733,épingle,17,10
2734,habituer,17,14
2735,projeter,17,15
2736,joint,17,14
2737,ton,17,16
2738,voisinage,17,15
2739,aligner,17,16
2740,fréquent,17,15
2741,frappe,17,13
2742,caractéristique,17,15
2743,touchant,17,15
2744,alcool,17,13
2745,palette,17,4
2746,extinction,17,12
2747,dépêche,17,9
2748,improviser,17,15
2749,poète,17,14
2750,épouser,17,12
2751,soie,17,15
2752,pacifique,17,13
2753,définir,17,16
2754,animé,17,13
2755,apparition,17,17
2756,autrefois,17,11
2757,description,17,14
2758,emprunter,17,14
2759,imposant,17,13
2760,renvoyer,17,15
2761,brume,17,11
2762,religion,17,12
2763,fabrique,17,13
2764,efficace,17,15
2765,délivrance,17,13
2766,revivre,17,16
2767,sensible,17,15
2768,teinte,17,14
2769,mestre,17,14
2770,nécessiter,17,10
2771,cuisson,17,9
2772,algérie,17,10
2773,cordage,17,7
2774,stylo,17,13
2775,étoupe,17,4
2776,saler,17,11
2777,martyr,17,9
2778,val,17,14
2779,exhibition,17,12
2780,génération,17,13
2781,min,17,15
2782,meuble,17,11
2783,pétrole,17,9
2784,orléan,17,13
2785,bavard,17,14
2786,monet,17,12
2787,diaphragme,17,4
2788,brevet,16,9
2789,tél,16,12
2790,poignet,16,10
2791,réchauffer,16,14
2792,sagesse,16,14
2793,document,16,12
2794,cruel,16,12
2795,coloré,16,9
2796,élégance,16,16
2797,déborder,16,13
2798,prison,16,11
2799,ver,16,14
2800,bourse,16,12
2801,horaire,16,12
2802,cime,16,12
2803,africain,16,12
2804,stabilité,16,11
2805,sucre,16,13
2806,bénéficier,16,14
2807,échantillon,16,12
2808,couchage,16,9
2809,gamelle,16,10
2810,faillir,16,15
2811,sud,16,15
2812,lapin,16,15
2813,dévorer,16,13
2814,groupement,16,16
2815,croisé,16,12
2816,britannique,16,12
2817,persuader,16,15
2818,vider,16,12
2819,baser,16,12
2820,publication,16,15
2821,souverain,16,15
2822,éternel,16,14
2823,communier,16,14
2824,mortel,16,13
2825,statuette,16,13
2826,touffe,16,8
2827,parfum,16,16
2828,permanent,16,13
2829,hésitation,16,16
2830,débris,16,14
2831,condamner,16,12
2832,entonner,16,13
2833,manécanterie,16,11
2834,ressortir,16,12
2835,refléter,16,14
2836,démonter,16,11
2837,limiter,16,14
2838,bison,16,13
2839,muet,16,14
2840,rythme,16,13
2841,polaire,16,12
2842,écran,16,11
2843,vigueur,16,13
2844,flexion,16,6
2845,ruisseau,16,13
2846,chantant,16,13
2847,entaille,16,7
2848,piano,16,14
2849,intendance,16,13
2850,bonté,16,13
2851,alerter,16,16
2852,climat,16,11
2853,cellule,16,8
2854,monture,16,13
2855,empresser,16,15
2856,planète,16,10
2857,ras,16,14
2858,arche,16,9
2859,habile,16,15
2860,étouffer,16,12
2861,fraternellement,16,12
2862,effacer,16,12
2863,opinion,16,13
2864,puiser,16,13
2865,liquide,16,12
2866,acteur,16,14
2867,cadran,16,8
2868,jury,16,11
2869,contempler,16,12
2870,combiner,16,13
2871,pyramidal,16,5
2872,redire,16,12
2873,plon,16,15
2874,sportif,16,13
2875,bijou,16,6
2876,furnus,16,16
2877,redevenir,16,15
2878,division,16,8
2879,réputation,16,16
2880,glisse,16,14
2881,puissamment,16,16
2882,sauce,16,8
2883,case,16,6
2884,nuisible,16,9
2885,morse,16,13
2886,réduction,16,14
2887,code,16,11
2888,robe,16,12
2889,finalement,16,12
2890,saule,16,5
2891,exception,16,14
2892,peintre,16,10
2893,croisière,16,10
2894,souffrance,16,11
2895,cire,16,9
2896,pâtre,16,7
2897,agréer,15,13
2898,pointure,15,6
2899,bretelle,15,11
2900,passant,15,15
2901,cap,15,13
2902,gaiement,15,13
2903,vibrer,15,13
2904,obsèque,15,14
2905,embrasser,15,9
2906,liaison,15,12
2907,cheminée,15,11
2908,fillette,15,14
2909,chevalerie,15,12
2910,sculpter,15,7
2911,envie,15,12
2912,balancer,15,14
2913,fléchir,15,12
2914,bec,15,14
2915,confondre,15,15
2916,sizaine,15,13
2917,abaisser,15,11
2918,survenir,15,14
2919,obscur,15,14
2920,hurler,15,14
2921,poussette,15,3
2922,culte,15,9
2923,quête,15,13
2924,explosion,15,9
2925,scolaire,15,13
2926,chamois,15,12
2927,version,15,9
2928,dessinateur,15,14
2929,berge,15,12
2930,murmure,15,13
2931,envisager,15,12
2932,diagonale,15,9
2933,trahir,15,13
2934,balayer,15,12
2935,expédier,15,15
2936,imiter,15,13
2937,gaine,15,11
2938,relatif,15,14
2939,reliure,15,10
2940,rat,15,13
2941,pochette,15,10
2942,parallèle,15,11
2943,avaler,15,12
2944,orgueil,15,13
2945,restreindre,15,12
2946,tram,15,13
2947,millilitre,15,15
2948,fatigué,15,13
2949,vigne,15,12
2950,préférable,15,13
2951,inquiétude,15,14
2952,fidélité,15,12
2953,ménager,15,13
2954,étincelle,15,12
2955,pureté,15,12
2956,vulgaire,15,12
2957,interroger,15,14
2958,généreusement,15,14
2959,permission,15,12
2960,décourager,15,14
2961,gâter,15,13
2962,chevreuil,15,11
2963,progressivement,15,11
2964,gaîté,15,13
2965,répétition,15,10
2966,enseigner,15,15
2967,pigeon,15,10
2968,solitaire,15,12
2969,canne,15,12
2970,chou,15,7
2971,vigoureux,15,11
2972,député,15,15
2973,facultatif,15,10
2974,content,15,12
2975,intendant,15,8
2976,recrutement,15,13
2977,attentif,15,12
2978,déterminer,15,13
2979,constant,15,14
2980,reprise,15,14
2981,décor,15,12
2982,porc,15,12
2983,encourager,15,14
2984,garniture,15,13
2985,paroissial,15,14
2986,brancardier,15,8
2987,réciter,15,13
2988,obligation,15,12
2989,couvent,15,10
2990,triomphal,15,11
2991,velours,15,11
2992,fantastique,15,11
2993,envelopper,15,14
2994,tunnel,15,8
2995,fraîcheur,15,12
2996,océan,15,12
2997,comtesse,15,12
2998,taxi,15,10
2999,identifier,15,10
3000,gracieusement,15,14
3001,enfiler,15,11
3002,bûcheron,15,4
3003,valable,15,12
3004,désirable,15,11
3005,panier,15,7
3006,préserver,15,14
3007,comparer,15,14
3008,char,15,15
3009,utilisable,15,14
3010,arête,15,10
3011,suprême,15,12
3012,chevalet,15,5
3013,location,15,14
3014,adhésion,15,11
3015,brique,15,10
3016,établissement,15,12
3017,sizenier,15,10
3018,commune,15,13
3019,galop,15,11
3020,gerbe,15,13
3021,projection,15,11
3022,éclatant,15,13
3023,phare,15,10
3024,zèle,15,12
3025,châssis,15,5
3026,politique,15,8
3027,essentiellement,15,11
3028,égard,15,13
3029,nuance,14,11
3030,masser,14,11
3031,audacieux,14,13
3032,douloureux,14,10
3033,flambeau,14,10
3034,symbole,14,14
3035,croisade,14,12
3036,son,14,11
3037,élémentaire,14,11
3038,flotte,14,11
3039,dommage,14,11
3040,calcul,14,10
3041,heurter,14,13
3042,volet,14,7
3043,corriger,14,12
3044,tube,14,11
3045,plaie,14,9
3046,rigide,14,13
3047,centime,14,12
3048,minutieux,14,12
3049,concert,14,12
3050,respect,14,11
3051,banal,14,13
3052,enseigne,14,13
3053,poutre,14,5
3054,pot,14,12
3055,remiremont,14,8
3056,baron,14,10
3057,gentil,14,10
3058,armer,14,11
3059,puits,14,6
3060,invisible,14,11
3061,ancre,14,11
3062,diable,14,11
3063,obligatoire,14,10
3064,sainteté,14,12
3065,poule,14,9
3066,raser,14,12
3067,cadence,14,11
3068,attrayant,14,12
3069,encoche,14,8
3070,illusion,14,13
3071,débarrasser,14,14
3072,réussite,14,12
3073,dépôt,14,14
3074,rappel,14,13
3075,tir,14,12
3076,disparut,14,12
3077,vingtaine,14,13
3078,saute,14,12
3079,importer,14,11
3080,tresse,14,7
3081,armoire,14,9
3082,accuser,14,13
3083,cheville,14,6
3084,rigueur,14,10
3085,appartement,14,11
3086,serviteur,14,10
3087,montée,14,13
3088,disputer,14,12
3089,département,14,12
3090,incomparable,14,12
3091,accroître,14,12
3092,refaire,14,13
3093,hygiène,14,10
3094,football,14,12
3095,apprentissage,14,10
3096,broder,14,13
3097,beauvai,14,8
3098,union,14,12
3099,architecte,14,11
3100,mentionner,14,12
3101,fourgon,14,5
3102,employé,14,13
3103,attachement,14,12
3104,enfouir,14,13
3105,manœuvrer,14,13
3106,seuil,14,11
3107,baigner,14,11
3108,azur,14,14
3109,sonore,14,14
3110,viii,14,11
3111,impressionner,14,13
3112,réchaud,14,8
3113,pic,14,13
3114,travailleur,14,11
3115,argument,14,10
3116,lisière,14,11
3117,wagon,14,11
3118,parapluie,14,4
3119,etude,14,12
3120,étudiant,14,13
3121,définitivement,14,11
3122,ravitaillement,14,13
3123,commencement,14,10
3124,autrichien,14,9
3125,capital,14,12
3126,tôle,14,9
3127,enchanteur,14,9
3128,inattendu,14,13
3129,dragon,14,9
3130,sacrifier,14,11
3131,conservation,14,12
3132,spécialiste,14,13
3133,peuplier,14,5
3134,filial,14,10
3135,secondaire,14,11
3136,pierrot,14,12
3137,lard,14,8
3138,méditation,14,11
3139,socle,14,5
3140,tige,14,10
3141,prodigieux,14,9
3142,flacon,14,8
3143,toast,14,8
3144,compromettre,14,13
3145,perle,14,8
3146,manoir,14,4
3147,collaborer,14,11
3148,truite,14,6
3149,echantillon,14,14
3150,immobiliser,14,9
3151,barcelone,14,7
3152,herbier,14,4
3153,valise,14,8
3154,tribord,14,1
3155,cuvette,13,7
3156,violence,13,12
3157,minutieusement,13,11
3158,encombrant,13,10
3159,matelotage,13,11
3160,lisse,13,11
3161,mécanique,13,11
3162,invention,13,9
3163,boisson,13,6
3164,tasse,13,10
3165,aboutir,13,11
3166,acquitter,13,10
3167,tranquillement,13,12
3168,notice,13,13
3169,combinaison,13,12
3170,barrière,13,9
3171,resserrer,13,12
3172,indifférent,13,12
3173,équilibre,13,10
3174,maîtrise,13,12
3175,intituler,13,11
3176,hamac,13,5
3177,bruyère,13,9
3178,proclamer,13,13
3179,final,13,12
3180,méchant,13,11
3181,armure,13,7
3182,panneau,13,10
3183,pression,13,12
3184,ministère,13,11
3185,pieusement,13,13
3186,hachette,13,11
3187,héritier,13,12
3188,recueil,13,9
3189,exclusif,13,11
3190,pluvieux,13,13
3191,défaire,13,12
3192,émerveiller,13,12
3193,inauguration,13,10
3194,comble,13,12
3195,institution,13,12
3196,inquiéter,13,12
3197,catastrophe,13,12
3198,fouiller,13,13
3199,baie,13,9
3200,dérober,13,12
3201,crinoline,13,9
3202,interprète,13,12
3203,étendue,13,12
3204,câble,13,8
3205,pirogue,13,6
3206,chevaleresque,13,13
3207,aperçu,13,12
3208,malgache,13,5
3209,conséquent,13,11
3210,zone,13,11
3211,foncé,13,11
3212,boxe,13,13
3213,tordre,13,11
3214,troubler,13,11
3215,villa,13,11
3216,clore,13,13
3217,marocain,13,12
3218,descendant,13,11
3219,moineau,13,9
3220,fiche,13,11
3221,roland,13,10
3222,rejeter,13,12
3223,consulter,13,12
3224,cimetière,13,11
3225,empoisonnement,13,4
3226,abîmer,13,11
3227,profitable,13,13
3228,instinct,13,10
3229,activement,13,12
3230,piscine,13,10
3231,paternel,13,12
3232,matériau,13,12
3233,xii,13,10
3234,vitalité,13,12
3235,reflet,13,12
3236,explorer,13,13
3237,renfort,13,10
3238,gîte,13,9
3239,taillis,13,10
3240,universel,13,10
3241,mâle,13,11
3242,aérien,13,11
3243,musicien,13,8
3244,ban,13,12
3245,identique,13,9
3246,directive,13,12
3247,berceau,13,9
3248,placement,13,11
3249,éloge,13,11
3250,apprêter,13,9
3251,commenter,13,12
3252,scie,13,11
3253,amie,13,13
3254,dissiper,13,11
3255,bruyant,13,13
3256,tristesse,13,8
3257,cantiqu,13,11
3258,recueillement,13,12
3259,solitude,13,10
3260,glacé,13,12
3261,bled,13,8
3262,gravir,13,11
3263,cadet,13,13
3264,mestr,13,13
3265,impatience,13,11
3266,distraire,13,10
3267,débutant,13,9
3268,mou,13,12
3269,coucou,13,8
3270,conception,13,11
3271,eléphant,13,11
3272,muni,13,11
3273,arbuste,13,10
3274,angoisse,13,10
3275,latéral,13,9
3276,entreprise,13,13
3277,prévision,13,12
3278,potencer,13,9
3279,locomotive,13,6
3280,ski,13,8
3281,médical,13,10
3282,anse,13,7
3283,abondance,13,12
3284,crête,13,9
3285,afrique,13,13
3286,cuiller,13,8
3287,ponte,13,3
3288,fructueux,13,12
3289,coupon,13,11
3290,maint,13,11
3291,artificiel,13,9
3292,emboîter,13,10
3293,tournée,13,9
3294,honte,13,11
3295,gibier,13,11
3296,débordant,13,12
3297,convive,13,9
3298,interminable,13,11
3299,agréablement,13,12
3300,daigner,13,9
3301,cuirassé,13,8
3302,édifier,13,10
3303,pagaie,13,8
3304,imprégner,13,12
3305,assemblage,13,7
3306,armé,13,12
3307,infini,13,10
3308,nerveux,13,9
3309,humoristique,13,11
3310,edition,13,10
3311,substance,13,13
3312,circuit,13,8
3313,référence,13,11
3314,gala,13,11
3315,susceptible,13,8
3316,mil,13,11
3317,trêve,13,7
3318,consommation,13,13
3319,enchanter,13,12
3320,carcasse,13,6
3321,écuyer,13,6
3322,hydravion,13,3
3323,feutre,12,10
3324,rage,12,11
3325,fonds,12,11
3326,fendre,12,11
3327,inclinaison,12,10
3328,passager,12,9
3329,ruse,12,11
3330,sanglant,12,11
3331,linge,12,11
3332,cercueil,12,8
3333,coule,12,11
3334,juge,12,12
3335,seconder,12,11
3336,pontifical,12,9
3337,règne,12,8
3338,calvaire,12,8
3339,électricien,12,11
3340,péripétie,12,12
3341,gouvernail,12,5
3342,applique,12,11
3343,redresser,12,11
3344,souplesse,12,10
3345,merveilleusement,12,12
3346,révolution,12,9
3347,magnifiquement,12,12
3348,oriental,12,8
3349,inonder,12,12
3350,foire,12,9
3351,proche,12,11
3352,fureur,12,11
3353,calmer,12,12
3354,musulman,12,8
3355,blé,12,9
3356,sauveur,12,10
3357,faite,12,11
3358,cassé,12,8
3359,chroniqueur,12,10
3360,résolution,12,12
3361,banquet,12,11
3362,exprès,12,11
3363,trône,12,7
3364,tonne,12,10
3365,intervenir,12,12
3366,béret,12,9
3367,gars,12,9
3368,secousse,12,10
3369,serrure,12,7
3370,rechange,12,10
3371,associer,12,10
3372,urgent,12,12
3373,ose,12,12
3374,convoquer,12,11
3375,éminent,12,11
3376,brigand,12,9
3377,grange,12,11
3378,loyauté,12,10
3379,méditer,12,12
3380,ramper,12,8
3381,merveill,12,9
3382,satisfaisant,12,9
3383,électricité,12,12
3384,localité,12,11
3385,gage,12,10
3386,responsable,12,10
3387,cantonnement,12,11
3388,contenance,12,10
3389,sûreté,12,8
3390,théorie,12,10
3391,bienfaiteur,12,11
3392,antilope,12,6
3393,espion,12,8
3394,tromper,12,11
3395,nouveauté,12,11
3396,extraire,12,10
3397,inaugurer,12,12
3398,venue,12,11
3399,lin,12,10
3400,chargement,12,7
3401,lâcher,12,10
3402,corbeau,12,11
3403,envergure,12,11
3404,rebord,12,11
3405,rectangulaire,12,9
3406,forcément,12,10
3407,luxueux,12,11
3408,obéissance,12,11
3409,alterner,12,11
3410,antique,12,10
3411,renoncer,12,10
3412,harmonie,12,10
3413,variété,12,11
3414,hardi,12,11
3415,susciter,12,11
3416,avide,12,11
3417,distinction,12,12
3418,insectivore,12,3
3419,schéma,12,10
3420,cuistot,12,10
3421,langage,12,10
3422,emplir,12,11
3423,solliciter,12,11
3424,retour,12,9
3425,souterrain,12,6
3426,édifice,12,7
3427,exclusion,12,9
3428,graine,12,9
3429,archet,12,3
3430,donnée,12,12
3431,justice,12,10
3432,frémir,12,11
3433,feuillage,12,11
3434,intrépide,12,11
3435,parade,12,10
3436,monstre,12,11
3437,vigoureusement,12,11
3438,soupir,12,11
3439,oubli,12,11
3440,forger,12,12
3441,information,12,10
3442,roule,12,11
3443,sensibilité,12,8
3444,bienveillant,12,12
3445,prétexte,12,11
3446,frêne,12,9
3447,proclamation,12,9
3448,lâche,12,9
3449,résider,12,11
3450,pyramidau,12,4
3451,mélanger,12,10
3452,autocar,12,11
3453,inde,12,10
3454,majuscule,12,11
3455,cône,12,9
3456,buffet,12,10
3457,agenda,12,5
3458,assaut,12,9
3459,combattant,12,10
3460,matinal,12,10
3461,calculer,12,10
3462,comique,12,10
3463,chauffage,12,10
3464,sévère,12,10
3465,évident,12,10
3466,rondelle,12,7
3467,honoraire,12,12
3468,tracé,12,10
3469,miroir,12,9
3470,rayonner,12,9
3471,gobelin,12,10
3472,mitrailleuse,12,3
3473,humour,12,11
3474,soulager,12,11
3475,désordre,12,11
3476,cube,12,10
3477,successivement,12,10
3478,émailler,12,11
3479,enchanté,12,10
3480,halte,12,9
3481,pitié,12,8
3482,nouer,12,11
3483,mairie,12,8
3484,reconstitution,12,7
3485,arrondissement,12,9
3486,grosseur,12,9
3487,progresser,12,8
3488,crédit,12,12
3489,pellicule,12,4
3490,offre,12,9
3491,parmentier,12,12
3492,vitre,12,5
3493,tonique,12,10
3494,post,12,6
3495,polonais,12,6
3496,coude,12,9
3497,patiner,12,7
3498,matelot,12,8
3499,gaumont,12,12
3500,longeron,12,3
3501,estime,11,10
3502,fur,11,11
3503,craquer,11,11
3504,rustique,11,11
3505,aigu,11,11
3506,rondin,11,4
3507,splendeur,11,11
3508,approprié,11,10
3509,élastique,11,9
3510,juste,11,9
3511,commercial,11,7
3512,résidence,11,10
3513,baccalauréat,11,10
3514,quinzaine,11,10
3515,difficilement,11,11
3516,guise,11,10
3517,pire,11,10
3518,bienvenue,11,10
3519,fatigant,11,10
3520,légèreté,11,6
3521,triple,11,9
3522,couronne,11,10
3523,sacre,11,7
3524,imperméabiliser,11,6
3525,étui,11,9
3526,entrevoir,11,11
3527,survoler,11,6
3528,maudit,11,9
3529,stupeur,11,11
3530,dislocation,11,7
3531,clown,11,7
3532,vosge,11,7
3533,maussade,11,9
3534,affreux,11,7
3535,tremblant,11,11
3536,accidentellement,11,7
3537,franchise,11,11
3538,perspective,11,11
3539,bonne,11,11
3540,audition,11,10
3541,fièrement,11,11
3542,adolescent,11,10
3543,pourpre,11,10
3544,lynx,11,7
3545,capture,11,7
3546,tuyau,11,10
3547,effrayer,11,10
3548,subvention,11,7
3549,financier,11,9
3550,introduction,11,10
3551,rite,11,10
3552,fourchette,11,7
3553,cave,11,9
3554,isolant,11,10
3555,renaître,11,10
3556,ample,11,11
3557,gonfler,11,10
3558,renouvellement,11,9
3559,ensoleillé,11,11
3560,voyelle,11,4
3561,ennui,11,11
3562,finement,11,8
3563,rameau,11,8
3564,agile,11,10
3565,trouvaille,11,8
3566,recteur,11,7
3567,satisfait,11,10
3568,gêne,11,9
3569,bienfait,11,8
3570,désastre,11,9
3571,émettre,11,11
3572,amical,11,11
3573,étang,11,9
3574,semblable,11,11
3575,exactitude,11,9
3576,coûteux,11,11
3577,fragile,11,10
3578,gratitude,11,9
3579,broussaille,11,8
3580,chèvre,11,10
3581,infatigable,11,11
3582,boutique,11,9
3583,accès,11,10
3584,authentique,11,10
3585,orphelin,11,11
3586,raquette,11,9
3587,corvée,11,11
3588,détente,11,10
3589,croissance,11,11
3590,rigoureusement,11,9
3591,porridge,11,6
3592,rossignol,11,9
3593,battant,11,9
3594,pompe,11,8
3595,surveillance,11,9
3596,basque,11,9
3597,inverse,11,10
3598,utilisation,11,8
3599,agenouiller,11,10
3600,gâteau,11,9
3601,bousculer,11,6
3602,haleine,11,9
3603,essor,11,10
3604,affluence,11,10
3605,solennellement,11,11
3606,auditoire,11,11
3607,taureau,11,9
3608,redescendre,11,10
3609,tion,11,11
3610,graphique,11,9
3611,cabane,11,8
3612,protester,11,10
3613,séparément,11,10
3614,faculté,11,11
3615,familier,11,9
3616,émulation,11,10
3617,circulation,11,10
3618,tendance,11,10
3619,douane,11,9
3620,phénomène,11,8
3621,confirmer,11,9
3622,détenir,11,10
3623,sieste,11,9
3624,congé,11,9
3625,rédiger,11,10
3626,avon,11,7
3627,mobilisation,11,3
3628,nègre,11,10
3629,éliminer,11,10
3630,correct,11,7
3631,familial,11,11
3632,panne,11,8
3633,informe,11,10
3634,rabat,11,8
3635,raisin,11,7
3636,ganse,11,7
3637,soigneux,11,8
3638,potage,11,8
3639,pois,11,10
3640,bouillon,11,10
3641,evidemment,11,11
3642,spécimen,11,10
3643,lieue,11,8
3644,omettre,11,11
3645,rougir,11,10
3646,détour,11,7
3647,bonjour,11,8
3648,ménage,11,9
3649,amiral,11,8
3650,inévitable,11,9
3651,tort,11,10
3652,sourir,11,11
3653,lie,11,9
3654,applaudissement,11,10
3655,ère,11,8
3656,pension,11,9
3657,repousser,11,10
3658,galette,11,3
3659,linoléum,11,4
3660,décret,11,8
3661,drame,11,11
3662,fermier,11,7
3663,plomb,11,9
3664,dissimuler,11,9
3665,monotone,11,10
3666,expérimenté,11,9
3667,dédier,11,9
3668,enfance,11,10
3669,invité,11,7
3670,aptitude,11,10
3671,borner,11,7
3672,bizarre,11,9
3673,proposition,11,8
3674,respectueux,11,9
3675,pardonner,11,6
3676,heu,11,10
3677,longer,11,8
3678,pli,11,10
3679,postau,11,11
3680,volaille,11,10
3681,volontiers,11,9
3682,rupture,11,6
3683,cabinet,11,7
3684,collectionneur,11,8
3685,courbe,11,8
3686,poulet,11,9
3687,canard,11,7
3688,barbe,11,11
3689,colis,11,10
3690,etablissement,11,11
3691,enregistrement,11,9
3692,pylône,11,4
3693,passeport,11,11
3694,mar,11,8
3695,comm,11,9
3696,ingéniosité,11,8
3697,préface,11,8
3698,appétit,11,10
3699,cèdre,11,8
3700,junior,11,8
3701,rivage,11,5
3702,orme,11,4
3703,madone,11,7
3704,lierre,11,2
3705,atalant,11,1
3706,soufflet,10,9
3707,admirablement,10,8
3708,analogue,10,9
3709,panser,10,9
3710,stade,10,8
3711,répondit,10,10
3712,cantonner,10,10
3713,blottir,10,10
3714,rideau,10,9
3715,relief,10,7
3716,ampleur,10,10
3717,triompher,10,10
3718,égoïsme,10,7
3719,menace,10,9
3720,déchaîner,10,10
3721,agrémenter,10,8
3722,aïeul,10,10
3723,fortifier,10,10
3724,brêlage,10,8
3725,tit,10,4
3726,marteau,10,8
3727,hanche,10,8
3728,rattraper,10,8
3729,rallier,10,7
3730,louche,10,9
3731,extrêmement,10,10
3732,définition,10,9
3733,tabac,10,7
3734,successeur,10,10
3735,prospérer,10,7
3736,créateur,10,10
3737,discret,10,10
3738,rugissement,10,6
3739,furieux,10,9
3740,rayonnement,10,9
3741,périlleux,10,9
3742,heur,10,10
3743,crépuscule,10,10
3744,retracer,10,10
3745,archiprêtre,10,6
3746,successif,10,8
3747,débrouillardise,10,10
3748,municipalité,10,8
3749,supplier,10,10
3750,gant,10,10
3751,sueur,10,9
3752,traire,10,9
3753,téméraire,10,9
3754,émission,10,8
3755,préparatif,10,7
3756,sabre,10,6
3757,artillerie,10,8
3758,mari,10,8
3759,dorénavant,10,9
3760,drisse,10,6
3761,anime,10,8
3762,pasteur,10,10
3763,serviette,10,10
3764,dédaigner,10,8
3765,documentaire,10,8
3766,pneu,10,10
3767,rayer,10,10
3768,gigantesque,10,10
3769,fougère,10,9
3770,ferré,10,10
3771,sauveteur,10,10
3772,anecdote,10,10
3773,relève,10,8
3774,vignette,10,8
3775,logement,10,7
3776,rayonnant,10,9
3777,dessécher,10,10
3778,surnaturel,10,10
3779,déranger,10,9
3780,apparence,10,8
3781,téléphonique,10,6
3782,âcre,10,10
3783,casque,10,5
3784,répertoire,10,9
3785,boucher,10,10
3786,écrouler,10,10
3787,échouer,10,7
3788,faubourg,10,9
3789,délaisser,10,9
3790,arroser,10,9
3791,échec,10,9
3792,réconfortant,10,9
3793,citoyen,10,10
3794,cristal,10,7
3795,pince,10,9
3796,estimer,10,8
3797,singe,10,9
3798,moyenne,10,8
3799,interlocuteur,10,8
3800,ennuyer,10,7
3801,certitude,10,10
3802,environner,10,10
3803,palabre,10,9
3804,impatient,10,9
3805,cachou,10,4
3806,poteau,10,7
3807,rapace,10,9
3808,agneau,10,5
3809,intensité,10,10
3810,canif,10,7
3811,pair,10,9
3812,bouquet,10,8
3813,sobre,10,9
3814,vinaigre,10,7
3815,ridicule,10,7
3816,individu,10,10
3817,caserne,10,2
3818,conviction,10,9
3819,insuffisant,10,9
3820,avantageux,10,9
3821,résonner,10,9
3822,merle,10,9
3823,parure,10,9
3824,qualifier,10,9
3825,récolte,10,8
3826,protestation,10,9
3827,interview,10,7
3828,kermesse,10,10
3829,photographier,10,10
3830,expiration,10,8
3831,pile,10,10
3832,fuite,10,10
3833,sollicitude,10,9
3834,inspecteur,10,10
3835,hymne,10,7
3836,brindille,10,7
3837,laborieux,10,10
3838,respectivement,10,7
3839,tablier,10,6
3840,fauteuil,10,8
3841,convenablement,10,9
3842,désespérer,10,8
3843,riant,10,8
3844,tremble,10,8
3845,reconnaisser,10,9
3846,escalade,10,8
3847,moyeu,10,10
3848,apostolat,10,9
3849,atlas,10,6
3850,marquis,10,7
3851,poupée,10,3
3852,durcir,10,7
3853,enrichir,10,8
3854,orgue,10,7
3855,fontainebleau,10,9
3856,arbitre,10,4
3857,portugais,10,6
3858,nier,10,10
3859,cravate,10,9
3860,meb,10,5
3861,traduction,10,9
3862,médecine,10,9
3863,griller,10,7
3864,robinet,10,8
3865,astuce,10,8
3866,solaire,10,6
3867,inventeur,10,9
3868,pointer,10,6
3869,stable,10,9
3870,cartonner,10,6
3871,verso,10,5
3872,agitation,10,9
3873,faut,10,10
3874,ail,10,9
3875,maigre,10,10
3876,devancer,10,8
3877,avène,10,6
3878,chercheur,10,8
3879,décerner,10,8
3880,ténacité,10,7
3881,zénith,10,7
3882,respectif,10,10
3883,forestier,10,8
3884,baden,10,9
3885,fréquemment,10,9
3886,végétation,10,7
3887,interpréter,10,10
3888,intellectuel,10,10
3889,ombrage,10,7
3890,hangar,10,4
3891,serpentin,10,2
3892,rance,10,9
3893,panorama,10,10
3894,distraction,10,9
3895,sacerdotal,10,9
3896,coureur,10,7
3897,baignade,10,9
3898,cordialement,10,8
3899,bagatelle,10,8
3900,prestige,10,8
3901,invraisemblable,10,9
3902,radieux,10,8
3903,lhopital,10,7
3904,dévotion,10,7
3905,ancêtre,10,9
3906,originalité,10,9
3907,aménager,10,8
3908,attarder,10,8
3909,clarté,10,9
3910,glacier,10,9
3911,compétent,10,8
3912,plaindre,10,10
3913,valet,10,8
3914,home,10,6
3915,amanite,10,1
3916,saumon,10,5
3917,accommodement,10,10
3918,délayé,10,10
3919,compartiment,10,7
3920,comptant,10,10
3921,déduire,10,9
3922,granivore,10,2
3923,récompenser,10,10
3924,égayer,10,10
3925,conster,10,9
3926,refuge,10,7
3927,théorique,10,10
3928,mitrailleur,10,2
3929,bone,10,10
3930,oran,10,10
3931,plateforme,10,4
3932,marronnier,10,4
3933,muséum,10,6
3934,sénateur,10,6
3935,revers,9,8
3936,pneumatique,9,9
3937,rosaire,9,5
3938,messager,9,7
3939,amabilité,9,9
3940,baptême,9,6
3941,monumental,9,7
3942,rampe,9,8
3943,évocation,9,8
3944,bannière,9,9
3945,blond,9,7
3946,auberge,9,4
3947,soucieux,9,9
3948,apprenti,9,8
3949,trimestre,9,6
3950,anormal,9,9
3951,ménagerie,9,7
3952,suggérer,9,7
3953,clément,9,8
3954,continuellement,9,8
3955,perpendiculaire,9,8
3956,poussée,9,7
3957,correctement,9,8
3958,cierge,9,7
3959,matelas,9,7
3960,griffe,9,7
3961,carabine,9,7
3962,évanouir,9,8
3963,attrait,9,8
3964,boutonnière,9,7
3965,hostile,9,6
3966,mouchoir,9,9
3967,démon,9,6
3968,poésie,9,8
3969,galon,9,6
3970,invasion,9,7
3971,défi,9,9
3972,écriture,9,8
3973,piqûre,9,8
3974,croisement,9,8
3975,infanterie,9,7
3976,noix,9,9
3977,prend,9,9
3978,bonnet,9,5
3979,rallumer,9,8
3980,touche,9,9
3981,trompe,9,8
3982,totalement,9,7
3983,habituellement,9,9
3984,report,9,6
3985,constitution,9,9
3986,prénom,9,7
3987,terrestre,9,9
3988,ardente,9,8
3989,commentaire,9,8
3990,liturgique,9,8
3991,enrouler,9,8
3992,sublime,9,7
3993,louange,9,9
3994,syllabe,9,5
3995,ciré,9,9
3996,dépouille,9,7
3997,exposé,9,9
3998,contrée,9,7
3999,crin,9,8
4000,légendaire,9,9
4001,lasser,9,8
4002,unanimité,9,9
4003,tellière,9,4
4004,vagabond,9,5
4005,épanouir,9,6
4006,invite,9,9
4007,sein,9,8
4008,las,9,8
4009,sillonner,9,7
4010,impossibilité,9,8
4011,mille,9,6
4012,branchage,9,8
4013,distinct,9,7
4014,caleçon,9,7
4015,déchiffrer,9,6
4016,précédemment,9,8
4017,compliment,9,9
4018,naïf,9,9
4019,simplifier,9,7
4020,exclamation,9,7
4021,arène,9,6
4022,cordelette,9,6
4023,carreau,9,5
4024,libérer,9,9
4025,torpilleur,9,3
4026,esplanade,9,6
4027,oie,9,9
4028,scoutmestr,9,9
4029,normand,9,7
4030,actualité,9,9
4031,hibou,9,8
4032,réclamation,9,6
4033,pari,9,9
4034,secourir,9,7
4035,plate,9,8
4036,documenter,9,9
4037,zèbre,9,5
4038,lièvre,9,9
4039,pardon,9,9
4040,récepteur,9,6
4041,compatriote,9,7
4042,incapable,9,9
4043,dépit,9,8
4044,cuivre,9,9
4045,clairement,9,9
4046,prodige,9,7
4047,der,9,7
4048,sergent,9,8
4049,galère,9,6
4050,impérial,9,9
4051,modifier,9,8
4052,énergiquement,9,9
4053,signaleur,9,7
4054,cuit,9,8
4055,dose,9,6
4056,canotage,9,8
4057,brosse,9,8
4058,nerf,9,7
4059,grille,9,5
4060,pompier,9,5
4061,féroce,9,8
4062,gazon,9,9
4063,grive,9,5
4064,fauvette,9,6
4065,plumage,9,8
4066,gâcher,9,7
4067,culture,9,5
4068,gentiment,9,8
4069,opérateur,9,9
4070,honnête,9,9
4071,xiii,9,8
4072,centraliser,9,8
4073,héliogravure,9,7
4074,aquarelle,9,6
4075,inouï,9,9
4076,tribune,9,8
4077,apparent,9,8
4078,terreur,9,7
4079,bienvenu,9,8
4080,croissant,9,8
4081,humilité,9,9
4082,guérison,9,8
4083,bienfaisant,9,9
4084,immortel,9,7
4085,croître,9,9
4086,temple,9,7
4087,acclamation,9,7
4088,allié,9,8
4089,constellation,9,6
4090,espéranto,9,3
4091,entasser,9,9
4092,sensation,9,8
4093,valloire,9,6
4094,instructif,9,9
4095,glorieux,9,8
4096,copieux,9,5
4097,émail,9,8
4098,foch,9,5
4099,misérable,9,8
4100,versement,9,8
4101,occidental,9,7
4102,décharger,9,7
4103,fourmi,9,7
4104,marqu,9,9
4105,compréhension,9,8
4106,déclaration,9,6
4107,trouble,9,8
4108,hêtre,9,7
4109,rectifier,9,8
4110,contrôle,9,8
4111,afficher,9,9
4112,tennis,9,5
4113,perfection,9,8
4114,omelette,9,3
4115,journaliste,9,6
4116,consentir,9,9
4117,instantané,9,8
4118,sentinelle,9,8
4119,défaite,9,9
4120,lézard,9,3
4121,jus,9,8
4122,bonbon,9,8
4123,démontrer,9,7
4124,auditeur,9,9
4125,courageusement,9,9
4126,accroupir,9,7
4127,mérité,9,7
4128,profession,9,7
4129,fabricant,9,9
4130,acheteur,9,8
4131,consumer,9,6
4132,vocation,9,8
4133,tension,9,8
4134,portugal,9,6
4135,admission,9,8
4136,comédie,9,7
4137,réconfort,9,9
4138,piqué,9,9
4139,animateur,9,8
4140,questionner,9,9
4141,minime,9,7
4142,prolongement,9,6
4143,surcharger,9,6
4144,bienveillance,9,8
4145,tournant,9,9
4146,man,9,7
4147,rattaché,9,9
4148,râper,9,7
4149,épisode,9,7
4150,continuel,9,7
4151,preux,9,6
4152,voleur,9,6
4153,motocyclette,9,8
4154,courtoisie,9,7
4155,vendeur,9,6
4156,spontané,9,8
4157,latte,9,4
4158,éducateur,9,9
4159,stupide,9,7
4160,evangile,9,9
4161,couronner,9,8
4162,polir,9,8
4163,délicatesse,9,8
4164,objectif,9,7
4165,familiariser,9,9
4166,vigilant,9,8
4167,nuptial,9,7
4168,brillamment,9,9
4169,photographe,9,9
4170,livret,9,5
4171,durable,9,9
4172,énumérer,9,9
4173,médiocre,9,7
4174,boucherie,9,7
4175,sole,9,8
4176,débattre,9,9
4177,reproche,9,8
4178,repère,9,8
4179,estomac,9,8
4180,spécialiser,9,6
4181,doncœur,9,7
4182,déléguer,9,7
4183,exigence,9,7
4184,glaise,9,4
4185,habilement,9,8
4186,oooo,9,6
4187,tramway,9,8
4188,tourelle,9,5
4189,vergue,9,3
4190,contemporain,9,7
4191,formuler,9,8
4192,sect,9,1
4193,présidentiel,9,9
4194,ossoue,9,4
4195,tablette,8,7
4196,fracas,8,8
4197,désespéré,8,7
4198,détresse,8,8
4199,déshabiller,8,7
4200,intact,8,5
4201,craintif,8,7
4202,abandon,8,7
4203,reste,8,7
4204,submerger,8,7
4205,hollandais,8,6
4206,coque,8,8
4207,plancher,8,7
4208,consolider,8,7
4209,mécanicien,8,6
4210,bac,8,7
4211,civière,8,7
4212,partisan,8,6
4213,alentour,8,8
4214,notion,8,8
4215,dépouiller,8,7
4216,aileron,8,3
4217,gamme,8,6
4218,reportage,8,8
4219,pinson,8,6
4220,deuxième,8,7
4221,armature,8,5
4222,périr,8,6
4223,tirailleur,8,4
4224,physionomie,8,7
4225,continent,8,7
4226,persévérance,8,8
4227,ravin,8,7
4228,païen,8,8
4229,écureuil,8,7
4230,exclamer,8,7
4231,gronder,8,8
4232,girafe,8,7
4233,rieur,8,7
4234,tardif,8,8
4235,tressaillir,8,7
4236,défier,8,8
4237,hâte,8,8
4238,naval,8,7
4239,mentir,8,8
4240,chevelure,8,7
4241,instamment,8,7
4242,conformer,8,7
4243,microbe,8,6
4244,vase,8,6
4245,compact,8,7
4246,méthodique,8,8
4247,espadrille,8,7
4248,rotation,8,6
4249,oblique,8,7
4250,ficelé,8,7
4251,adroit,8,8
4252,assumer,8,8
4253,absent,8,8
4254,lenteur,8,8
4255,dorer,8,7
4256,tonnerre,8,6
4257,ballade,8,6
4258,bourré,8,7
4259,confrère,8,8
4260,traîne,8,8
4261,gémir,8,7
4262,ravager,8,5
4263,barrage,8,6
4264,ambition,8,7
4265,résurrection,8,8
4266,guérir,8,7
4267,béni,8,6
4268,gésir,8,8
4269,songe,8,7
4270,provençal,8,7
4271,prélat,8,8
4272,domestique,8,6
4273,dicter,8,7
4274,brousse,8,7
4275,exciter,8,8
4276,terrasse,8,7
4277,pourtour,8,6
4278,tresser,8,8
4279,surliure,8,6
4280,quarantaine,8,8
4281,enquête,8,6
4282,grenouille,8,7
4283,capucin,8,8
4284,envoyé,8,7
4285,femelle,8,7
4286,parier,8,7
4287,courtois,8,8
4288,iode,8,4
4289,gaze,8,5
4290,jugement,8,8
4291,repasser,8,8
4292,traîneau,8,5
4293,acharner,8,7
4294,anéantir,8,5
4295,jurer,8,7
4296,tourbillon,8,7
4297,intégralement,8,8
4298,levant,8,6
4299,cascade,8,8
4300,ornement,8,8
4301,æcout,8,8
4302,frange,8,6
4303,douteux,8,7
4304,inaccessible,8,8
4305,pensa,8,7
4306,paradis,8,7
4307,rigoureux,8,8
4308,citron,8,7
4309,végétal,8,7
4310,allègrement,8,8
4311,thème,8,7
4312,savoureux,8,7
4313,constantine,8,6
4314,finale,8,5
4315,incomplet,8,7
4316,sapeur,8,3
4317,sonnerie,8,5
4318,téléphoniste,8,2
4319,branle,8,6
4320,pesant,8,8
4321,justifier,8,7
4322,écurie,8,5
4323,dénicher,8,8
4324,prétention,8,8
4325,scou,8,8
4326,déformation,8,5
4327,sioux,8,6
4328,énerver,8,7
4329,couple,8,6
4330,privilège,8,8
4331,élite,8,8
4332,considération,8,8
4333,aveugle,8,3
4334,chapelet,8,7
4335,invocation,8,7
4336,séculaire,8,8
4337,ler,8,8
4338,monastère,8,8
4339,fée,8,4
4340,déguiser,8,7
4341,somptueux,8,8
4342,morne,8,8
4343,frissonner,8,5
4344,univers,8,7
4345,nappe,8,8
4346,palpitant,8,8
4347,diversité,8,8
4348,murmurer,8,7
4349,épopée,8,7
4350,frayer,8,8
4351,municipal,8,7
4352,chèqu,8,6
4353,séminariste,8,7
4354,trentaine,8,8
4355,cure,8,7
4356,éplucher,8,7
4357,aventureux,8,7
4358,préfet,8,8
4359,com,8,7
4360,écrit,8,6
4361,rabattre,8,6
4362,moustache,8,5
4363,caricature,8,7
4364,verve,8,8
4365,refroidir,8,7
4366,sacrement,8,8
4367,perfectionnement,8,8
4368,véga,8,8
4369,mobiliser,8,7
4370,réplique,8,5
4371,poli,8,6
4372,sincèrement,8,8
4373,consciencieux,8,8
4374,usager,8,7
4375,éternellement,8,8
4376,utilement,8,8
4377,unanime,8,7
4378,éléphant,8,8
4379,osciller,8,8
4380,négligence,8,8
4381,habitation,8,7
4382,eviter,8,8
4383,redoutable,8,4
4384,ranimer,8,8
4385,foudre,8,6
4386,journalier,8,8
4387,supplémentaire,8,8
4388,moqueur,8,5
4389,visiblement,8,8
4390,euro,8,8
4391,menton,8,7
4392,chut,8,8
4393,complémentaire,8,8
4394,crocodile,8,6
4395,tricot,8,5
4396,faucon,8,5
4397,commerçant,8,8
4398,provenir,8,7
4399,concurrence,8,6
4400,intervention,8,6
4401,motte,8,4
4402,déjeûner,8,7
4403,pourrir,8,8
4404,larve,8,5
4405,poivrer,8,8
4406,châtaignier,8,4
4407,buis,8,7
4408,répartition,8,8
4409,rempart,8,5
4410,alentours,8,8
4411,adoubement,8,8
4412,éparpiller,8,8
4413,charpente,8,6
4414,péril,8,5
4415,ravissant,8,8
4416,encourageant,8,8
4417,solidarité,8,5
4418,ordination,8,5
4419,baptiser,8,6
4420,subitement,8,6
4421,considérablement,8,8
4422,feuillet,8,5
4423,bourgeois,8,7
4424,exécutif,8,7
4425,scénario,8,4
4426,pignon,8,8
4427,marier,8,6
4428,propager,8,7
4429,marié,8,8
4430,machiniste,8,2
4431,apostolique,8,7
4432,lys,8,5
4433,nouvellement,8,8
4434,planer,8,7
4435,fatal,8,7
4436,saupoudrer,8,4
4437,loupe,8,3
4438,roulant,8,8
4439,bol,8,8
4440,malice,8,7
4441,bonhomme,8,6
4442,fleurir,8,4
4443,marchandise,8,8
4444,cornemuse,8,6
4445,gué,8,7
4446,souris,8,7
4447,sagace,8,7
4448,infirmier,8,8
4449,sourit,8,7
4450,verdure,8,6
4451,inoxydable,8,8
4452,remède,8,7
4453,suspect,8,7
4454,inciter,8,8
4455,billard,8,7
4456,chantier,8,6
4457,manuscrit,8,6
4458,façonner,8,8
4459,documentation,8,8
4460,timide,8,7
4461,tribunal,8,5
4462,brûlure,8,3
4463,vénéneux,8,2
4464,délice,8,6
4465,dison,8,7
4466,bécasse,8,5
4467,raccord,8,8
4468,mets,8,8
4469,fourré,8,7
4470,gilet,8,8
4471,poulie,8,5
4472,cabestan,8,6
4473,homard,8,5
4474,vitrine,8,4
4475,écrivain,8,7
4476,abondamment,8,7
4477,doublé,8,8
4478,manuelle,8,7
4479,antituberculeux,8,8
4480,interfédéral,8,7
4481,roquette,8,8
4482,haie,8,8
4483,captif,8,4
4484,éphémère,8,8
4485,pêcheur,8,7
4486,constitutif,8,8
4487,attelage,8,6
4488,aventurer,8,7
4489,attentat,8,6
4490,fontaine,8,8
4491,défaillir,8,8
4492,stand,8,5
4493,fantôme,8,8
4494,insertion,8,8
4495,labeur,8,7
4496,teau,8,3
4497,tuni,8,8
4498,déclic,8,4
4499,refermer,8,6
4500,solder,8,7
4501,réagir,8,7
4502,bourg,8,7
4503,gentilhomme,8,7
4504,vaisselle,8,6
4505,stéréo,8,8
4506,courber,8,8
4507,cinématographique,8,7
4508,pansement,8,5
4509,phoque,8,4
4510,etape,8,8
4511,séchage,8,8
4512,phonographe,8,6
4513,brasse,8,3
4514,immerger,8,4
4515,décisif,8,7
4516,harmonisation,8,1
4517,chevaucher,8,4
4518,orignal,8,3
4519,bûcher,8,4
4520,butte,8,3
4521,orléanais,8,6
4522,bâbord,8,2
4523,perler,7,7
4524,flanell,7,5
4525,beige,7,7
4526,extrer,7,4
4527,équiper,7,7
4528,bouchon,7,7
4529,mouvoir,7,7
4530,roc,7,7
4531,hardiment,7,6
4532,torche,7,4
4533,escorte,7,7
4534,intérieurement,7,7
4535,portique,7,3
4536,ériger,7,6
4537,menuisier,7,7
4538,norvégien,7,7
4539,rame,7,5
4540,voil,7,7
4541,caractériser,7,7
4542,délimiter,7,7
4543,elève,7,6
4544,primaire,7,7
4545,consolation,7,7
4546,malin,7,6
4547,provisoire,7,5
4548,lévrier,7,7
4549,empennage,7,2
4550,gravité,7,7
4551,virer,7,3
4552,balai,7,6
4553,amérique,7,7
4554,sillon,7,7
4555,belle,7,7
4556,civilisé,7,7
4557,encor,7,6
4558,communie,7,6
4559,tentation,7,6
4560,vilain,7,7
4561,sanglot,7,6
4562,chantez,7,7
4563,nuire,7,6
4564,concourir,7,6
4565,interprétation,7,7
4566,luxueusement,7,7
4567,élaborer,7,7
4568,approbation,7,7
4569,destin,7,6
4570,bille,7,7
4571,déplier,7,4
4572,faufiler,7,6
4573,désintéresser,7,7
4574,vainement,7,7
4575,trahison,7,6
4576,suppléer,7,6
4577,munition,7,7
4578,tombée,7,7
4579,barreau,7,6
4580,mèche,7,6
4581,cervelle,7,6
4582,découpe,7,7
4583,sourd,7,5
4584,invoquer,7,7
4585,céleste,7,6
4586,chagrin,7,7
4587,canton,7,7
4588,mini,7,6
4589,coulisse,7,7
4590,fouille,7,6
4591,suspension,7,6
4592,consécration,7,7
4593,distinctement,7,6
4594,violemment,7,7
4595,hameau,7,4
4596,réservoir,7,7
4597,frisson,7,6
4598,égrener,7,6
4599,semence,7,5
4600,gaillard,7,6
4601,conversion,7,7
4602,crèche,7,5
4603,tactique,7,5
4604,tranquillité,7,6
4605,fanfare,7,5
4606,prudemment,7,7
4607,occasionner,7,7
4608,pascal,7,4
4609,sève,7,6
4610,horrible,7,6
4611,librement,7,7
4612,obu,7,4
4613,simultanément,7,7
4614,cor,7,5
4615,soif,7,7
4616,reconnaissable,7,6
4617,abrupt,7,7
4618,renouveau,7,7
4619,titulaire,7,7
4620,irrésistible,7,7
4621,enceinte,7,7
4622,tenace,7,7
4623,combler,7,7
4624,poème,7,7
4625,antiquité,7,7
4626,immaculé,7,6
4627,folie,7,7
4628,ferveur,7,6
4629,carbonique,7,6
4630,raisonnable,7,7
4631,convertir,7,6
4632,débarquement,7,7
4633,bassin,7,6
4634,cigarette,7,6
4635,méfier,7,6
4636,campa,7,5
4637,havrais,7,6
4638,compresse,7,4
4639,individuellement,7,7
4640,politesse,7,6
4641,apprivoiser,7,6
4642,archipel,7,4
4643,abuser,7,6
4644,maudire,7,5
4645,alternativement,7,6
4646,seoir,7,7
4647,naissant,7,7
4648,roche,7,6
4649,mowgli,7,7
4650,quêter,7,6
4651,incorporer,7,6
4652,assidu,7,7
4653,pavé,7,6
4654,flûte,7,6
4655,dater,7,6
4656,potable,7,5
4657,signification,7,7
4658,égoïste,7,7
4659,dette,7,5
4660,poison,7,6
4661,pardessus,7,7
4662,arborer,7,7
4663,déboucher,7,7
4664,promptement,7,6
4665,embarras,7,7
4666,résulter,7,7
4667,cuisse,7,7
4668,magistral,7,7
4669,morangi,7,3
4670,groupa,7,6
4671,inépuisable,7,7
4672,variante,7,6
4673,efficacité,7,6
4674,avertisseur,7,2
4675,cracher,7,5
4676,augmentation,7,5
4677,trancher,7,7
4678,nouille,7,6
4679,ancienneté,7,7
4680,orion,7,6
4681,constatation,7,6
4682,tentative,7,6
4683,errant,7,6
4684,embarrasser,7,7
4685,stock,7,7
4686,édification,7,7
4687,ermite,7,7
4688,sculpture,7,5
4689,architecture,7,4
4690,bouilli,7,5
4691,sachem,7,6
4692,effrayant,7,7
4693,endurance,7,7
4694,noce,7,7
4695,remédier,7,7
4696,rural,7,6
4697,principalement,7,7
4698,cultiver,7,7
4699,bordure,7,7
4700,tilleul,7,5
4701,élévation,7,7
4702,bénédictin,7,5
4703,soyon,7,6
4704,tisserand,7,6
4705,étain,7,6
4706,colorer,7,7
4707,frôler,7,7
4708,contrairement,7,7
4709,captivant,7,7
4710,juvénile,7,7
4711,limpide,7,7
4712,mouvant,7,7
4713,confus,7,6
4714,ruche,7,3
4715,majestueux,7,7
4716,nef,7,6
4717,trésorier,7,6
4718,apposer,7,6
4719,moyenner,7,6
4720,démarrer,7,7
4721,rendement,7,7
4722,monologue,7,6
4723,assurément,7,6
4724,paraitre,7,7
4725,indéformable,7,3
4726,reformer,7,7
4727,vice,7,7
4728,accessible,7,7
4729,littérature,7,6
4730,ouvert,7,7
4731,reparler,7,5
4732,volière,7,3
4733,interpeller,7,7
4734,géographique,7,6
4735,vautour,7,7
4736,véhicule,7,6
4737,aéronautique,7,5
4738,épargner,7,7
4739,impassible,7,7
4740,théâtral,7,5
4741,armistice,7,5
4742,adjoindre,7,7
4743,gémeau,7,7
4744,calendrier,7,6
4745,apaiser,7,6
4746,radio,7,6
4747,fini,7,7
4748,inconscient,7,6
4749,ball,7,4
4750,plainte,7,7
4751,fiévreux,7,7
4752,violette,7,6
4753,foulée,7,2
4754,douche,7,6
4755,visser,7,7
4756,détourner,7,7
4757,dormeur,7,7
4758,ongle,7,6
4759,décoratif,7,6
4760,quatrième,7,7
4761,prospérité,7,6
4762,gamache,7,6
4763,manifeste,7,6
4764,emballage,7,7
4765,tyrolien,7,7
4766,encolure,7,4
4767,strictement,7,7
4768,etudiant,7,6
4769,artichaut,7,7
4770,laurier,7,5
4771,fraîche,7,7
4772,conteur,7,6
4773,étourneau,7,4
4774,labour,7,4
4775,fent,7,4
4776,redouter,7,7
4777,conservateur,7,6
4778,environnant,7,7
4779,taupe,7,7
4780,égaler,7,6
4781,morue,7,2
4782,ôter,7,5
4783,piquant,7,7
4784,navet,7,6
4785,cigare,7,3
4786,colonier,7,7
4787,dessert,7,7
4788,autobus,7,6
4789,partition,7,1
4790,révérend,7,6
4791,filiste,7,7
4792,mat,7,7
4793,candidat,7,4
4794,débrouiller,7,7
4795,soupçonner,7,6
4796,confesser,7,7
4797,infirmerie,7,5
4798,parrain,7,6
4799,cérémonial,7,6
4800,escorter,7,7
4801,logique,7,7
4802,effondrer,7,6
4803,aplanir,7,7
4804,moelleux,7,6
4805,vincenne,7,7
4806,fusée,7,3
4807,fâcheux,7,7
4808,cran,7,6
4809,vêpres,7,7
4810,brandir,7,7
4811,grossir,7,6
4812,verdoyant,7,7
4813,vedette,7,6
4814,expirer,7,6
4815,mathématique,7,5
4816,philosophie,7,7
4817,destinée,7,6
4818,ignorance,7,7
4819,entente,7,7
4820,colossal,7,6
4821,incarner,7,6
4822,pliant,7,7
4823,parallèlement,7,6
4824,expérimenter,7,6
4825,confusion,7,7
4826,reprocher,7,6
4827,client,7,6
4828,attachant,7,7
4829,roulement,7,7
4830,pyrogravure,7,4
4831,instantanément,7,7
4832,haché,7,4
4833,douce,7,7
4834,pipe,7,5
4835,délicatement,7,6
4836,princesse,7,4
4837,écossais,7,6
4838,celtique,7,6
4839,héroïne,7,6
4840,chambéry,7,3
4841,principale,7,7
4842,retarder,7,6
4843,bénit,7,7
4844,prodiguer,7,7
4845,faction,7,6
4846,fraterniser,7,7
4847,permanence,7,6
4848,confiserie,7,7
4849,ordinairement,7,7
4850,desservir,7,6
4851,péniblement,7,7
4852,accommoder,7,6
4853,viseur,7,3
4854,biscuit,7,7
4855,triangulaire,7,5
4856,clientèle,7,6
4857,expressif,7,7
4858,galène,7,1
4859,déformer,7,7
4860,turbot,7,6
4861,chicorée,7,6
4862,maquereau,7,5
4863,crustacé,7,7
4864,émetteur,7,4
4865,parleur,7,7
4866,noyau,7,5
4867,entraînant,7,7
4868,purée,7,5
4869,homogène,7,6
4870,légitime,7,7
4871,angoissant,7,6
4872,bosse,7,4
4873,scalp,7,7
4874,fente,7,5
4875,torture,7,4
4876,rayonne,7,6
4877,débat,7,3
4878,nullement,7,7
4879,respectable,7,6
4880,dévouée,7,7
4881,moule,7,6
4882,confidence,7,7
4883,moustique,7,5
4884,enclos,7,6
4885,laïus,7,4
4886,rigidité,7,5
4887,aérodrome,7,6
4888,replacer,7,5
4889,portatif,7,7
4890,survivre,7,7
4891,magnésium,7,3
4892,multitude,7,6
4893,servant,7,6
4894,chromotrikotérion,7,3
4895,etendard,7,5
4896,trompette,7,5
4897,démontage,7,6
4898,eucharistique,7,5
4899,capucine,7,7
4900,golf,7,5
4901,indiscret,7,6
4902,contingent,7,2
4903,relayer,7,7
4904,prima,7,7
4905,tireuse,7,2
4906,inaperçu,7,6
4907,massacre,7,7
4908,soucier,7,7
4909,rodez,7,4
4910,stupéfaire,7,6
4911,pleureur,7,2
4912,talisman,7,1
4913,squamish,7,1
4914,cadavre,7,5
4915,agricole,7,6
4916,boulon,7,4
4917,audience,7,4
4918,frégate,7,2
4919,plongeon,7,2
4920,négatif,7,4
4921,muraille,7,6
4922,bague,7,3
4923,spéciale,7,7
4924,contrôleur,7,3
4925,détective,7,7
4926,périssoire,7,1
4927,martyre,7,3
4928,crémaillère,7,4
4929,intempérie,6,6
4930,régime,6,6
4931,amarre,6,6
4932,serein,6,5
4933,douanier,6,5
4934,visa,6,6
4935,foncer,6,6
4936,déferler,6,6
4937,paresse,6,6
4938,gravement,6,6
4939,transmission,6,6
4940,tunique,6,3
4941,filin,6,4
4942,scander,6,4
4943,maillet,6,5
4944,bleuté,6,4
4945,lisible,6,6
4946,intriguer,6,5
4947,atterrissage,6,4
4948,voilure,6,4
4949,dispositif,6,5
4950,abaisse,6,5
4951,bière,6,5
4952,infusion,6,3
4953,sucer,6,6
4954,ier,6,6
4955,médian,6,6
4956,obligatoirement,6,6
4957,écru,6,5
4958,portefeuille,6,5
4959,charcuterie,6,5
4960,éblouissant,6,6
4961,doter,6,6
4962,pléiade,6,6
4963,infusoire,6,5
4964,abord,6,6
4965,carlingue,6,5
4966,lugubre,6,6
4967,labourer,6,6
4968,ivre,6,5
4969,minuscule,6,6
4970,cauchemar,6,5
4971,frayeur,6,6
4972,incompréhensible,6,6
4973,agresseur,6,2
4974,asile,6,6
4975,moisson,6,6
4976,participe,6,6
4977,remarqu,6,5
4978,musette,6,6
4979,attraper,6,5
4980,faiblesse,6,6
4981,dôme,6,5
4982,parodie,6,5
4983,garnison,6,6
4984,déverser,6,5
4985,grandissant,6,6
4986,lunette,6,4
4987,bandit,6,4
4988,exceptionnellement,6,5
4989,mpiki,6,2
4990,livraison,6,5
4991,neveu,6,5
4992,compétence,6,6
4993,expert,6,6
4994,forteresse,6,5
4995,piloter,6,6
4996,collègue,6,6
4997,engouffrer,6,6
4998,ronfler,6,4
4999,florissant,6,6
5000,pratiquement,6,6
5001,possesseur,6,5
5002,succomber,6,6
5003,initiale,6,6
5004,superficiel,6,5
5005,entraîneur,6,6
5006,milice,6,5
5007,impératif,6,6
5008,pronom,6,5
5009,querelle,6,6
5010,échafauder,6,6
5011,savamment,6,6
5012,portion,6,5
5013,hacher,6,5
5014,licencier,6,6
5015,opposition,6,6
5016,mordre,6,6
5017,écume,6,5
5018,fuser,6,6
5019,clin,6,6
5020,coiffer,6,6
5021,pénitence,6,6
5022,mémorable,6,6
5023,métropolitain,6,5
5024,dramatique,6,6
5025,talus,6,6
5026,parasite,6,4
5027,miette,6,6
5028,reconquérir,6,5
5029,plénitude,6,6
5030,fracture,6,5
5031,panique,6,6
5032,noirâtre,6,6
5033,claquer,6,6
5034,ceinturon,6,5
5035,bastingage,6,6
5036,doncoeur,6,5
5037,féerie,6,6
5038,escarpé,6,5
5039,indice,6,5
5040,enduit,6,5
5041,raide,6,6
5042,faisceau,6,6
5043,bouquin,6,5
5044,compliquer,6,5
5045,littéralement,6,6
5046,prononciation,6,3
5047,exagérer,6,6
5048,satellite,6,5
5049,disant,6,5
5050,dictateur,6,3
5051,bandeau,6,6
5052,interruption,6,5
5053,étirer,6,6
5054,radeau,6,6
5055,echo,6,4
5056,amas,6,5
5057,march,6,6
5058,régularité,6,6
5059,comprimé,6,4
5060,teinture,6,3
5061,ébat,6,6
5062,pelage,6,6
5063,garrot,6,4
5064,panthèr,6,6
5065,copyright,6,6
5066,converser,6,5
5067,requérir,6,5
5068,kilog,6,6
5069,arbrisseau,6,4
5070,challenge,6,6
5071,che,6,5
5072,lancement,6,5
5073,halle,6,3
5074,caporal,6,3
5075,arrondi,6,5
5076,fouler,6,6
5077,combustible,6,6
5078,lambeau,6,4
5079,pris,6,3
5080,écaille,6,6
5081,coquille,6,5
5082,arrondir,6,6
5083,auréole,6,6
5084,manier,6,6
5085,écorcher,6,6
5086,attrister,6,6
5087,préjugé,6,6
5088,miel,6,5
5089,épinard,6,5
5090,brutal,6,6
5091,compétition,6,4
5092,rythmer,6,6
5093,fraternelle,6,6
5094,canal,6,6
5095,céramique,6,4
5096,luire,6,6
5097,cohésion,6,4
5098,surpasser,6,6
5099,fougueux,6,6
5100,memoriam,6,6
5101,pharmacien,6,6
5102,ronflement,6,4
5103,alarme,6,6
5104,chaussée,6,6
5105,bataillon,6,6
5106,véritablement,6,5
5107,tacher,6,6
5108,bravement,6,6
5109,dévoiler,6,5
5110,naturaliste,6,5
5111,quelconque,6,6
5112,agrément,6,6
5113,gratter,6,5
5114,cest,6,6
5115,provenance,6,6
5116,rationnel,6,6
5117,mépriser,6,6
5118,franchement,6,6
5119,revenu,6,6
5120,probable,6,6
5121,respiratoire,6,4
5122,noviciat,6,6
5123,validité,6,5
5124,hypothèse,6,4
5125,engin,6,4
5126,java,6,2
5127,vole,6,5
5128,caprice,6,6
5129,spontanément,6,6
5130,communauté,6,5
5131,avisé,6,6
5132,pelote,6,4
5133,recours,6,6
5134,soupirer,6,6
5135,mutuel,6,5
5136,mouette,6,6
5137,baiser,6,5
5138,fleuri,6,5
5139,floraison,6,5
5140,façade,6,5
5141,balcon,6,5
5142,embraser,6,3
5143,maternel,6,5
5144,tombant,6,6
5145,grade,6,6
5146,modique,6,6
5147,rendez,6,6
5148,remercion,6,5
5149,normalement,6,6
5150,rehausser,6,6
5151,blanchir,6,6
5152,flanelle,6,6
5153,maille,6,6
5154,génial,6,5
5155,étincelant,6,5
5156,escalader,6,6
5157,presbytère,6,5
5158,séduire,6,5
5159,ornithologique,6,3
5160,nomenclature,6,6
5161,priorité,6,2
5162,évolution,6,6
5163,introuvable,6,6
5164,richement,6,6
5165,harmonieux,6,6
5166,poétique,6,5
5167,guitare,6,4
5168,sitôt,6,5
5169,âne,6,5
5170,surlendemain,6,6
5171,abbaye,6,6
5172,adulte,6,5
5173,cocher,6,4
5174,pâlir,6,5
5175,mépris,6,6
5176,chauffe,6,6
5177,irrégulier,6,5
5178,dédain,6,6
5179,ivresse,6,6
5180,brosser,6,3
5181,saisit,6,6
5182,instinctivement,6,5
5183,activer,6,4
5184,mécanisme,6,6
5185,raidir,6,5
5186,bouleverser,6,6
5187,sceptique,6,5
5188,roseau,6,5
5189,gourde,6,3
5190,tampon,6,5
5191,chéri,6,5
5192,offert,6,6
5193,inclus,6,6
5194,quasi,6,5
5195,précipitamment,6,6
5196,attraction,6,6
5197,ceintur,6,5
5198,havane,6,5
5199,vernis,6,4
5200,natte,6,3
5201,ragoût,6,3
5202,enclore,6,6
5203,mâche,6,5
5204,persil,6,4
5205,confiture,6,6
5206,gruyère,6,5
5207,parution,6,5
5208,censuré,6,2
5209,supériorité,6,6
5210,falaise,6,6
5211,axe,6,4
5212,coïncidence,6,4
5213,horloge,6,5
5214,étourdi,6,5
5215,profane,6,6
5216,persévérant,6,6
5217,différence,6,6
5218,clayonnage,6,3
5219,désoler,6,5
5220,similaire,6,6
5221,affluer,6,6
5222,ralliement,6,6
5223,ravage,6,6
5224,bonnamau,6,5
5225,défenseur,6,2
5226,ambassadeur,6,6
5227,souligner,6,5
5228,nageur,6,6
5229,facteur,6,5
5230,verse,6,6
5231,positif,6,4
5232,omission,6,4
5233,friandise,6,5
5234,tempérament,6,5
5235,approximativement,6,6
5236,celluloïd,6,5
5237,caler,6,4
5238,ecoute,6,5
5239,mess,6,6
5240,esquisser,6,6
5241,grimpeur,6,6
5242,astre,6,6
5243,progressif,6,6
5244,entourage,6,6
5245,rôti,6,4
5246,variation,6,4
5247,veux,6,6
5248,agrandir,6,4
5249,télégraphe,6,3
5250,réfugié,6,3
5251,escadre,6,6
5252,côtier,6,6
5253,adverse,6,5
5254,héroïsme,6,4
5255,cale,6,4
5256,crépiter,6,6
5257,mêlée,6,6
5258,effroyable,6,6
5259,strict,6,5
5260,subtil,6,6
5261,guêpe,6,3
5262,graduellement,6,3
5263,rater,6,5
5264,mélancolie,6,5
5265,clergé,6,6
5266,chargé,6,5
5267,bercer,6,5
5268,accolade,6,6
5269,tricolore,6,6
5270,dunette,6,2
5271,palmier,6,4
5272,inaccoutumé,6,6
5273,chacal,6,5
5274,piéton,6,6
5275,tisser,6,6
5276,imprimeur,6,4
5277,mijoter,6,5
5278,cloître,6,5
5279,tropical,6,3
5280,défaillance,6,5
5281,décidément,6,6
5282,créature,6,4
5283,broche,6,6
5284,vessie,6,2
5285,précisément,6,6
5286,accentuer,6,6
5287,averse,6,6
5288,arctique,6,5
5289,roux,6,5
5290,studio,6,4
5291,touring,6,6
5292,banque,6,5
5293,lady,6,6
5294,froncer,6,3
5295,production,6,6
5296,effarer,6,5
5297,nationalité,6,6
5298,tre,6,6
5299,disparition,6,6
5300,funèbre,6,6
5301,réorganisation,6,5
5302,automatiquement,6,6
5303,bijoutier,6,2
5304,adoration,6,5
5305,trackodrome,6,4
5306,docile,6,6
5307,élargir,6,6
5308,ambiance,6,5
5309,jolie,6,6
5310,colosse,6,3
5311,glacial,6,6
5312,trouer,6,5
5313,rouille,6,5
5314,étreindre,6,6
5315,pâturage,6,6
5316,permanganate,6,3
5317,grève,6,6
5318,mander,6,6
5319,émerger,6,6
5320,leste,6,6
5321,terriblement,6,6
5322,boat,6,4
5323,granit,6,5
5324,cantine,6,3
5325,hall,6,6
5326,coupable,6,5
5327,concerter,6,6
5328,désignation,6,6
5329,transatlantique,6,6
5330,caravane,6,4
5331,equipement,6,6
5332,manchette,6,5
5333,étonné,6,5
5334,palier,6,4
5335,paresseux,6,6
5336,complaisant,6,4
5337,velouté,6,5
5338,inspecter,6,6
5339,approximatif,6,6
5340,léguer,6,6
5341,éclaircir,6,6
5342,active,6,6
5343,ofr,6,6
5344,mémorial,6,6
5345,châle,6,6
5346,accompagnement,6,4
5347,prospère,6,6
5348,doyen,6,5
5349,canonnade,6,3
5350,épaisse,6,5
5351,volée,6,4
5352,merlan,6,5
5353,bar,6,6
5354,mulet,6,5
5355,rouget,6,5
5356,éperlan,6,5
5357,escarole,6,5
5358,poire,6,4
5359,langouste,6,6
5360,initier,6,5
5361,économiser,6,6
5362,térébenthine,6,5
5363,chanvre,6,5
5364,fibre,6,4
5365,innovation,6,6
5366,coté,6,6
5367,aise,6,6
5368,méditerranée,6,4
5369,sélectionner,6,6
5370,préalablement,6,6
5371,enlèvement,6,6
5372,bravoure,6,4
5373,voiler,6,5
5374,abnégation,6,6
5375,cre,6,6
5376,accéder,6,6
5377,console,6,6
5378,pâlie,6,3
5379,écluse,6,2
5380,consul,6,5
5381,fève,6,3
5382,abside,6,4
5383,stimuler,6,6
5384,gouge,6,2
5385,écartement,6,5
5386,gomme,6,4
5387,avantageusement,6,6
5388,malchance,6,6
5389,traitement,6,4
5390,conventionnel,6,5
5391,pâtée,6,2
5392,jaguar,6,3
5393,progression,6,6
5394,ile,6,5
5395,trappiste,6,3
5396,croisillon,6,3
5397,alpiniste,6,4
5398,routine,6,6
5399,valeureux,6,6
5400,expéditeur,6,3
5401,stériliser,6,2
5402,contour,6,4
5403,bénéfice,6,6
5404,cheminer,6,4
5405,montagnard,6,5
5406,agape,6,4
5407,révolte,6,5
5408,policier,6,5
5409,inlassablement,6,6
5410,stupéfait,6,6
5411,jonquière,6,6
5412,inventaire,6,6
5413,paternelle,6,6
5414,bourdonnant,6,6
5415,tact,6,4
5416,vicomte,6,3
5417,amoureux,6,6
5418,dick,6,6
5419,garer,6,6
5420,tabouret,6,2
5421,reconnaissant,6,6
5422,algérien,6,4
5423,sirène,6,6
5424,tanière,6,6
5425,escadron,6,3
5426,prompt,6,5
5427,millénaire,6,5
5428,naguère,6,6
5429,peloton,6,2
5430,advenir,6,5
5431,parchemin,6,3
5432,villégiature,6,6
5433,marabout,6,6
5434,mosquée,6,2
5435,coupole,6,4
5436,boueux,6,6
5437,mollement,6,4
5438,grue,6,3
5439,entretoise,6,2
5440,fonctionnaire,6,4
5441,mineur,6,4
5442,vitrail,6,5
5443,bride,6,5
5444,coffret,6,4
5445,biot,6,3
5446,iroquois,6,2
5447,relieur,6,5
5448,transbordement,6,4
5449,cluse,6,2
5450,remorquer,6,3
5451,soulagement,6,6
5452,lamentable,6,4
5453,orfèvrerie,6,5
5454,métis,6,2
5455,niche,6,2
5456,quipo,6,1
5457,patronager,6,6
5458,manette,6,3
5459,enfourcher,6,4
5460,étrave,6,3
5461,lou,6,1
5462,tuile,6,1
5463,ronger,6,4
5464,hotel,6,4
5465,procès,6,4
5466,oette,6,1
5467,timbrer,5,5
5468,apte,5,5
5469,marron,5,5
5470,solidaire,5,5
5471,atteler,5,4
5472,confiant,5,5
5473,terrifiant,5,5
5474,crique,5,3
5475,noblesse,5,5
5476,mammouth,5,5
5477,sonde,5,4
5478,légat,5,3
5479,logis,5,5
5480,ininterrompu,5,5
5481,éclaircie,5,4
5482,évocateur,5,5
5483,parvis,5,5
5484,modification,5,5
5485,ultérieur,5,4
5486,géométrique,5,5
5487,brêler,5,2
5488,poncho,5,5
5489,rein,5,5
5490,taper,5,5
5491,ennuyeux,5,5
5492,guet,5,5
5493,hélice,5,3
5494,sustentation,5,3
5495,dérive,5,5
5496,équilibrer,5,5
5497,gouverne,5,3
5498,gaucho,5,2
5499,maté,5,1
5500,injure,5,3
5501,épicerie,5,5
5502,armement,5,5
5503,rivet,5,2
5504,imper,5,5
5505,river,5,5
5506,ambitieux,5,4
5507,percevoir,5,5
5508,boisé,5,5
5509,infester,5,5
5510,épice,5,5
5511,félin,5,3
5512,rugir,5,5
5513,empiler,5,4
5514,accélérer,5,5
5515,détachement,5,5
5516,palpiter,5,5
5517,blancheur,5,5
5518,lauréat,5,3
5519,fascicule,5,3
5520,perpendiculairement,5,5
5521,triomphalement,5,5
5522,imprudent,5,5
5523,bourguignon,5,5
5524,brigadier,5,2
5525,égyptien,5,5
5526,estampe,5,3
5527,gérer,5,5
5528,silencieusement,5,5
5529,vouer,5,5
5530,morholt,5,1
5531,rançon,5,3
5532,pressé,5,5
5533,ourlet,5,3
5534,rocheux,5,5
5535,turbine,5,5
5536,actionner,5,4
5537,rumeur,5,4
5538,attaché,5,3
5539,scalper,5,4
5540,claquement,5,5
5541,tiroir,5,5
5542,occupant,5,5
5543,étrangler,5,5
5544,encombre,5,5
5545,annuellement,5,3
5546,nomination,5,5
5547,conjonction,5,4
5548,pintade,5,4
5549,escargot,5,5
5550,araignée,5,4
5551,sachet,5,5
5552,tison,5,5
5553,gênant,5,5
5554,indulgence,5,5
5555,hostie,5,4
5556,lointainer,5,5
5557,transition,5,5
5558,effrayé,5,5
5559,express,5,5
5560,éther,5,5
5561,hop,5,4
5562,profusion,5,5
5563,montagneux,5,5
5564,féminin,5,5
5565,coiffure,5,5
5566,idem,5,4
5567,sardine,5,5
5568,pou,5,5
5569,sourdine,5,5
5570,frémissant,5,5
5571,trottoir,5,5
5572,vieillir,5,4
5573,cassure,5,5
5574,cartouche,5,4
5575,détonation,5,5
5576,déserte,5,5
5577,acolyte,5,4
5578,généraliser,5,5
5579,tchèque,5,2
5580,oxygène,5,4
5581,vivat,5,5
5582,réquisitionner,5,5
5583,endommager,5,5
5584,épanouissement,5,4
5585,préside,5,5
5586,paralyser,5,5
5587,hostilité,5,5
5588,durement,5,5
5589,laitue,5,4
5590,analyser,5,5
5591,rusé,5,5
5592,ficeler,5,5
5593,affectueusement,5,5
5594,projectile,5,5
5595,besace,5,4
5596,interpatrouille,5,5
5597,rizière,5,2
5598,croyant,5,5
5599,venger,5,4
5600,fable,5,5
5601,etang,5,4
5602,enrôler,5,4
5603,complète,5,5
5604,breveté,5,5
5605,potasse,5,5
5606,intérieure,5,5
5607,neutre,5,4
5608,saccade,5,5
5609,caverne,5,5
5610,agilité,5,5
5611,relâcher,5,4
5612,destruction,5,5
5613,macaroni,5,3
5614,hausser,5,5
5615,signor,5,2
5616,éponge,5,5
5617,isolément,5,5
5618,utilitaire,5,3
5619,sursaut,5,4
5620,percher,5,5
5621,amasser,5,5
5622,étaler,5,5
5623,subsistance,5,5
5624,affermir,5,5
5625,perroquet,5,3
5626,caoutchouter,5,5
5627,télégraphique,5,5
5628,tremp,5,5
5629,indépendance,5,4
5630,onduler,5,5
5631,nomade,5,5
5632,fourchu,5,3
5633,tranchant,5,4
5634,gît,5,4
5635,déplorer,5,5
5636,coiffe,5,3
5637,aiguisé,5,5
5638,sagement,5,5
5639,rêveur,5,5
5640,liesse,5,5
5641,téléphoner,5,5
5642,triomphant,5,5
5643,révélation,5,5
5644,mûr,5,4
5645,match,5,4
5646,précepte,5,5
5647,notabilité,5,5
5648,filmer,5,4
5649,asm,5,5
5650,séduisant,5,5
5651,improvisation,5,5
5652,condoléances,5,5
5653,asnière,5,5
5654,volcanique,5,4
5655,antre,5,5
5656,tract,5,5
5657,embouchure,5,4
5658,recoin,5,5
5659,plafond,5,5
5660,immeuble,5,4
5661,ambulance,5,4
5662,accidentel,5,4
5663,sournois,5,5
5664,colombe,5,5
5665,terne,5,4
5666,mésange,5,5
5667,brèche,5,5
5668,contrôler,5,5
5669,subsister,5,5
5670,rincer,5,5
5671,accomplissement,5,4
5672,annale,5,5
5673,imprimé,5,5
5674,bourgade,5,4
5675,primeur,5,3
5676,chief,5,4
5677,flatteur,5,5
5678,cul,5,4
5679,recul,5,4
5680,latéralement,5,2
5681,journellement,5,5
5682,souche,5,4
5683,assaisonner,5,5
5684,appréciable,5,4
5685,grognement,5,4
5686,déblayer,5,5
5687,paraîtra,5,5
5688,orgueilleux,5,4
5689,souper,5,5
5690,glorifier,5,4
5691,enorgueillir,5,5
5692,patroudle,5,5
5693,éclore,5,4
5694,poussiéreux,5,5
5695,hôtelier,5,2
5696,rudement,5,5
5697,insouciance,5,5
5698,domination,5,4
5699,continuelle,5,5
5700,silex,5,4
5701,adhérent,5,4
5702,pôle,5,4
5703,souscrire,5,5
5704,désillusion,5,5
5705,additionner,5,4
5706,métropole,5,5
5707,optimisme,5,4
5708,inutilement,5,5
5709,airaine,5,4
5710,messin,5,4
5711,ardemment,5,5
5712,auvergnat,5,3
5713,succulent,5,5
5714,crypte,5,5
5715,pâtisserie,5,5
5716,ultime,5,5
5717,carrer,5,5
5718,satinette,5,5
5719,tanné,5,1
5720,ion,5,5
5721,coloris,5,5
5722,détenteur,5,4
5723,braser,5,5
5724,sacoche,5,5
5725,christianisme,5,4
5726,torpédo,5,5
5727,faisan,5,5
5728,intégral,5,5
5729,miniature,5,5
5730,méfiance,5,5
5731,éduquer,5,4
5732,volcan,5,4
5733,pie,5,5
5734,coupée,5,5
5735,aération,5,4
5736,dépose,5,5
5737,avi,5,5
5738,imitateur,5,4
5739,récollection,5,5
5740,sommairement,5,5
5741,connaisseur,5,5
5742,recruter,5,5
5743,olivier,5,3
5744,dan,5,5
5745,aveugler,5,5
5746,bêtise,5,5
5747,indifférence,5,5
5748,grossier,5,5
5749,viril,5,5
5750,meubler,5,5
5751,barrer,5,5
5752,orée,5,5
5753,sonnette,5,5
5754,hygiénique,5,3
5755,digestion,5,4
5756,succession,5,5
5757,décomposer,5,4
5758,saharien,5,5
5759,bidon,5,4
5760,juif,5,3
5761,baleine,5,3
5762,dénoter,5,4
5763,fusain,5,3
5764,dessein,5,5
5765,pensionnaire,5,5
5766,archange,5,3
5767,luge,5,4
5768,vaillamment,5,5
5769,hectare,5,5
5770,lis,5,5
5771,hétéroclite,5,5
5772,renaissance,5,5
5773,baudrier,5,4
5774,retardataire,5,5
5775,trapèze,5,4
5776,ancrer,5,4
5777,bassine,5,4
5778,alimentaire,5,5
5779,oseille,5,5
5780,endive,5,3
5781,incontestablement,5,5
5782,assaillir,5,5
5783,camouflage,5,3
5784,départager,5,5
5785,unisson,5,5
5786,chante,5,2
5787,voi,5,4
5788,cordon,5,5
5789,envol,5,4
5790,nante,5,5
5791,haute,5,5
5792,scorpion,5,4
5793,rival,5,5
5794,rer,5,5
5795,flamber,5,5
5796,patient,5,4
5797,squaw,5,2
5798,adjiji,5,3
5799,enterrement,5,5
5800,veuve,5,4
5801,jupe,5,3
5802,cordeau,5,4
5803,méridional,5,5
5804,ventr,5,5
5805,piqu,5,4
5806,feuillée,5,4
5807,empressement,5,5
5808,charmer,5,5
5809,imitation,5,5
5810,palme,5,4
5811,trocadéro,5,5
5812,xiv,5,5
5813,borne,5,5
5814,bébé,5,5
5815,cte,5,1
5816,escale,5,5
5817,balance,5,4
5818,filature,5,4
5819,fonderie,5,5
5820,waterman,5,5
5821,organ,5,5
5822,amélioration,5,5
5823,arrangement,5,4
5824,fondement,5,5
5825,récréation,5,3
5826,restituer,5,5
5827,éteint,5,5
5828,inquiétant,5,5
5829,copeau,5,4
5830,réflecteur,5,5
5831,combustion,5,4
5832,usure,5,5
5833,flexible,5,5
5834,pondre,5,5
5835,vermine,5,5
5836,saindoux,5,4
5837,noircir,5,4
5838,crotte,5,4
5839,éventail,5,5
5840,résigner,5,5
5841,aisé,5,5
5842,dominicain,5,4
5843,gueule,5,5
5844,revenant,5,3
5845,crosse,5,3
5846,sauf,5,5
5847,maturité,5,3
5848,fraise,5,5
5849,traité,5,4
5850,rôtir,5,3
5851,gaspillage,5,4
5852,consistance,5,5
5853,graisser,5,4
5854,budget,5,5
5855,coquet,5,5
5856,annexe,5,5
5857,houleux,5,4
5858,argenter,5,5
5859,pelouse,5,5
5860,correction,5,5
5861,géographie,5,5
5862,éminemment,5,4
5863,boche,5,4
5864,grouillant,5,4
5865,faîte,5,5
5866,portant,5,4
5867,abîme,5,4
5868,germe,5,4
5869,éloquent,5,5
5870,dure,5,4
5871,agriculture,5,5
5872,évaluer,5,5
5873,odorant,5,5
5874,multicolore,5,5
5875,chique,5,5
5876,différer,5,5
5877,moralement,5,5
5878,intensif,5,5
5879,atome,5,1
5880,patriotisme,5,5
5881,poudrer,5,5
5882,dompteur,5,1
5883,défunt,5,5
5884,carpe,5,5
5885,dévaler,5,5
5886,aspiration,5,4
5887,uniformité,5,5
5888,kaa,5,4
5889,connu,5,5
5890,paragraphe,5,4
5891,ronce,5,4
5892,moisi,5,3
5893,sarrasin,5,2
5894,errer,5,5
5895,convenable,5,5
5896,restaurant,5,5
5897,germer,5,5
5898,ressusciter,5,5
5899,pantalon,5,4
5900,tailleur,5,5
5901,isolement,5,5
5902,ferry,5,3
5903,steamer,5,4
5904,anxieux,5,5
5905,madeleine,5,4
5906,sanction,5,4
5907,paisiblement,5,5
5908,liturgie,5,4
5909,consigner,5,5
5910,décomposition,5,4
5911,transcrire,5,5
5912,peuplade,5,5
5913,vénération,5,4
5914,exploradore,5,3
5915,iiiiiii,5,5
5916,carmel,5,5
5917,préoccupation,5,5
5918,papa,5,2
5919,squelette,5,4
5920,couché,5,4
5921,douille,5,4
5922,défectueux,5,5
5923,interrupteur,5,4
5924,nerveusement,5,4
5925,énormément,5,5
5926,remords,5,5
5927,meurtrier,5,4
5928,aveu,5,5
5929,reparaître,5,4
5930,mourant,5,4
5931,cerner,5,5
5932,hyène,5,3
5933,continu,5,5
5934,sanatorium,5,4
5935,continuateur,5,5
5936,frileux,5,5
5937,ingénier,5,5
5938,transbordeur,5,3
5939,bricoleur,5,5
5940,insignifiant,5,5
5941,profil,5,2
5942,commodité,5,4
5943,alphabet,5,4
5944,gisement,5,3
5945,désespoir,5,5
5946,acharné,5,4
5947,patriotique,5,5
5948,imprudence,5,5
5949,absurde,5,5
5950,ruiner,5,5
5951,poliment,5,5
5952,grondin,5,4
5953,bruxelle,5,4
5954,écrevisse,5,5
5955,echange,5,4
5956,altérer,5,5
5957,communiste,5,4
5958,corneille,5,3
5959,capturer,5,5
5960,chiffrer,5,4
5961,purement,5,5
5962,chanté,5,5
5963,tisonnier,5,2
5964,timon,5,3
5965,transparent,5,5
5966,majeur,5,4
5967,mastic,5,5
5968,argile,5,2
5969,obstiner,5,5
5970,scientifiquement,5,4
5971,déconseiller,5,5
5972,frottement,5,4
5973,scintillant,5,4
5974,picard,5,4
5975,vareuse,5,4
5976,enragé,5,5
5977,accoster,5,4
5978,égalité,5,4
5979,exhorter,5,5
5980,colon,5,3
5981,broderie,5,4
5982,modelage,5,2
5983,laiton,5,5
5984,insuccès,5,5
5985,hâtif,5,5
5986,truquer,5,3
5987,essieu,5,5
5988,dier,5,5
5989,sportsman,5,5
5990,plisser,5,3
5991,exclure,5,5
5992,captivité,5,3
5993,conique,5,5
5994,humecter,5,5
5995,kimono,5,1
5996,poitier,5,4
5997,mouvementer,5,5
5998,coefficient,5,4
5999,convaincant,5,5
6000,inaltérable,5,5
6001,timidement,5,5
6002,météorologique,5,3
6003,pilotin,5,1
6004,reposoir,5,2
6005,cote,5,5
6006,gailletin,5,1
6007,banlieu,5,5
6008,trophée,5,5
6009,décevoir,5,5
6010,harnois,5,3
6011,glissement,5,4
6012,saillant,5,4
6013,froisser,5,5
6014,équerre,5,5
6015,redevance,5,1
6016,sfer,5,2
6017,enduire,5,5
6018,grenobl,5,5
6019,incessamment,5,5
6020,implacable,5,5
6021,barbu,5,5
6022,brodequin,5,3
6023,ruer,5,5
6024,len,5,3
6025,impérissable,5,5
6026,ému,5,5
6027,appât,5,3
6028,craquement,5,5
6029,veine,5,5
6030,esthétique,5,5
6031,épai,5,3
6032,contreplaqué,5,4
6033,saillie,5,4
6034,économe,5,3
6035,sorcier,5,3
6036,écart,5,5
6037,mufle,5,1
6038,magistrat,5,3
6039,autographe,5,3
6040,bourrée,5,4
6041,masquer,5,5
6042,immobilité,5,5
6043,battue,5,5
6044,cerveau,5,4
6045,farce,5,5
6046,collier,5,5
6047,désarmer,5,5
6048,marbre,5,2
6049,fresque,5,2
6050,pourpoint,5,5
6051,prédécesseur,5,5
6052,apen,5,5
6053,usin,5,5
6054,inlassable,5,5
6055,harrasser,5,5
6056,imperceptible,5,4
6057,gratuiter,5,5
6058,antidérapant,5,5
6059,adhérence,5,4
6060,sévèrement,5,5
6061,concentration,5,4
6062,finance,5,5
6063,enchantement,5,5
6064,surbaisser,5,5
6065,fixage,5,5
6066,fendiller,5,5
6067,contrast,5,5
6068,guetter,5,4
6069,tristement,5,4
6070,dicton,5,5
6071,mue,5,5
6072,redoubler,5,5
6073,épine,5,4
6074,futaie,5,4
6075,coût,5,5
6076,brumeux,5,5
6077,panache,5,4
6078,pédagogique,5,4
6079,bromure,5,4
6080,ame,5,4
6081,exténuer,5,5
6082,scoutette,5,1
6083,plaisant,5,4
6084,rafale,5,5
6085,lourdement,5,5
6086,bouline,5,1
6087,monteur,5,5
6088,capter,5,3
6089,écrou,5,4
6090,avocat,5,4
6091,ruisselant,5,4
6092,thoracique,5,1
6093,évoluer,5,5
6094,thèse,5,5
6095,portali,5,5
6096,soutien,5,4
6097,stratégique,5,4
6098,ourson,5,2
6099,décoller,5,5
6100,estre,5,5
6101,croc,5,4
6102,fourrure,5,4
6103,eve,5,1
6104,jongleur,5,2
6105,bâillement,5,2
6106,brutalement,5,5
6107,angloi,5,2
6108,sucrer,5,4
6109,agrandisseur,5,1
6110,butée,5,2
6111,armado,5,1
6112,arrimage,5,3
6113,lithographie,5,1
6114,remontée,5,4
6115,calumet,5,3
6116,soquet,5,1
6117,abordable,4,4
6118,étanche,4,4
6119,comparable,4,4
6120,lain,4,4
6121,icart,4,1
6122,foc,4,3
6123,naviguer,4,4
6124,navigateur,4,3
6125,conscient,4,4
6126,brassée,4,4
6127,aquatique,4,4
6128,indochinois,4,2
6129,glorieuse,4,4
6130,mobilier,4,4
6131,frêle,4,4
6132,glacer,4,4
6133,huitième,4,3
6134,victorieux,4,4
6135,radiophonique,4,3
6136,invincible,4,4
6137,tendresse,4,4
6138,brest,4,4
6139,rallie,4,4
6140,tenon,4,3
6141,jarret,4,4
6142,entrelacer,4,3
6143,allègre,4,4
6144,privé,4,3
6145,commis,4,3
6146,digérer,4,4
6147,artisan,4,4
6148,affairé,4,4
6149,abstrait,4,4
6150,fuselage,4,2
6151,glissant,4,4
6152,basculer,4,4
6153,inversement,4,3
6154,arcade,4,4
6155,parcelle,4,4
6156,pareillement,4,3
6157,sangle,4,4
6158,réglable,4,2
6159,inusable,4,4
6160,vrombissement,4,4
6161,frondaison,4,4
6162,jucher,4,4
6163,blason,4,4
6164,méconnaître,4,4
6165,disciple,4,4
6166,adorer,4,4
6167,huche,4,2
6168,dijonnais,4,3
6169,vosgien,4,4
6170,compassion,4,3
6171,renverse,4,4
6172,lamentation,4,4
6173,maintient,4,4
6174,crampe,4,4
6175,intimider,4,4
6176,repaire,4,3
6177,kosmosoli,4,3
6178,inaction,4,4
6179,laid,4,4
6180,réconforté,4,4
6181,mâchoire,4,4
6182,tituber,4,4
6183,festin,4,4
6184,instance,4,4
6185,dénommer,4,4
6186,complément,4,4
6187,missel,4,4
6188,équivalent,4,4
6189,réfugier,4,4
6190,pluriel,4,4
6191,faiblir,4,4
6192,voisiner,4,4
6193,vital,4,3
6194,musculaire,4,4
6195,échauffer,4,4
6196,vivifiant,4,4
6197,énoncer,4,4
6198,sautoir,4,4
6199,muscler,4,4
6200,memento,4,4
6201,compteur,4,4
6202,baigneur,4,3
6203,bombe,4,3
6204,trombe,4,4
6205,paresseusement,4,3
6206,retrousser,4,4
6207,bandage,4,4
6208,douloureuse,4,4
6209,consoler,4,4
6210,narrer,4,4
6211,numéroté,4,4
6212,rougeâtre,4,4
6213,sultan,4,4
6214,sphère,4,4
6215,hasarder,4,4
6216,pense,4,4
6217,bistre,4,4
6218,humblement,4,4
6219,bohémien,4,2
6220,regardant,4,3
6221,venu,4,4
6222,enthousiasmer,4,4
6223,rageur,4,4
6224,strophe,4,4
6225,évangile,4,4
6226,souvien,4,4
6227,infirme,4,4
6228,bracelet,4,3
6229,brune,4,3
6230,déceler,4,4
6231,tornade,4,3
6232,voilier,4,4
6233,peupler,4,4
6234,ténèbre,4,3
6235,pensionnat,4,3
6236,hérétique,4,3
6237,cramponner,4,4
6238,age,4,4
6239,intransigeant,4,4
6240,extérieurement,4,3
6241,fougue,4,4
6242,supplice,4,4
6243,longitudinal,4,2
6244,transpiration,4,3
6245,menedi,4,2
6246,stupéfaction,4,4
6247,ironique,4,4
6248,trèfle,4,4
6249,renouer,4,4
6250,conifère,4,3
6251,editeur,4,4
6252,liqueur,4,4
6253,diluvienne,4,4
6254,caille,4,4
6255,mas,4,4
6256,obéissant,4,4
6257,essouffler,4,3
6258,uniformément,4,4
6259,pharmaceutique,4,4
6260,volumineux,4,4
6261,fiole,4,2
6262,fixera,4,3
6263,zinc,4,4
6264,crinière,4,2
6265,contentement,4,4
6266,fosse,4,4
6267,mangeur,4,3
6268,rôder,4,4
6269,enquérir,4,4
6270,parlement,4,4
6271,préliminaire,4,4
6272,hébert,4,4
6273,chiffon,4,3
6274,tasser,4,4
6275,alternatif,4,4
6276,signalisme,4,4
6277,préhistorique,4,3
6278,brasier,4,3
6279,maure,4,4
6280,gendre,4,3
6281,philosophe,4,4
6282,arrimer,4,3
6283,gueux,4,3
6284,zéro,4,3
6285,imagé,4,4
6286,migrateur,4,4
6287,avertissement,4,3
6288,affamé,4,4
6289,tomahawk,4,4
6290,superposer,4,4
6291,monticule,4,3
6292,tacheté,4,3
6293,aire,4,4
6294,cruauté,4,4
6295,olive,4,4
6296,mangouste,4,4
6297,erratum,4,4
6298,jugulaire,4,4
6299,ajuster,4,4
6300,obliquement,4,4
6301,dissimulé,4,4
6302,amusé,4,4
6303,glissade,4,3
6304,rembourser,4,4
6305,synthétique,4,3
6306,laxatif,4,2
6307,chimique,4,4
6308,aéré,4,4
6309,diplômé,4,4
6310,redresse,4,4
6311,réjouissant,4,4
6312,providentiel,4,4
6313,lanceur,4,3
6314,maxime,4,3
6315,porquerolle,4,4
6316,valdant,4,3
6317,thérèse,4,3
6318,soviétique,4,4
6319,horlogerie,4,3
6320,boutonner,4,2
6321,clameur,4,4
6322,chauff,4,4
6323,sion,4,4
6324,avancé,4,4
6325,déblai,4,3
6326,tenant,4,4
6327,élire,4,4
6328,attribut,4,4
6329,privilégier,4,4
6330,assied,4,4
6331,couchant,4,4
6332,maîtresse,4,4
6333,précieusement,4,4
6334,metteur,4,4
6335,enchaîner,4,3
6336,englober,4,2
6337,calmement,4,3
6338,cohue,4,4
6339,espéron,4,4
6340,nuque,4,4
6341,rythmée,4,3
6342,adjuger,4,4
6343,ovale,4,4
6344,fraternisation,4,4
6345,puy,4,4
6346,égide,4,4
6347,citation,4,3
6348,fidèlement,4,4
6349,raccommoder,4,4
6350,extrayon,4,3
6351,braconnier,4,2
6352,rétablir,4,4
6353,assigner,4,4
6354,discrètement,4,4
6355,exigeant,4,4
6356,implorer,4,4
6357,radieu,4,3
6358,étoilé,4,4
6359,effusion,4,4
6360,intimité,4,4
6361,guirlande,4,3
6362,substantiel,4,4
6363,confortablement,4,4
6364,garage,4,4
6365,amarrer,4,4
6366,chariot,4,3
6367,pagaïe,4,3
6368,indécis,4,4
6369,rêvant,4,4
6370,semailles,4,3
6371,mystique,4,4
6372,nicher,4,4
6373,verrière,4,4
6374,citadin,4,4
6375,peiner,4,4
6376,gouverner,4,4
6377,régent,4,3
6378,répèter,4,4
6379,singulièrement,4,4
6380,bruni,4,4
6381,couronnement,4,4
6382,monarque,4,4
6383,transposer,4,4
6384,championnat,4,4
6385,impraticable,4,4
6386,capuchon,4,3
6387,ferraille,4,4
6388,assombrir,4,4
6389,dortoir,4,4
6390,paroissien,4,4
6391,choral,4,4
6392,bloquer,4,4
6393,cratère,4,2
6394,iiiiii,4,4
6395,iiii,4,4
6396,lux,4,4
6397,guidon,4,3
6398,interviewer,4,4
6399,favori,4,4
6400,disséminer,4,3
6401,brebis,4,4
6402,renaissant,4,4
6403,parachever,4,4
6404,éducatif,4,4
6405,patauger,4,4
6406,faune,4,2
6407,exotique,4,4
6408,comptabilité,4,4
6409,biais,4,3
6410,saveur,4,4
6411,sciure,4,3
6412,caresse,4,4
6413,retremper,4,4
6414,vendu,4,4
6415,poupe,4,3
6416,orchestre,4,3
6417,dignement,4,4
6418,célébration,4,4
6419,ovation,4,4
6420,intitulée,4,3
6421,patronal,4,4
6422,proportionnel,4,3
6423,illisible,4,4
6424,mental,4,4
6425,agenouille,4,4
6426,intensifier,4,4
6427,accumuler,4,4
6428,tair,4,4
6429,ferrure,4,4
6430,monnaie,4,3
6431,portière,4,4
6432,loyalisme,4,4
6433,cueillir,4,4
6434,acétylèn,4,3
6435,singulier,4,4
6436,ralenti,4,3
6437,clairon,4,3
6438,verni,4,4
6439,dito,4,2
6440,basket,4,2
6441,ordonnance,4,4
6442,claie,4,3
6443,lacer,4,3
6444,minéral,4,4
6445,bouthéou,4,1
6446,bûchette,4,3
6447,thon,4,4
6448,ortie,4,3
6449,crue,4,4
6450,holland,4,4
6451,côtelette,4,4
6452,laçage,4,3
6453,benjamin,4,4
6454,affable,4,4
6455,croche,4,2
6456,salir,4,4
6457,désire,4,4
6458,essaye,4,3
6459,gelé,4,4
6460,parapet,4,3
6461,colombier,4,3
6462,croupon,4,3
6463,rasoir,4,3
6464,première,4,3
6465,ébullition,4,3
6466,tenderfoot,4,4
6467,contr,4,4
6468,alfa,4,4
6469,anxiété,4,4
6470,allumage,4,4
6471,formel,4,4
6472,rocailleux,4,4
6473,gelée,4,4
6474,betterave,4,4
6475,habitat,4,3
6476,cuirasse,4,4
6477,dard,4,4
6478,fugitif,4,4
6479,gaie,4,4
6480,râpe,4,4
6481,talc,4,4
6482,grièvement,4,4
6483,marraine,4,4
6484,immaculée,4,3
6485,moussu,4,4
6486,dif,4,3
6487,fumeur,4,4
6488,radius,4,3
6489,typographique,4,4
6490,indépendant,4,4
6491,chenille,4,3
6492,dépositaire,4,4
6493,henry,4,4
6494,tartarie,4,3
6495,thibet,4,3
6496,friture,4,3
6497,maladroit,4,3
6498,pioche,4,2
6499,insaisissable,4,4
6500,unioniste,4,4
6501,infernal,4,4
6502,botte,4,4
6503,désosser,4,4
6504,muguet,4,3
6505,élogieux,4,4
6506,démolir,4,4
6507,west,4,4
6508,dévaster,4,3
6509,énumération,4,4
6510,habitable,4,4
6511,rétablissement,4,4
6512,manqu,4,3
6513,investir,4,3
6514,goûté,4,4
6515,saynète,4,4
6516,doliveux,4,4
6517,prémices,4,4
6518,coadjuteur,4,4
6519,evêché,4,4
6520,lycéen,4,4
6521,commandeur,4,4
6522,révolutionner,4,4
6523,esquimau,4,3
6524,charrue,4,3
6525,étouffé,4,4
6526,veilleur,4,4
6527,fumé,4,3
6528,hérisser,4,4
6529,cil,4,4
6530,rugueux,4,4
6531,compagne,4,4
6532,levure,4,1
6533,grer,4,4
6534,prescrire,4,4
6535,statut,4,3
6536,prévaloir,4,4
6537,bambara,4,2
6538,épique,4,4
6539,lande,4,4
6540,agité,4,4
6541,genêt,4,3
6542,tuilerie,4,4
6543,estomper,4,4
6544,goéland,4,2
6545,marsouin,4,3
6546,étale,4,4
6547,vertigineux,4,4
6548,dune,4,4
6549,chouette,4,4
6550,rade,4,4
6551,prouesse,4,4
6552,mauser,4,1
6553,calibre,4,3
6554,butin,4,4
6555,rétrécir,4,4
6556,largesse,4,3
6557,réfractaire,4,4
6558,exempter,4,4
6559,meurtrir,4,4
6560,ardu,4,4
6561,hanneton,4,2
6562,conférencier,4,4
6563,castre,4,3
6564,propice,4,4
6565,joyau,4,4
6566,éloignement,4,4
6567,letter,4,1
6568,coupez,4,4
6569,boréal,4,3
6570,imperm,4,3
6571,once,4,4
6572,fonte,4,4
6573,boi,4,4
6574,ecouter,4,4
6575,frisé,4,4
6576,exquis,4,3
6577,boer,4,2
6578,accroissement,4,4
6579,orateur,4,3
6580,poignard,4,4
6581,mouille,4,4
6582,vitrer,4,4
6583,alternance,4,4
6584,fouet,4,4
6585,jubilaire,4,3
6586,messire,4,3
6587,regnum,4,2
6588,trotter,4,3
6589,promeneur,4,4
6590,appréciation,4,4
6591,scrupuleusement,4,4
6592,esclave,4,4
6593,acajou,4,3
6594,couvertur,4,4
6595,oriflamme,4,4
6596,dignité,4,4
6597,conquérant,4,4
6598,évêché,4,4
6599,aquitaine,4,4
6600,tunisie,4,3
6601,flou,4,3
6602,doublement,4,4
6603,appétissant,4,4
6604,entamer,4,4
6605,biseau,4,2
6606,clamer,4,4
6607,bouché,4,4
6608,pincée,4,3
6609,paladin,4,3
6610,gourmand,4,4
6611,excès,4,3
6612,exploratori,4,1
6613,immensité,4,4
6614,coteau,4,4
6615,enivrer,4,3
6616,épi,4,4
6617,etourneau,4,3
6618,écriteau,4,4
6619,tenture,4,4
6620,payant,4,4
6621,agglomération,4,4
6622,lavabo,4,4
6623,trafic,4,4
6624,ombrager,4,4
6625,légation,4,4
6626,ecossai,4,4
6627,réalisateur,4,3
6628,chaleureusement,4,4
6629,dédicace,4,3
6630,cueillette,4,3
6631,turc,4,4
6632,énigme,4,3
6633,abandonné,4,4
6634,orageux,4,4
6635,assoupir,4,3
6636,piteux,4,3
6637,indélébile,4,4
6638,sexe,4,2
6639,nidification,4,2
6640,ranse,4,4
6641,convocation,4,4
6642,dépeindre,4,4
6643,archive,4,4
6644,promouvoir,4,4
6645,préventorium,4,3
6646,alias,4,3
6647,daim,4,4
6648,devis,4,4
6649,banquier,4,2
6650,flatter,4,4
6651,oreiller,4,4
6652,haletant,4,4
6653,jaloux,4,4
6654,faste,4,4
6655,féerique,4,4
6656,asseoit,4,4
6657,tâter,4,3
6658,grondement,4,3
6659,nuée,4,4
6660,coincer,4,4
6661,condensateur,4,2
6662,raviser,4,4
6663,plaquer,4,4
6664,hocher,4,4
6665,grincement,4,4
6666,lave,4,4
6667,bouillie,4,2
6668,superflu,4,4
6669,racheter,4,4
6670,inconsciemment,4,4
6671,légère,4,4
6672,coïncider,4,4
6673,atroce,4,4
6674,adoucir,4,4
6675,couramment,4,4
6676,libeller,4,4
6677,cloîtrer,4,4
6678,impose,4,4
6679,fonderier,4,4
6680,nécessairement,4,3
6681,manie,4,4
6682,substituer,4,4
6683,entrefilet,4,4
6684,circonférence,4,3
6685,quotidiennement,4,2
6686,escroc,4,3
6687,attirail,4,4
6688,déchaîné,4,3
6689,adj,4,4
6690,subite,4,4
6691,statistique,4,4
6692,rêverie,4,4
6693,notoire,4,4
6694,botaniste,4,3
6695,gaulois,4,2
6696,fatalement,4,4
6697,indescriptible,4,4
6698,dorade,4,3
6699,pissenlit,4,3
6700,crevette,4,4
6701,banane,4,4
6702,externe,4,4
6703,angleterre,4,4
6704,géo,4,4
6705,camaraderie,4,3
6706,banquette,4,2
6707,disponible,4,4
6708,médius,4,2
6709,détendre,4,3
6710,pochoir,4,2
6711,gélatine,4,4
6712,toron,4,2
6713,amarrage,4,2
6714,capelage,4,2
6715,disai,4,4
6716,vil,4,4
6717,barbue,4,4
6718,dage,4,3
6719,remue,4,4
6720,lle,4,3
6721,écrir,4,4
6722,boyal,4,4
6723,glozel,4,3
6724,rudimentaire,4,4
6725,poterie,4,2
6726,relevé,4,4
6727,ternir,4,4
6728,allégresse,4,4
6729,islam,4,3
6730,volontairement,4,4
6731,retentissement,4,3
6732,parquet,4,4
6733,réputer,4,3
6734,provence,4,4
6735,terrien,4,3
6736,animation,4,4
6737,godille,4,2
6738,gaffe,4,2
6739,rectification,4,4
6740,pavoiser,4,4
6741,éloquer,4,4
6742,absorption,4,3
6743,modérer,4,4
6744,cerise,4,4
6745,comptable,4,4
6746,imperméabilité,4,4
6747,indiscutable,4,4
6748,tissage,4,2
6749,raphia,4,3
6750,modeler,4,3
6751,encrer,4,3
6752,espacer,4,4
6753,coquillage,4,3
6754,buvard,4,4
6755,dorure,4,4
6756,entraver,4,3
6757,balancement,4,3
6758,froment,4,4
6759,bretagne,4,3
6760,paternellement,4,4
6761,épaissir,4,4
6762,catalogueh,4,4
6763,progrè,4,4
6764,puer,4,4
6765,inséparable,4,4
6766,malpropre,4,4
6767,antihygiénique,4,4
6768,visuel,4,2
6769,oraison,4,3
6770,préconiser,4,4
6771,évasion,4,4
6772,chènevis,4,2
6773,figue,4,3
6774,économiquement,4,4
6775,demoiselle,4,4
6776,vertige,4,3
6777,opéra,4,4
6778,rhin,4,4
6779,limon,4,3
6780,aïe,4,2
6781,hilarité,4,4
6782,almanach,4,3
6783,brièvement,4,4
6784,démêler,4,3
6785,portative,4,4
6786,stylographe,4,4
6787,cirer,4,3
6788,clé,4,4
6789,etendre,4,3
6790,historien,4,4
6791,firme,4,4
6792,epreuve,4,3
6793,aveyron,4,4
6794,tors,4,4
6795,régate,4,3
6796,scoutmaîtrise,4,3
6797,magazine,4,4
6798,grenadier,4,2
6799,bienheureux,4,1
6800,faiblement,4,3
6801,dense,4,4
6802,sinistrer,4,2
6803,impliquer,4,4
6804,gratifier,4,4
6805,rapprochement,4,4
6806,énervant,4,4
6807,roulette,4,1
6808,pique,4,4
6809,digestif,4,4
6810,fraction,4,3
6811,sévignéet,4,4
6812,solde,4,4
6813,joliment,4,3
6814,fréquenter,4,4
6815,engloutir,4,4
6816,bruissement,4,4
6817,cargo,4,4
6818,perc,4,2
6819,enjambée,4,4
6820,tronçon,4,4
6821,clavier,4,2
6822,physiquement,4,4
6823,jovial,4,4
6824,pat,4,3
6825,parfumer,4,4
6826,gendarme,4,3
6827,détremper,4,4
6828,verger,4,3
6829,particularité,4,4
6830,yachting,4,2
6831,optique,4,3
6832,maïs,4,4
6833,discipliné,4,4
6834,atterrir,4,4
6835,dictionnaire,4,3
6836,suer,4,4
6837,géologique,4,3
6838,noire,4,4
6839,tou,4,4
6840,hémorragie,4,4
6841,inondation,4,4
6842,chancelier,4,4
6843,inertie,4,3
6844,charte,4,3
6845,auguste,4,4
6846,jubiler,4,3
6847,chaumière,4,3
6848,potter,4,1
6849,méthodiquement,4,4
6850,ingrat,4,4
6851,aime,4,3
6852,cubiste,4,2
6853,netteté,4,4
6854,trébucher,4,4
6855,vestige,4,4
6856,inégal,4,3
6857,rangement,4,4
6858,stage,4,4
6859,consciencieusement,4,4
6860,pêcher,4,3
6861,contagieux,4,4
6862,insinuer,4,4
6863,râtelier,4,3
6864,pilastre,4,1
6865,scénique,4,4
6866,emballer,4,3
6867,roumain,4,4
6868,littoral,4,4
6869,mairidon,4,3
6870,ressemblance,4,3
6871,corporation,4,3
6872,velu,4,4
6873,discrétion,4,4
6874,canonnier,4,2
6875,jésuite,4,3
6876,ébattre,4,4
6877,interrogatoire,4,3
6878,rééditer,4,4
6879,chargeur,4,4
6880,resplendir,4,4
6881,redemander,4,4
6882,émoi,4,4
6883,exhiber,4,4
6884,maroquinerie,4,4
6885,inclu,4,3
6886,soudanais,4,1
6887,chandelle,4,4
6888,convention,4,3
6889,imaginaire,4,4
6890,dérangement,4,4
6891,débiter,4,4
6892,stérile,4,4
6893,ecriver,4,4
6894,parenthèse,4,4
6895,gabarit,4,3
6896,punition,4,4
6897,fourneau,4,4
6898,adsim,4,4
6899,traître,4,4
6900,fameuse,4,4
6901,casquette,4,4
6902,gas,4,1
6903,bromur,4,4
6904,finesse,4,4
6905,médiéval,4,4
6906,ruisseler,4,4
6907,clochette,4,4
6908,bourdon,4,1
6909,fardeau,4,3
6910,protectionniste,4,2
6911,répercussion,4,4
6912,alpin,4,4
6913,eul,4,4
6914,incessant,4,3
6915,effroi,4,4
6916,coursier,4,4
6917,cachette,4,4
6918,épuisement,4,4
6919,efficacement,4,4
6920,vertèbre,4,2
6921,geôlier,4,2
6922,répond,4,4
6923,copier,4,4
6924,excessif,4,3
6925,ris,4,1
6926,essuyer,4,4
6927,adolescence,4,3
6928,promotion,4,3
6929,serpente,4,3
6930,barder,4,4
6931,arpenter,4,4
6932,hermine,4,3
6933,prodigue,4,4
6934,aimanter,4,2
6935,semeus,4,4
6936,rocheuse,4,4
6937,éboulis,4,2
6938,raccourci,4,3
6939,sbire,4,4
6940,oulette,4,4
6941,paître,4,4
6942,mélancolique,4,4
6943,bure,4,3
6944,savonneux,4,4
6945,envahisseur,4,4
6946,intuition,4,4
6947,effectivement,4,4
6948,glaner,4,3
6949,romanichel,4,3
6950,hérésie,4,3
6951,lécher,4,3
6952,brouette,4,2
6953,rebuter,4,3
6954,enfer,4,4
6955,vivace,4,3
6956,étroitement,4,3
6957,figer,4,4
6958,séoube,4,4
6959,opère,4,3
6960,émulsion,4,2
6961,incassable,4,3
6962,intimement,4,4
6963,trot,4,4
6964,inébranlable,4,3
6965,diarrhée,4,2
6966,phlyctène,4,1
6967,vaseline,4,3
6968,furoncle,4,1
6969,housse,4,2
6970,horde,4,3
6971,mûrir,4,4
6972,panoramique,4,4
6973,nostalgique,4,4
6974,transversal,4,2
6975,flore,4,3
6976,nervosité,4,4
6977,réf,4,3
6978,transit,4,3
6979,instr,4,4
6980,gaver,4,1
6981,déception,4,4
6982,bourrer,4,2
6983,harnais,4,2
6984,interrogation,4,2
6985,mocassin,4,4
6986,exhaler,4,4
6987,blockaus,4,3
6988,droguiste,4,3
6989,connestabl,4,1
6990,prieuré,4,1
6991,hallucinant,4,3
6992,détaillé,4,4
6993,empoisonner,4,4
6994,scruter,4,3
6995,espionnage,4,4
6996,geôle,4,3
6997,sulfate,4,3
6998,excursionniste,4,1
6999,parlo,4,1
7000,tape,4,3
7001,dép,4,3
7002,aaa,4,1
7003,aaaa,4,1
7004,dièze,4,1
7005,lithographique,4,1
7006,pensai,4,4
7007,assomption,4,3
7008,remorque,4,4
7009,puceau,4,2
7010,bobsleigh,4,3
7011,prestidigitateur,4,4
7012,récitant,4,1
7013,voiturier,4,1
7014,sabord,4,1
7015,noé,4,1
7016,pasque,4,1
7017,fiacre,4,1
7018,percal,3,1
7019,contexture,3,1
7020,braver,3,3
7021,chiné,3,3
7022,sangl,3,2
7023,vigie,3,3
7024,manœuvr,3,2
7025,perpendiculairemer,3,3
7026,pointu,3,3
7027,grelotter,3,2
7028,houx,3,3
7029,dédommagement,3,3
7030,bandé,3,3
7031,larigaudie,3,2
7032,hérisson,3,3
7033,bombardement,3,3
7034,attester,3,3
7035,cachot,3,3
7036,hésitant,3,3
7037,détestable,3,3
7038,comédien,3,3
7039,entrecouper,3,3
7040,dialoguer,3,3
7041,élaboration,3,3
7042,seout,3,3
7043,fulgurant,3,3
7044,mesurant,3,3
7045,lage,3,3
7046,mortaise,3,2
7047,bouée,3,3
7048,étalage,3,3
7049,dre,3,3
7050,cordonnier,3,3
7051,simuler,3,3
7052,dispense,3,3
7053,moderniser,3,3
7054,recoudre,3,3
7055,idiot,3,3
7056,entour,3,2
7057,bénédicité,3,3
7058,géométrie,3,2
7059,pampa,3,3
7060,synonyme,3,3
7061,concilier,3,3
7062,tribut,3,3
7063,américaine,3,3
7064,publicitaire,3,3
7065,eclair,3,3
7066,opportun,3,3
7067,extasier,3,3
7068,affaiblir,3,3
7069,trapu,3,3
7070,affreusement,3,3
7071,cible,3,3
7072,annihiler,3,3
7073,agripper,3,3
7074,terrifier,3,3
7075,potence,3,3
7076,eternell,3,2
7077,epiphanie,3,2
7078,conforme,3,3
7079,culbute,3,3
7080,élance,3,3
7081,bouder,3,3
7082,éclipser,3,3
7083,fine,3,3
7084,fourrer,3,3
7085,alpinisme,3,3
7086,réabonner,3,3
7087,dalle,3,3
7088,gantelet,3,3
7089,jamai,3,2
7090,ployer,3,3
7091,tristan,3,1
7092,vogu,3,3
7093,affaisser,3,3
7094,délirant,3,3
7095,calicot,3,3
7096,impuissance,3,3
7097,tarir,3,3
7098,négocier,3,3
7099,offensive,3,3
7100,digital,3,3
7101,amirauté,3,2
7102,lord,3,3
7103,diplomatique,3,3
7104,revolver,3,3
7105,louvetism,3,3
7106,ouïr,3,3
7107,magnanime,3,3
7108,particule,3,3
7109,set,3,3
7110,détester,3,3
7111,paon,3,3
7112,grincer,3,3
7113,limace,3,3
7114,agaçant,3,3
7115,poinçon,3,2
7116,symétrique,3,3
7117,entailler,3,3
7118,indienne,3,3
7119,sautillement,3,3
7120,enserrer,3,3
7121,frictionner,3,3
7122,mirobolante,3,3
7123,cimenter,3,2
7124,alleluia,3,3
7125,appesantir,3,3
7126,obscurcir,3,3
7127,italique,3,3
7128,neuve,3,3
7129,magnéto,3,2
7130,athlète,3,3
7131,geindre,3,3
7132,pitoyable,3,3
7133,ornementation,3,3
7134,approfondi,3,3
7135,interjection,3,3
7136,significatif,3,3
7137,attaquant,3,3
7138,ant,3,3
7139,succursale,3,3
7140,froger,3,3
7141,dodu,3,2
7142,tousser,3,2
7143,harasser,3,3
7144,accablant,3,3
7145,supplication,3,3
7146,parabole,3,2
7147,chauve,3,3
7148,typique,3,3
7149,dédaigneux,3,3
7150,plastique,3,3
7151,soliste,3,3
7152,perpétuel,3,3
7153,surcroît,3,3
7154,distancer,3,3
7155,malsain,3,3
7156,ride,3,3
7157,bambin,3,3
7158,mentalité,3,3
7159,perturbation,3,3
7160,déclancher,3,3
7161,aveuglant,3,3
7162,étourdir,3,2
7163,survivant,3,2
7164,murmura,3,3
7165,albanais,3,2
7166,inerte,3,3
7167,tempe,3,3
7168,extase,3,3
7169,oratoire,3,3
7170,anciennement,3,3
7171,toulouse,3,3
7172,rongeur,3,2
7173,prussien,3,3
7174,inutilisable,3,3
7175,courtoisi,3,3
7176,manivelle,3,3
7177,honorable,3,3
7178,réchauffant,3,3
7179,autruche,3,3
7180,vaillance,3,3
7181,vingtième,3,3
7182,confusément,3,3
7183,lette,3,3
7184,espacé,3,3
7185,gaspiller,3,2
7186,intelligemment,3,3
7187,libération,3,3
7188,refus,3,3
7189,houille,3,3
7190,hémisphère,3,3
7191,bombarder,3,3
7192,mule,3,3
7193,bander,3,3
7194,ablution,3,3
7195,incrédule,3,3
7196,rutilant,3,3
7197,mouron,3,3
7198,héberger,3,3
7199,plui,3,3
7200,imperfection,3,3
7201,favorite,3,3
7202,compositeur,3,3
7203,fondamental,3,3
7204,oral,3,3
7205,digue,3,3
7206,crain,3,3
7207,confianc,3,3
7208,affoler,3,3
7209,tananarive,3,3
7210,charnière,3,3
7211,hydrophile,3,2
7212,coupure,3,3
7213,déplaire,3,3
7214,désintéressé,3,3
7215,injuste,3,3
7216,choyer,3,3
7217,gite,3,2
7218,combine,3,3
7219,hellène,3,3
7220,écouteur,3,3
7221,visibilité,3,3
7222,puisse,3,3
7223,verticale,3,3
7224,pendant,3,3
7225,fléchi,3,2
7226,ondée,3,3
7227,palissade,3,3
7228,fortin,3,3
7229,reliquat,3,2
7230,excursionner,3,3
7231,real,3,3
7232,soldé,3,2
7233,décrocher,3,3
7234,rectiligne,3,2
7235,chemineau,3,1
7236,branchette,3,3
7237,craie,3,2
7238,payement,3,2
7239,lamentablement,3,3
7240,infâme,3,3
7241,moleskine,3,3
7242,permutation,3,1
7243,pauvrement,3,3
7244,instigateur,3,3
7245,régir,3,3
7246,médicament,3,3
7247,corporel,3,2
7248,farineux,3,1
7249,cru,3,2
7250,entremets,3,2
7251,ensoleillée,3,3
7252,puteau,3,3
7253,dromadaire,3,3
7254,déjeune,3,3
7255,grégorien,3,3
7256,abattage,3,3
7257,die,3,3
7258,préséance,3,3
7259,augment,3,3
7260,dépliant,3,3
7261,reconstruction,3,3
7262,déclencher,3,3
7263,réfectoire,3,3
7264,cotte,3,3
7265,calotte,3,3
7266,consulte,3,3
7267,dévidoir,3,2
7268,maniable,3,3
7269,croyance,3,3
7270,raisonnement,3,2
7271,crapaud,3,3
7272,analyse,3,3
7273,vignoble,3,3
7274,diminution,3,3
7275,hazebrouck,3,2
7276,patate,3,3
7277,appellation,3,3
7278,surnom,3,2
7279,ouard,3,1
7280,assiéger,3,2
7281,tord,3,3
7282,dialecte,3,3
7283,articuler,3,3
7284,régie,3,3
7285,précédente,3,2
7286,impair,3,1
7287,suffisant,3,3
7288,ent,3,3
7289,hiérarchie,3,3
7290,ain,3,3
7291,salutaire,3,3
7292,tarte,3,3
7293,car,3,3
7294,pistolet,3,3
7295,innocent,3,3
7296,enrayer,3,3
7297,insuffisance,3,3
7298,hotte,3,3
7299,mom,3,1
7300,enveloppé,3,3
7301,miraculeux,3,3
7302,faïence,3,3
7303,chuchoter,3,3
7304,mélodieux,3,3
7305,deum,3,3
7306,hivernal,3,3
7307,effervescence,3,3
7308,alignement,3,3
7309,décalquer,3,3
7310,moulin,3,3
7311,paillette,3,3
7312,déshérité,3,3
7313,rir,3,2
7314,protégé,3,2
7315,fatiguée,3,1
7316,élu,3,3
7317,réciproquement,3,3
7318,bienfaisance,3,3
7319,accueillant,3,3
7320,écrite,3,3
7321,cancer,3,3
7322,balustrade,3,3
7323,corsaire,3,3
7324,amandier,3,3
7325,chuchotement,3,3
7326,décliner,3,3
7327,mauve,3,2
7328,discerner,3,3
7329,neigeux,3,3
7330,regarde,3,3
7331,voguer,3,3
7332,mol,3,3
7333,airain,3,3
7334,époux,3,3
7335,diadème,3,2
7336,serment,3,3
7337,stalle,3,3
7338,enthousiasmant,3,3
7339,agissant,3,3
7340,interloquer,3,3
7341,saturer,3,3
7342,diligence,3,3
7343,future,3,3
7344,pieu,3,3
7345,bloi,3,3
7346,indéchirable,3,3
7347,tannage,3,3
7348,anglaise,3,3
7349,cousu,3,3
7350,damier,3,3
7351,tism,3,3
7352,harceler,3,3
7353,théologie,3,3
7354,courbé,3,3
7355,rhumatisme,3,3
7356,pétillant,3,3
7357,insurmontable,3,3
7358,classification,3,3
7359,tournure,3,3
7360,périodique,3,3
7361,élevage,3,3
7362,décharge,3,3
7363,gémissement,3,3
7364,pecnard,3,3
7365,reconnai,3,3
7366,verdâtre,3,3
7367,virage,3,3
7368,dévisager,3,3
7369,salie,3,3
7370,étymologie,3,2
7371,confluent,3,3
7372,num,3,3
7373,tremblement,3,3
7374,gave,3,3
7375,lime,3,3
7376,farouche,3,3
7377,baisse,3,3
7378,sommeiller,3,3
7379,var,3,3
7380,gâterie,3,3
7381,résignation,3,3
7382,expirant,3,3
7383,wigwam,3,3
7384,prose,3,3
7385,polémique,3,3
7386,brûlante,3,3
7387,culinaire,3,3
7388,incliné,3,3
7389,allö,3,2
7390,riante,3,3
7391,cuisinière,3,3
7392,escarmouche,3,2
7393,ruée,3,3
7394,serviable,3,3
7395,hêtraie,3,2
7396,teint,3,3
7397,endurci,3,2
7398,ivrogne,3,2
7399,amoindrir,3,3
7400,pénombre,3,3
7401,ogive,3,3
7402,brill,3,3
7403,râle,3,3
7404,symptôme,3,2
7405,souffrant,3,3
7406,amplifier,3,3
7407,surcharge,3,3
7408,essoufflement,3,2
7409,purifier,3,3
7410,tiraillement,3,3
7411,topo,3,3
7412,rareté,3,3
7413,distant,3,3
7414,pendule,3,3
7415,perdu,3,3
7416,déduction,3,3
7417,troisième,3,3
7418,lesdit,3,3
7419,oise,3,3
7420,impénétrable,3,3
7421,sanitaire,3,3
7422,agonisant,3,3
7423,lorsqu,3,3
7424,affolement,3,3
7425,compréhensible,3,3
7426,happer,3,3
7427,patinoire,3,2
7428,pressentir,3,3
7429,emmitoufler,3,3
7430,cosmopolite,3,3
7431,molletière,3,2
7432,envier,3,3
7433,bal,3,2
7434,diffusion,3,3
7435,diam,3,3
7436,fixation,3,3
7437,cordonnet,3,3
7438,dériver,3,3
7439,per,3,3
7440,editorial,3,3
7441,journer,3,2
7442,matériellement,3,3
7443,coulant,3,3
7444,nettoyage,3,3
7445,touffu,3,3
7446,fumant,3,3
7447,abus,3,3
7448,aubergine,3,2
7449,lentille,3,3
7450,tisane,3,3
7451,grillade,3,2
7452,étoilée,3,3
7453,patrouill,3,3
7454,angoissé,3,3
7455,sensiblement,3,3
7456,ponctualité,3,3
7457,irréfléchi,3,3
7458,doué,3,3
7459,grillé,3,3
7460,millet,3,3
7461,blaireau,3,3
7462,redoute,3,3
7463,incontestable,3,3
7464,vaillante,3,3
7465,incroyable,3,3
7466,argileux,3,3
7467,sangloter,3,3
7468,respectueusement,3,3
7469,destinataire,3,3
7470,égoutter,3,3
7471,crémeux,3,3
7472,beefsteak,3,3
7473,recourber,3,2
7474,confesse,3,2
7475,étourderie,3,3
7476,joyeuse,3,3
7477,répliquer,3,2
7478,desserrer,3,3
7479,offenser,3,3
7480,médiator,3,1
7481,obtention,3,3
7482,auspice,3,3
7483,délicieuse,3,3
7484,névé,3,3
7485,rétabli,3,3
7486,prédicateur,3,3
7487,intersection,3,3
7488,déjeunon,3,3
7489,patiemment,3,3
7490,maladresse,3,3
7491,trousseau,3,3
7492,carnaval,3,3
7493,echarpe,3,1
7494,musiqu,3,1
7495,boite,3,2
7496,cendré,3,3
7497,chevreau,3,3
7498,néfaste,3,3
7499,dig,3,3
7500,leà,3,3
7501,cartonné,3,3
7502,véridique,3,3
7503,erroné,3,3
7504,troup,3,3
7505,pourparler,3,3
7506,aubépine,3,2
7507,diffus,3,3
7508,atténuer,3,3
7509,emmagasiner,3,2
7510,pierreux,3,3
7511,cornier,3,2
7512,adosser,3,3
7513,incandescence,3,2
7514,camoufler,3,3
7515,comparaison,3,3
7516,tâchon,3,3
7517,scrupuleux,3,3
7518,filament,3,3
7519,jardinière,3,3
7520,mandibule,3,3
7521,lavage,3,3
7522,céleri,3,2
7523,vivacer,3,3
7524,sorbier,3,2
7525,toiture,3,3
7526,dégât,3,2
7527,ouragan,3,3
7528,intéressé,3,3
7529,contredire,3,3
7530,éloquence,3,3
7531,prévôt,3,2
7532,bertre,3,1
7533,bourjade,3,2
7534,éloquemment,3,3
7535,ture,3,3
7536,adouber,3,3
7537,méfiant,3,3
7538,refroidissement,3,3
7539,josé,3,3
7540,toil,3,3
7541,tong,3,3
7542,boxeur,3,3
7543,tage,3,3
7544,vant,3,3
7545,profonde,3,2
7546,splendidement,3,3
7547,alcyon,3,2
7548,requin,3,3
7549,baleinière,3,3
7550,rigole,3,3
7551,livrée,3,2
7552,morsure,3,3
7553,déplorable,3,3
7554,mixture,3,3
7555,bulle,3,3
7556,carboniser,3,3
7557,paramé,3,3
7558,désireuser,3,3
7559,délibération,3,3
7560,ensoleiller,3,3
7561,funiculaire,3,3
7562,brio,3,3
7563,alliance,3,3
7564,prédire,3,3
7565,entrevue,3,3
7566,filon,3,3
7567,nostalgie,3,3
7568,sidi,3,2
7569,chaire,3,3
7570,huître,3,3
7571,épater,3,3
7572,kilom,3,3
7573,saignant,3,3
7574,jaunâtre,3,3
7575,voracité,3,3
7576,insupportable,3,3
7577,sente,3,2
7578,natal,3,3
7579,électeur,3,2
7580,avidement,3,3
7581,épauler,3,3
7582,menaçant,3,2
7583,pacotille,3,2
7584,culpa,3,2
7585,croûte,3,3
7586,burin,3,3
7587,pulsation,3,1
7588,rabaisser,3,3
7589,belliqueux,3,3
7590,côtoyer,3,3
7591,coeur,3,3
7592,fam,3,3
7593,approvisionner,3,3
7594,emprise,3,3
7595,régénérer,3,2
7596,coordonner,3,3
7597,blanchâtre,3,3
7598,engourdir,3,3
7599,collégien,3,2
7600,jumeau,3,3
7601,domanial,3,3
7602,standard,3,3
7603,bearer,3,1
7604,chapelain,3,3
7605,poignant,3,3
7606,déclin,3,3
7607,olympic,3,3
7608,rembourré,3,3
7609,surnommer,3,3
7610,plaisanter,3,3
7611,mimique,3,3
7612,week,3,2
7613,end,3,3
7614,acétylène,3,3
7615,admirateur,3,3
7616,traite,3,2
7617,incalculable,3,3
7618,bigarré,3,3
7619,aval,3,3
7620,soyez,3,2
7621,remplaçant,3,3
7622,dépêcher,3,3
7623,chaloupe,3,3
7624,maquillage,3,3
7625,assis,3,3
7626,méritant,3,3
7627,extraite,3,3
7628,maîtriser,3,2
7629,dompter,3,2
7630,capitulaire,3,3
7631,testament,3,3
7632,filiale,3,3
7633,émaner,3,3
7634,globe,3,3
7635,indésirable,3,3
7636,ensanglanter,3,2
7637,pastoral,3,3
7638,loyer,3,3
7639,prive,3,3
7640,méabl,3,3
7641,entrainement,3,3
7642,anémique,3,3
7643,vaciller,3,3
7644,éperdument,3,3
7645,exalter,3,3
7646,solennité,3,3
7647,navrer,3,2
7648,noton,3,3
7649,vivacité,3,2
7650,fermeté,3,3
7651,fendant,3,3
7652,diamant,3,3
7653,far,3,3
7654,pépinière,3,3
7655,sic,3,3
7656,laïc,3,3
7657,ceindre,3,3
7658,bonnameau,3,2
7659,rosée,3,3
7660,interposer,3,3
7661,pouf,3,3
7662,pus,3,2
7663,etoupe,3,2
7664,émeri,3,3
7665,sulfurique,3,2
7666,briquet,3,3
7667,charitable,3,3
7668,mettez,3,2
7669,tantinet,3,3
7670,crever,3,3
7671,mouillez,3,3
7672,roussi,3,3
7673,cèpe,3,2
7674,condenser,3,3
7675,curieusement,3,3
7676,tripler,3,3
7677,harassé,3,3
7678,aisance,3,3
7679,patois,3,3
7680,facétieux,3,3
7681,oranger,3,3
7682,rédemptoriste,3,2
7683,paratonnerre,3,2
7684,morale,3,3
7685,pourboire,3,3
7686,agacer,3,3
7687,recrue,3,3
7688,pilier,3,3
7689,auditorium,3,2
7690,microphone,3,3
7691,jublo,3,1
7692,proverbial,3,3
7693,baltique,3,2
7694,bail,3,2
7695,sculpté,3,3
7696,artifice,3,3
7697,emission,3,2
7698,sccut,3,3
7699,syndicat,3,3
7700,châtelain,3,3
7701,caïd,3,3
7702,réorganiser,3,3
7703,interdiction,3,3
7704,labyrinthe,3,3
7705,contemplation,3,3
7706,fortification,3,3
7707,intensément,3,2
7708,influer,3,3
7709,taquiner,3,3
7710,titien,3,1
7711,renommer,3,2
7712,moquer,3,3
7713,joncher,3,3
7714,villageois,3,3
7715,sévir,3,3
7716,homérique,3,3
7717,échevelé,3,3
7718,harnachement,3,3
7719,vanité,3,3
7720,consultation,3,3
7721,attribution,3,3
7722,rauque,3,3
7723,sénégal,3,2
7724,aimant,3,3
7725,serrage,3,3
7726,réaction,3,3
7727,épineux,3,3
7728,cornet,3,2
7729,témérité,3,2
7730,perron,3,3
7731,vacarme,3,2
7732,corridor,3,2
7733,épars,3,3
7734,ouf,3,3
7735,volontier,3,3
7736,rythmique,3,3
7737,approprier,3,3
7738,convenance,3,3
7739,repli,3,3
7740,criminel,3,3
7741,divulguer,3,3
7742,anastigmat,3,3
7743,dispenser,3,3
7744,affranchir,3,3
7745,déguisement,3,3
7746,centigramme,3,2
7747,coloration,3,3
7748,malfaisant,3,3
7749,boudin,3,2
7750,écailler,3,3
7751,retien,3,3
7752,recouper,3,3
7753,sensationnelle,3,3
7754,excus,3,3
7755,insulter,3,3
7756,sursis,3,3
7757,bavardage,3,3
7758,trio,3,3
7759,intrigue,3,3
7760,simplon,3,2
7761,inoffensif,3,3
7762,phalloïde,3,1
7763,avarié,3,3
7764,livide,3,3
7765,collerette,3,2
7766,valve,3,1
7767,complice,3,3
7768,lej,3,3
7769,rebondi,3,2
7770,carrément,3,3
7771,métrer,3,3
7772,engendrer,3,3
7773,dinde,3,2
7774,perdreau,3,2
7775,hareng,3,3
7776,crosne,3,2
7777,salsifi,3,3
7778,goujon,3,3
7779,onéreux,3,3
7780,bobine,3,3
7781,amplificateur,3,1
7782,orifice,3,3
7783,retraitant,3,3
7784,citadelle,3,3
7785,augurer,3,3
7786,recourir,3,3
7787,irréprochable,3,3
7788,lignée,3,3
7789,renommée,3,3
7790,minimun,3,3
7791,pullmann,3,3
7792,marasme,3,1
7793,contraste,3,3
7794,approvisionnement,3,2
7795,lia,3,3
7796,quadriller,3,2
7797,numéroter,3,3
7798,cloutage,3,2
7799,tapissier,3,3
7800,soude,3,3
7801,filage,3,1
7802,grappin,3,3
7803,batelier,3,3
7804,regrettable,3,3
7805,usuel,3,3
7806,astronomique,3,3
7807,dindonneau,3,3
7808,négligeable,3,3
7809,jadi,3,3
7810,rémois,3,3
7811,signalon,3,3
7812,eclairage,3,3
7813,loterie,3,3
7814,skieur,3,3
7815,encreur,3,3
7816,volt,3,1
7817,din,3,2
7818,vénérable,3,3
7819,atteinte,3,3
7820,entrecroiser,3,3
7821,souiller,3,3
7822,casse,3,3
7823,chronométrer,3,2
7824,scier,3,2
7825,opaque,3,3
7826,moulinet,3,2
7827,terrasser,3,2
7828,tyran,3,3
7829,saigner,3,3
7830,assassiner,3,3
7831,médite,3,3
7832,révolu,3,3
7833,notable,3,3
7834,cœurs,3,3
7835,louable,3,3
7836,instituer,3,3
7837,funéraille,3,3
7838,modestie,3,3
7839,jonc,3,3
7840,chiquer,3,1
7841,doublure,3,3
7842,critiquer,3,2
7843,sincérité,3,3
7844,endurer,3,2
7845,rondement,3,3
7846,madagascar,3,3
7847,dépendant,3,3
7848,ficher,3,3
7849,consulat,3,2
7850,lapereau,3,3
7851,amande,3,3
7852,frotte,3,3
7853,maquette,3,3
7854,tasseau,3,1
7855,peinte,3,3
7856,poncer,3,2
7857,laqu,3,2
7858,cross,3,2
7859,particulière,3,3
7860,alléger,3,3
7861,avancement,3,3
7862,issu,3,3
7863,malheureuse,3,3
7864,illuminé,3,3
7865,familièrement,3,3
7866,martial,3,3
7867,tapage,3,3
7868,rataplan,3,2
7869,cordialité,3,3
7870,fakir,3,3
7871,patronner,3,3
7872,economiqu,3,3
7873,opale,3,3
7874,élancé,3,3
7875,bavarder,3,3
7876,garçonnet,3,2
7877,ciment,3,3
7878,domino,3,1
7879,investigation,3,3
7880,maintien,3,3
7881,spacieux,3,3
7882,limitation,3,3
7883,emmanchure,3,1
7884,tuniqu,3,1
7885,turban,3,3
7886,trappe,3,2
7887,envolée,3,2
7888,concentrique,3,3
7889,brochet,3,3
7890,cordée,3,3
7891,cathédral,3,3
7892,amazone,3,3
7893,gratuite,3,3
7894,clandestin,3,3
7895,lest,3,2
7896,retenue,3,3
7897,bridage,3,2
7898,cubique,3,2
7899,aéroplane,3,3
7900,atmosphérique,3,3
7901,météorologie,3,2
7902,dièdre,3,2
7903,excéder,3,2
7904,botanique,3,3
7905,picardie,3,3
7906,naissancer,3,3
7907,savoyard,3,3
7908,ration,3,3
7909,malencontreusement,3,3
7910,exiler,3,3
7911,anthracite,3,1
7912,octroi,3,2
7913,éventrer,3,3
7914,deviser,3,2
7915,redonner,3,3
7916,liane,3,3
7917,amollir,3,3
7918,répit,3,3
7919,brisé,3,3
7920,sénégalais,3,3
7921,cueill,3,3
7922,hardiesse,3,3
7923,buter,3,3
7924,conduit,3,3
7925,platel,3,2
7926,embrun,3,3
7927,gymnaste,3,3
7928,opiniâtre,3,3
7929,romance,3,3
7930,médicinal,3,2
7931,encrage,3,2
7932,nièce,3,3
7933,antan,3,3
7934,portage,3,2
7935,aplatir,3,3
7936,ognon,3,2
7937,toulousain,3,3
7938,vermeil,3,3
7939,révolver,3,3
7940,gendarmerie,3,3
7941,syrien,3,3
7942,etrange,3,3
7943,societe,3,3
7944,écarteler,3,2
7945,campo,3,1
7946,heurt,3,3
7947,étroite,3,3
7948,vaguement,3,3
7949,flamand,3,3
7950,globule,3,3
7951,bruine,3,3
7952,involontaire,3,3
7953,contestation,3,3
7954,fastidieux,3,3
7955,théologien,3,3
7956,birkenhead,3,3
7957,harmoniser,3,3
7958,chansonnier,3,2
7959,dispersion,3,3
7960,concret,3,3
7961,intelligible,3,2
7962,muette,3,2
7963,rime,3,2
7964,molécule,3,2
7965,répercuter,3,3
7966,remarquablement,3,3
7967,ultérieurement,3,2
7968,inespéré,3,3
7969,fifre,3,2
7970,virement,3,1
7971,obturateur,3,1
7972,grogner,3,3
7973,négligemment,3,3
7974,infiniment,3,3
7975,aujourd,3,3
7976,cingler,3,3
7977,pourchasser,3,3
7978,glaïeul,3,3
7979,antichambre,3,2
7980,réputé,3,3
7981,éprouvette,3,3
7982,roide,3,2
7983,superposition,3,2
7984,disgracieux,3,2
7985,médaillon,3,2
7986,torrentiel,3,3
7987,guesclin,3,2
7988,moulinai,3,2
7989,fleurie,3,3
7990,gràngeneuve,3,3
7991,découragement,3,3
7992,topographique,3,3
7993,indirect,3,2
7994,abstenir,3,3
7995,swastika,3,2
7996,partage,3,3
7997,métallurgique,3,3
7998,languedoc,3,3
7999,poitiers,3,2
8000,interprèt,3,3
8001,egal,3,2
8002,sermon,3,3
8003,érable,3,3
8004,bourrasque,3,3
8005,crochu,3,2
8006,puce,3,3
8007,insondable,3,3
8008,traquer,3,3
8009,incommode,3,3
8010,exagéré,3,3
8011,multiplication,3,2
8012,hanotau,3,3
8013,crime,3,3
8014,résolument,3,3
8015,inactif,3,3
8016,étancher,3,3
8017,miner,3,3
8018,bastille,3,2
8019,psaume,3,3
8020,dentelle,3,2
8021,damoiseau,3,3
8022,pfuit,3,1
8023,aumônerie,3,3
8024,taine,3,3
8025,indigne,3,3
8026,syncope,3,2
8027,conjointement,3,3
8028,mirage,3,3
8029,ministériel,3,2
8030,incognito,3,3
8031,studieux,3,2
8032,dépister,3,2
8033,fiévreusement,3,3
8034,approfondir,3,3
8035,brûle,3,3
8036,héraut,3,3
8037,horticulteur,3,2
8038,comté,3,3
8039,bonder,3,3
8040,performance,3,3
8041,prélude,3,3
8042,jeanne,3,1
8043,tembr,3,2
8044,chemine,3,3
8045,narine,3,2
8046,originaire,3,3
8047,hôtellerie,3,3
8048,suggestion,3,3
8049,bou,3,3
8050,adonner,3,3
8051,parfaire,3,3
8052,homm,3,3
8053,immuable,3,2
8054,marquant,3,3
8055,entretoiser,3,1
8056,hissage,3,1
8057,adversité,3,3
8058,partenaire,3,3
8059,hongrie,3,3
8060,écrin,3,3
8061,réintégrer,3,3
8062,baraque,3,3
8063,impeccablement,3,3
8064,nie,3,3
8065,rentrante,3,3
8066,remplissage,3,3
8067,livrable,3,3
8068,universitaire,3,3
8069,formalité,3,3
8070,aiguiser,3,2
8071,seibel,3,1
8072,docker,3,1
8073,lunch,3,2
8074,baléare,3,3
8075,prestement,3,3
8076,flanquer,3,3
8077,gothique,3,3
8078,fragment,3,3
8079,sonneur,3,2
8080,pathétique,3,3
8081,chrétienté,3,3
8082,voyant,3,3
8083,figurant,3,3
8084,renne,3,2
8085,injustice,3,3
8086,friche,3,3
8087,déserter,3,3
8088,affirmation,3,3
8089,rescousse,3,3
8090,chausser,3,3
8091,abolir,3,3
8092,svelte,3,3
8093,heaume,3,2
8094,suppression,3,2
8095,hoc,3,3
8096,assimilation,3,2
8097,légal,3,2
8098,rets,3,2
8099,impérieu,3,3
8100,gaslight,3,3
8101,frontispice,3,3
8102,moii,3,3
8103,réapparaître,3,3
8104,contrainte,3,2
8105,contrat,3,3
8106,ébaucher,3,3
8107,kclaireur,3,1
8108,contraindre,3,3
8109,enfler,3,3
8110,frugal,3,3
8111,aubaine,3,3
8112,inextricable,3,3
8113,danseur,3,3
8114,étable,3,2
8115,sécheresse,3,2
8116,hauban,3,3
8117,occurrence,3,3
8118,terrier,3,3
8119,ombreux,3,3
8120,amphithéâtre,3,3
8121,out,3,3
8122,cohorte,3,2
8123,cabrer,3,3
8124,escarpée,3,3
8125,poster,3,3
8126,momentanément,3,3
8127,incertain,3,3
8128,intempestif,3,3
8129,détriment,3,3
8130,petruch,3,2
8131,désemparer,3,3
8132,préambule,3,3
8133,courtisan,3,3
8134,placez,3,2
8135,agrafe,3,3
8136,para,3,3
8137,inestimable,3,3
8138,nativité,3,1
8139,méandre,3,2
8140,obstinément,3,3
8141,brusquerie,3,3
8142,lassitude,3,3
8143,opposé,3,3
8144,écnn,3,3
8145,compliqu,3,3
8146,machinalement,3,3
8147,lutin,3,1
8148,traîtreusement,3,3
8149,humiliation,3,3
8150,rouage,3,2
8151,conflit,3,3
8152,motrice,3,2
8153,étrangement,3,3
8154,docilité,3,3
8155,ambulant,3,3
8156,flottant,3,2
8157,huron,3,2
8158,effigie,3,3
8159,assujettir,3,3
8160,émissaire,3,3
8161,ravisseur,3,3
8162,tourmenter,3,3
8163,embûche,3,2
8164,punir,3,3
8165,relâche,3,3
8166,resserre,3,3
8167,surhumain,3,2
8168,infortuné,3,3
8169,hasardeux,3,3
8170,emprisonner,3,3
8171,corser,3,3
8172,carbure,3,2
8173,moucher,3,1
8174,éventuel,3,3
8175,embuscade,3,3
8176,oudjda,3,1
8177,marbré,3,3
8178,publiquement,3,3
8179,rit,3,3
8180,romancier,3,1
8181,vraisemblable,3,2
8182,chimie,3,3
8183,rouvrir,3,3
8184,amer,3,3
8185,gouffre,3,2
8186,fainéant,3,2
8187,quérir,3,3
8188,réconforter,3,3
8189,plaintif,3,3
8190,tournoyer,3,3
8191,réfuter,3,2
8192,gommé,3,3
8193,bristol,3,3
8194,collectionner,3,3
8195,pressant,3,3
8196,excessivement,3,3
8197,roguez,3,3
8198,patriarche,3,3
8199,craqu,3,3
8200,consternation,3,2
8201,tiédeur,3,3
8202,amusement,3,3
8203,entorse,3,2
8204,angine,3,1
8205,constipation,3,1
8206,purgatif,3,3
8207,infecter,3,2
8208,chancelant,3,3
8209,schirmeck,3,3
8210,sifflement,3,2
8211,ssetchoan,3,1
8212,gorgée,3,3
8213,log,3,2
8214,python,3,2
8215,pressante,3,3
8216,goudron,3,2
8217,secrètement,3,3
8218,exploitation,3,2
8219,exilé,3,2
8220,gain,3,3
8221,feuillard,3,2
8222,exclusivité,3,3
8223,impôt,3,3
8224,dressage,3,2
8225,exulter,3,2
8226,superficie,3,3
8227,clairvoyant,3,3
8228,régence,3,1
8229,essaim,3,3
8230,esclavage,3,3
8231,inconnue,3,2
8232,couvreur,3,2
8233,renoncement,3,3
8234,foudroyer,3,2
8235,hallucination,3,3
8236,vocabulaire,3,2
8237,men,3,3
8238,verrou,3,2
8239,aucunement,3,3
8240,spa,3,3
8241,magnificence,3,3
8242,sus,3,3
8243,tier,3,3
8244,captain,3,1
8245,ieu,3,2
8246,écrasant,3,3
8247,intolérable,3,2
8248,cup,3,1
8249,patinage,3,2
8250,houle,3,3
8251,alsace,3,3
8252,offrande,3,3
8253,trinquatorre,3,2
8254,délire,3,2
8255,volatiliser,3,2
8256,rythmant,3,3
8257,burman,3,3
8258,équitablement,3,3
8259,madrier,3,2
8260,duire,3,3
8261,square,3,2
8262,dave,3,3
8263,réédition,3,2
8264,présomption,3,2
8265,diagramme,3,1
8266,infime,3,3
8267,éventer,3,3
8268,libérateur,3,2
8269,terro,3,1
8270,liberta,3,1
8271,pér,3,1
8272,bèu,3,1
8273,amo,3,2
8274,orne,3,2
8275,toujour,3,2
8276,calanque,3,2
8277,maroc,3,3
8278,bordj,3,1
8279,asse,3,1
8280,mélopée,3,2
8281,clac,3,1
8282,préf,3,2
8283,éduc,3,3
8284,compas,3,3
8285,vit,3,3
8286,débarcadère,3,2
8287,représentatif,3,1
8288,impermax,3,3
8289,imperméabilisant,3,3
8290,canada,3,3
8291,pécuniaire,3,3
8292,incomber,3,2
8293,tender,3,1
8294,souder,3,2
8295,arlebosc,3,1
8296,traineau,3,1
8297,fourreau,3,2
8298,con,3,3
8299,bahut,3,2
8300,assortir,3,3
8301,évangéliair,3,3
8302,archéologique,3,2
8303,sorcellerie,3,2
8304,précison,3,2
8305,bordereau,3,1
8306,ignition,3,1
8307,epargne,3,3
8308,courbette,3,1
8309,pégase,3,1
8310,malicieux,3,3
8311,tam,3,3
8312,lant,3,1
8313,mâture,3,1
8314,hune,3,1
8315,gabier,3,1
8316,abordage,3,2
8317,amure,3,1
8318,artimon,3,1
8319,réfléchi,3,3
8320,traver,3,2
8321,bourjane,3,1
8322,canaque,3,1
8323,ébrancher,3,1
8324,indirectement,3,2
8325,tuteur,3,1
8326,quittance,3,1
8327,achèterai,3,3
8328,thiel,3,2
8329,mach,3,1
8330,patrou,3,1
8331,cousoir,3,1
8332,samaritain,2,2
8333,spécialisé,2,2
8334,form,2,2
8335,coutil,2,1
8336,loden,2,2
8337,materiel,2,2
8338,réviser,2,1
8339,discipliner,2,2
8340,cal,2,2
8341,boulonner,2,2
8342,tartane,2,1
8343,émérite,2,2
8344,rescapé,2,1
8345,cruiziat,2,1
8346,tulipe,2,2
8347,cabaretier,2,2
8348,requis,2,2
8349,disparu,2,2
8350,abreuvoir,2,2
8351,pauvreté,2,2
8352,bouillonner,2,2
8353,éclatement,2,2
8354,estrade,2,2
8355,échelonner,2,2
8356,disloquer,2,2
8357,commercy,2,2
8358,ajustage,2,2
8359,viking,2,2
8360,brêlé,2,2
8361,élasticité,2,2
8362,goutt,2,1
8363,administrer,2,2
8364,rémunération,2,2
8365,pret,2,2
8366,sablonneux,2,2
8367,culbuter,2,2
8368,pékinois,2,2
8369,bifteck,2,2
8370,récalcitrer,2,2
8371,mensuration,2,2
8372,mathématicien,2,2
8373,portance,2,1
8374,pilotage,2,2
8375,remous,2,2
8376,adoption,2,2
8377,fortifiant,2,2
8378,privation,2,2
8379,breuvage,2,2
8380,ristourne,2,1
8381,préciter,2,2
8382,teur,2,2
8383,tri,2,2
8384,biplan,2,2
8385,parasol,2,2
8386,rudyard,2,2
8387,patronne,2,2
8388,ecri,2,2
8389,duction,2,2
8390,special,2,2
8391,vraie,2,2
8392,revendre,2,2
8393,moulte,2,2
8394,emballant,2,2
8395,confins,2,1
8396,latitude,2,2
8397,plané,2,1
8398,contourner,2,2
8399,râler,2,2
8400,imperturbable,2,2
8401,accroupi,2,2
8402,affolé,2,2
8403,immoler,2,2
8404,âumônier,2,2
8405,incroyant,2,2
8406,pécheur,2,2
8407,ignorant,2,2
8408,aplomb,2,2
8409,renifler,2,2
8410,venaison,2,2
8411,entrecoupé,2,2
8412,furet,2,2
8413,loyalement,2,2
8414,vigiler,2,2
8415,versaillais,2,2
8416,cistercien,2,2
8417,expérimenta,2,2
8418,priez,2,2
8419,tétude,2,2
8420,æco,2,2
8421,accabler,2,2
8422,consterner,2,2
8423,pillage,2,2
8424,méprisant,2,2
8425,insulte,2,2
8426,suppliant,2,2
8427,castel,2,2
8428,chétif,2,2
8429,guette,2,2
8430,tragiquement,2,2
8431,proue,2,2
8432,bouclé,2,2
8433,tabernacle,2,2
8434,andrinople,2,2
8435,brelage,2,2
8436,démasquer,2,2
8437,dynamo,2,2
8438,inexplicable,2,2
8439,delvino,2,1
8440,avérer,2,2
8441,génératrice,2,2
8442,destroyer,2,1
8443,sceller,2,2
8444,malte,2,2
8445,arrestation,2,2
8446,naïvement,2,2
8447,dubitatif,2,2
8448,expéditionnaire,2,2
8449,dispo,2,2
8450,glou,2,1
8451,bâillon,2,2
8452,détacherez,2,1
8453,victuaille,2,2
8454,ratification,2,2
8455,redevable,2,2
8456,favorablement,2,2
8457,moutier,2,2
8458,calcium,2,2
8459,évader,2,2
8460,abréviation,2,2
8461,cardinalice,2,2
8462,explicatif,2,2
8463,grenier,2,2
8464,martinet,2,2
8465,dentifrice,2,2
8466,jeun,2,2
8467,torse,2,2
8468,démarrage,2,2
8469,mouillée,2,2
8470,rhabillage,2,2
8471,endurant,2,2
8472,grattoir,2,2
8473,invariable,2,1
8474,massacrer,2,2
8475,complainte,2,2
8476,alléluia,2,2
8477,tinter,2,2
8478,fatale,2,2
8479,califourchon,2,2
8480,échappement,2,2
8481,furieusement,2,2
8482,carapace,2,2
8483,empoigner,2,2
8484,prédestiner,2,2
8485,gourmandise,2,2
8486,carême,2,2
8487,affilié,2,2
8488,trimestriel,2,2
8489,offensif,2,2
8490,voter,2,2
8491,imputable,2,2
8492,grassouillet,2,1
8493,dureté,2,2
8494,ahuri,2,2
8495,désorienté,2,2
8496,vaurien,2,1
8497,voûter,2,2
8498,éclosion,2,2
8499,nourricier,2,2
8500,confession,2,2
8501,désintéressement,2,2
8502,cep,2,2
8503,inadmissible,2,2
8504,crépitement,2,2
8505,fasciner,2,2
8506,impérieux,2,2
8507,rebrousser,2,2
8508,torturer,2,2
8509,guetteur,2,2
8510,creuset,2,2
8511,felouque,2,2
8512,soumission,2,2
8513,resplendissant,2,2
8514,prosterné,2,2
8515,magistralement,2,2
8516,horticulture,2,2
8517,perpignan,2,2
8518,polangi,2,1
8519,mammifère,2,1
8520,phosphore,2,2
8521,vocatif,2,2
8522,ane,2,2
8523,détruite,2,2
8524,déesse,2,2
8525,fourmiller,2,2
8526,tamponner,2,2
8527,excitant,2,2
8528,siphon,2,1
8529,blague,2,2
8530,bonnement,2,2
8531,ralingue,2,2
8532,accrochage,2,2
8533,cabillot,2,1
8534,feuilleter,2,2
8535,luxuriant,2,2
8536,buste,2,2
8537,patienter,2,2
8538,effarrer,2,1
8539,débit,2,2
8540,croiseur,2,2
8541,soute,2,2
8542,réprimer,2,2
8543,arcolier,2,1
8544,attabler,2,2
8545,railler,2,2
8546,sursauter,2,2
8547,imparfaitement,2,2
8548,mensonge,2,2
8549,brouter,2,2
8550,faner,2,2
8551,enchanteresse,2,2
8552,ultimatum,2,1
8553,adepte,2,2
8554,franciscain,2,2
8555,camaïeu,2,2
8556,taciturne,2,2
8557,tonneau,2,2
8558,masculin,2,2
8559,fermenter,2,2
8560,ronge,2,2
8561,souveraineté,2,2
8562,egyptien,2,2
8563,caméléon,2,1
8564,petitesse,2,2
8565,attend,2,2
8566,tsintsina,2,1
8567,perdrix,2,2
8568,sahona,2,1
8569,attaquez,2,1
8570,aspirine,2,2
8571,borique,2,2
8572,parégorique,2,2
8573,oxyde,2,2
8574,écharde,2,2
8575,contusion,2,2
8576,ronronnement,2,1
8577,intrépidité,2,2
8578,pri,2,2
8579,coyote,2,2
8580,louvart,2,2
8581,radiophonie,2,2
8582,couver,2,2
8583,hasarda,2,2
8584,suffi,2,2
8585,encastrer,2,2
8586,télescope,2,2
8587,battement,2,2
8588,péninsule,2,2
8589,sédentaire,2,2
8590,amaigrissement,2,2
8591,torsion,2,2
8592,jonglage,2,2
8593,argenté,2,2
8594,duchesse,2,2
8595,villemonble,2,2
8596,persan,2,2
8597,consonne,2,2
8598,adjectif,2,2
8599,astiquer,2,2
8600,télégraphie,2,2
8601,accumulateur,2,2
8602,camionnette,2,2
8603,tournemain,2,2
8604,spontanéité,2,2
8605,changé,2,2
8606,déchiré,2,2
8607,épilogue,2,2
8608,game,2,2
8609,chaînette,2,2
8610,confident,2,2
8611,entassement,2,2
8612,grossièrement,2,2
8613,poissonneux,2,1
8614,cat,2,2
8615,diurne,2,2
8616,criard,2,2
8617,chahut,2,2
8618,signalement,2,2
8619,apostrophe,2,2
8620,enchevêtrer,2,2
8621,posément,2,2
8622,arri,2,2
8623,verer,2,2
8624,punaise,2,2
8625,gillette,2,2
8626,impatiemment,2,2
8627,enhardir,2,2
8628,follement,2,2
8629,peureusement,2,2
8630,meccano,2,1
8631,objecta,2,2
8632,maltraiter,2,2
8633,psychique,2,2
8634,mâcher,2,2
8635,intestinal,2,2
8636,intestin,2,2
8637,jardinage,2,2
8638,menuiserie,2,2
8639,résistance,2,2
8640,evite,2,2
8641,appliqu,2,2
8642,conjuguer,2,2
8643,héret,2,2
8644,barboter,2,2
8645,éclabousser,2,2
8646,malandrin,2,2
8647,impuissant,2,2
8648,aille,2,2
8649,accueillante,2,2
8650,épiscopal,2,2
8651,teuil,2,2
8652,hyère,2,2
8653,compiègne,2,2
8654,cidre,2,2
8655,appendicite,2,2
8656,géométriquement,2,2
8657,colmar,2,2
8658,socialiste,2,2
8659,dérer,2,2
8660,orthographe,2,2
8661,usiter,2,1
8662,cultivé,2,2
8663,cavité,2,2
8664,conjurer,2,2
8665,gymnase,2,2
8666,téléphonist,2,2
8667,laconique,2,2
8668,impasse,2,2
8669,lement,2,2
8670,arrosé,2,2
8671,sonder,2,2
8672,scrupule,2,2
8673,vertébral,2,2
8674,scoot,2,2
8675,linotte,2,2
8676,bergeronnette,2,2
8677,choquer,2,2
8678,répugnant,2,2
8679,rayure,2,2
8680,tropique,2,2
8681,rapine,2,2
8682,familiarité,2,2
8683,irremplaçable,2,2
8684,strident,2,2
8685,récurer,2,2
8686,désespérément,2,2
8687,égarement,2,2
8688,shilling,2,2
8689,cargaison,2,2
8690,conformément,2,2
8691,linguiste,2,2
8692,escamoter,2,2
8693,gradué,2,2
8694,idiome,2,2
8695,rémunérateur,2,2
8696,intercaler,2,1
8697,cordelier,2,2
8698,correctif,2,2
8699,allongement,2,2
8700,accélération,2,2
8701,monix,2,2
8702,sphynx,2,2
8703,boulonnais,2,2
8704,gouache,2,2
8705,dieppois,2,2
8706,paradi,2,2
8707,putois,2,2
8708,tracko,2,2
8709,opter,2,2
8710,remuant,2,2
8711,buironfosse,2,2
8712,batailleur,2,2
8713,moeurs,2,2
8714,ini,2,2
8715,praliné,2,1
8716,racont,2,2
8717,miss,2,1
8718,marmotte,2,2
8719,moni,2,1
8720,cadette,2,1
8721,tricoter,2,2
8722,relique,2,2
8723,orangé,2,2
8724,maisonnette,2,2
8725,remet,2,2
8726,collation,2,2
8727,itt,2,1
8728,conduisit,2,2
8729,pleura,2,2
8730,gneur,2,2
8731,parsemer,2,2
8732,symphonie,2,2
8733,forain,2,2
8734,inutiliser,2,2
8735,capsule,2,2
8736,échéant,2,2
8737,épicier,2,2
8738,mécontent,2,2
8739,noël,2,2
8740,bourru,2,2
8741,embrasement,2,2
8742,tempérance,2,2
8743,arrivant,2,2
8744,hâler,2,2
8745,grima,2,2
8746,paralysie,2,2
8747,enfantin,2,2
8748,féal,2,2
8749,puéril,2,2
8750,câlin,2,2
8751,frémissement,2,2
8752,émerveillée,2,2
8753,sonnailles,2,2
8754,angélus,2,2
8755,saisissant,2,2
8756,bourdonner,2,2
8757,palpitation,2,2
8758,douloureusement,2,2
8759,archiépiscopal,2,2
8760,litière,2,2
8761,bouclier,2,2
8762,sahara,2,2
8763,surchauffer,2,2
8764,payable,2,2
8765,neur,2,2
8766,foncièrement,2,1
8767,balnéaire,2,2
8768,matinau,2,2
8769,architecturale,2,2
8770,harmonium,2,2
8771,fameusement,2,2
8772,chômé,2,2
8773,fusionner,2,2
8774,schola,2,2
8775,songeur,2,2
8776,pyjama,2,2
8777,strider,2,2
8778,vaporeux,2,2
8779,îfc,2,2
8780,sas,2,2
8781,garanti,2,2
8782,queen,2,1
8783,semell,2,2
8784,jersey,2,2
8785,parement,2,2
8786,tourist,2,2
8787,aumonier,2,2
8788,ailier,2,2
8789,passionnément,2,2
8790,surprenant,2,2
8791,fûte,2,2
8792,égaré,2,2
8793,décupler,2,2
8794,prêtr,2,2
8795,traceur,2,2
8796,ponctuer,2,2
8797,degland,2,1
8798,immensément,2,2
8799,encyclopédie,2,2
8800,trichromie,2,2
8801,néant,2,2
8802,germain,2,2
8803,acclimatation,2,2
8804,sournoisement,2,2
8805,fraîchement,2,2
8806,vernie,2,2
8807,pathé,2,2
8808,perspicace,2,2
8809,kakie,2,1
8810,milium,2,2
8811,découpez,2,2
8812,meulière,2,2
8813,museau,2,2
8814,moufle,2,2
8815,présumé,2,2
8816,ébahissement,2,2
8817,honteux,2,2
8818,navrant,2,2
8819,indulgent,2,2
8820,quadrature,2,1
8821,terminaison,2,2
8822,dénomination,2,2
8823,affleurer,2,2
8824,semblant,2,2
8825,pick,2,2
8826,parbleu,2,2
8827,cannebière,2,2
8828,nommé,2,2
8829,artistiquement,2,2
8830,chamarande,2,2
8831,riesenwald,2,2
8832,récitation,2,2
8833,obligeance,2,2
8834,honeck,2,2
8835,dom,2,2
8836,montalembert,2,2
8837,larv,2,2
8838,zigo,2,1
8839,bételgeus,2,2
8840,alarmant,2,2
8841,blockau,2,1
8842,bouthéon,2,2
8843,lama,2,2
8844,utte,2,2
8845,belligérant,2,2
8846,lointaine,2,2
8847,foot,2,2
8848,étouffement,2,2
8849,fouetter,2,2
8850,éclaire,2,2
8851,croup,2,1
8852,haine,2,2
8853,aboutissement,2,2
8854,cardiaque,2,1
8855,ligament,2,2
8856,contraction,2,2
8857,sautiller,2,2
8858,arder,2,2
8859,quatrain,2,2
8860,cloison,2,2
8861,bréviaire,2,1
8862,israélite,2,1
8863,inculpation,2,2
8864,victorieuse,2,2
8865,peigne,2,2
8866,evesque,2,1
8867,foudroyant,2,2
8868,contrarier,2,2
8869,taquinerie,2,2
8870,épouvantable,2,2
8871,affaler,2,2
8872,voeu,2,2
8873,chilière,2,2
8874,patin,2,2
8875,lotissement,2,2
8876,lotir,2,2
8877,souscripteur,2,2
8878,dersteg,2,2
8879,scoui,2,2
8880,plumet,2,2
8881,militarisme,2,1
8882,incruster,2,2
8883,phénix,2,2
8884,ibis,2,2
8885,bétail,2,2
8886,miaulement,2,2
8887,finess,2,2
8888,aldébaran,2,2
8889,poussin,2,1
8890,caraot,2,2
8891,sao,2,2
8892,ébèn,2,2
8893,frase,2,2
8894,corresp,2,1
8895,cousant,2,2
8896,vental,2,1
8897,virole,2,2
8898,trépied,2,2
8899,frite,2,1
8900,écumoire,2,2
8901,tabou,2,2
8902,rôtie,2,2
8903,nouv,2,1
8904,rave,2,2
8905,salsifis,2,2
8906,cuite,2,2
8907,asperge,2,2
8908,cerfeuil,2,2
8909,condensé,2,2
8910,kub,2,2
8911,saucisson,2,2
8912,partiellement,2,2
8913,déloger,2,2
8914,impartial,2,2
8915,optimiste,2,2
8916,esi,2,2
8917,méprise,2,2
8918,décalage,2,1
8919,diligent,2,2
8920,astronomie,2,1
8921,amorcer,2,2
8922,cocorico,2,2
8923,saboter,2,2
8924,pend,2,2
8925,chapellerie,2,2
8926,iso,2,2
8927,immatériel,2,2
8928,noue,2,2
8929,nain,2,2
8930,monocorde,2,1
8931,bénévole,2,2
8932,circonstancié,2,2
8933,sentimental,2,2
8934,bouse,2,2
8935,factice,2,2
8936,commençon,2,2
8937,dévorant,2,2
8938,cuisant,2,2
8939,querelleur,2,1
8940,cartel,2,2
8941,détrôner,2,2
8942,lâcheté,2,2
8943,crasse,2,2
8944,humanité,2,2
8945,pacifiste,2,2
8946,pacificateur,2,2
8947,imprécation,2,2
8948,glèbe,2,2
8949,fassion,2,2
8950,amen,2,2
8951,corbillard,2,2
8952,limousine,2,2
8953,colloque,2,2
8954,coussin,2,2
8955,clinique,2,2
8956,écumer,2,2
8957,mayonnaise,2,2
8958,macérer,2,2
8959,corselet,2,2
8960,pilule,2,2
8961,rougeoyante,2,2
8962,fructifier,2,2
8963,grignoteur,2,2
8964,caramel,2,2
8965,geler,2,2
8966,cogner,2,2
8967,rebours,2,2
8968,mortification,2,2
8969,vissant,2,2
8970,virtuose,2,2
8971,drier,2,2
8972,espérantiste,2,1
8973,tin,2,2
8974,nouvelliste,2,2
8975,bravo,2,2
8976,aquitain,2,2
8977,fleuron,2,2
8978,frere,2,2
8979,exigu,2,2
8980,provinc,2,2
8981,djebel,2,2
8982,epervier,2,2
8983,longitude,2,2
8984,inconstance,2,2
8985,converger,2,2
8986,centième,2,2
8987,gustave,2,2
8988,monégasque,2,2
8989,maçon,2,2
8990,xxi,2,2
8991,bineau,2,2
8992,brasserie,2,2
8993,iiiiiiiiiiiiii,2,2
8994,poilu,2,2
8995,ecrevisse,2,2
8996,écliptique,2,1
8997,équateur,2,2
8998,vend,2,2
8999,mercier,2,1
9000,bonneterie,2,2
9001,calorifère,2,2
9002,coke,2,2
9003,grav,2,2
9004,pèlerinag,2,2
9005,juxtaposer,2,2
9006,trier,2,2
9007,déroute,2,2
9008,cohérent,2,2
9009,brais,2,2
9010,aune,2,2
9011,surélever,2,2
9012,graduer,2,2
9013,étouffée,2,2
9014,échéance,2,2
9015,ventiler,2,2
9016,rassurant,2,2
9017,euh,2,1
9018,poigné,2,2
9019,déménager,2,1
9020,courtilière,2,1
9021,ravageur,2,2
9022,grillon,2,2
9023,éventre,2,2
9024,insect,2,2
9025,croûton,2,2
9026,panais,2,2
9027,poireau,2,2
9028,dégraisser,2,2
9029,sureau,2,2
9030,érabl,2,1
9031,ajonc,2,2
9032,cyclone,2,1
9033,concis,2,2
9034,verbalement,2,2
9035,messagerie,2,2
9036,vétéran,2,2
9037,equateur,2,2
9038,esthonie,2,2
9039,island,2,2
9040,féd,2,1
9041,pérou,2,2
9042,rover,2,2
9043,déménagement,2,2
9044,ore,2,2
9045,prédilection,2,2
9046,aguerrir,2,2
9047,touraîne,2,2
9048,aven,2,2
9049,latroupe,2,2
9050,avoisiner,2,2
9051,marinier,2,2
9052,composante,2,2
9053,arnou,2,2
9054,reynè,2,2
9055,monlaur,2,2
9056,surcouf,2,2
9057,présenté,2,2
9058,breux,2,2
9059,maori,2,1
9060,absorbant,2,2
9061,cembre,2,2
9062,brutalité,2,2
9063,baïonnette,2,2
9064,samt,2,2
9065,châtier,2,2
9066,nageant,2,2
9067,imminent,2,2
9068,austral,2,2
9069,typhon,2,2
9070,spécifiant,2,2
9071,cerisier,2,2
9072,revendiquer,2,2
9073,diplomate,2,2
9074,papou,2,2
9075,ouvertement,2,2
9076,gaspille,2,2
9077,insensible,2,2
9078,incompatible,2,2
9079,délectable,2,2
9080,nestlé,2,2
9081,margarine,2,1
9082,amplement,2,2
9083,pâteux,2,2
9084,baroque,2,2
9085,invi,2,2
9086,publique,2,2
9087,passif,2,2
9088,symboliser,2,2
9089,rentrayer,2,2
9090,écum,2,2
9091,incomparablement,2,2
9092,rebondir,2,2
9093,bleuâtre,2,2
9094,bosquet,2,2
9095,fracturer,2,2
9096,vrier,2,2
9097,célérité,2,2
9098,monvel,2,2
9099,met,2,2
9100,roumieu,2,2
9101,corrigé,2,2
9102,belvédère,2,2
9103,approchion,2,2
9104,fâcher,2,2
9105,bouter,2,2
9106,manieur,2,2
9107,honn,2,2
9108,eur,2,2
9109,bronchite,2,2
9110,sandale,2,2
9111,ustensile,2,2
9112,torchon,2,2
9113,dentelé,2,2
9114,grogne,2,2
9115,coupé,2,2
9116,cisaille,2,2
9117,cintrer,2,2
9118,colibri,2,2
9119,biographie,2,2
9120,tergiversation,2,2
9121,veu,2,2
9122,affectation,2,2
9123,médité,2,2
9124,aérer,2,2
9125,pouls,2,2
9126,surplomber,2,2
9127,tendant,2,1
9128,préfère,2,2
9129,tuberculose,2,2
9130,milliard,2,2
9131,tamiser,2,2
9132,vulgairement,2,2
9133,céréale,2,2
9134,sortant,2,2
9135,mangeable,2,2
9136,tourcoing,2,2
9137,fiac,2,1
9138,remplaça,2,2
9139,hadjiji,2,2
9140,catalan,2,2
9141,louvetisme,2,2
9142,communié,2,2
9143,mie,2,2
9144,poivr,2,2
9145,conférer,2,2
9146,enlacer,2,2
9147,filetage,2,2
9148,mac,2,2
9149,congrégation,2,2
9150,préfacer,2,2
9151,imp,2,2
9152,typ,2,2
9153,epaisseur,2,2
9154,inégalable,2,2
9155,utilisez,2,2
9156,pianist,2,2
9157,réforme,2,2
9158,laiterie,2,2
9159,boulangerie,2,2
9160,gazeux,2,2
9161,régimentaire,2,2
9162,observance,2,2
9163,pédale,2,2
9164,masque,2,2
9165,expérimental,2,2
9166,dédale,2,2
9167,campon,2,2
9168,sourcil,2,2
9169,domptage,2,1
9170,subjuguer,2,2
9171,legs,2,2
9172,maternité,2,2
9173,maternelle,2,2
9174,internationale,2,2
9175,indûment,2,2
9176,rentraire,2,2
9177,profundi,2,2
9178,divertissement,2,2
9179,fantaisiste,2,2
9180,dateur,2,2
9181,agonie,2,2
9182,regretté,2,2
9183,conf,2,2
9184,bousculade,2,2
9185,systématique,2,2
9186,accordéon,2,2
9187,transfigurer,2,2
9188,pétrir,2,1
9189,cinglant,2,2
9190,attendrir,2,2
9191,demeurion,2,2
9192,remarquez,2,2
9193,ratty,2,2
9194,blesse,2,2
9195,pédestrement,2,2
9196,aubisque,2,2
9197,uba,2,2
9198,tâtonnement,2,2
9199,jaillissement,2,2
9200,slembrouck,2,2
9201,pardonnon,2,1
9202,mœurs,2,2
9203,sanctionner,2,2
9204,trépigner,2,2
9205,ber,2,2
9206,siffla,2,2
9207,charitablement,2,2
9208,goudronner,2,2
9209,lover,2,2
9210,rouiller,2,2
9211,initial,2,2
9212,hermétiquement,2,2
9213,spatule,2,2
9214,middlemann,2,1
9215,vitriol,2,2
9216,porcelaine,2,2
9217,arceau,2,2
9218,staf,2,1
9219,recompter,2,2
9220,gousse,2,2
9221,mouvette,2,1
9222,zeste,2,2
9223,epaule,2,2
9224,rhum,2,2
9225,fatras,2,2
9226,myriade,2,2
9227,assiégeant,2,2
9228,sicilien,2,1
9229,ménagement,2,2
9230,peint,2,2
9231,abonder,2,2
9232,gentillesse,2,2
9233,ruelle,2,2
9234,consolant,2,2
9235,bise,2,2
9236,santo,2,2
9237,naufrage,2,2
9238,fausser,2,2
9239,pétiller,2,2
9240,portier,2,2
9241,endormie,2,2
9242,taquin,2,2
9243,gond,2,2
9244,agriculteur,2,2
9245,sansonnet,2,1
9246,grotesque,2,2
9247,manufacture,2,2
9248,cicogne,2,2
9249,jazz,2,2
9250,pantomime,2,2
9251,confédération,2,2
9252,encaisser,2,2
9253,royalement,2,2
9254,renouvellent,2,2
9255,encombré,2,2
9256,insatiable,2,2
9257,pancarte,2,2
9258,enliser,2,2
9259,embrouiller,2,2
9260,sociable,2,2
9261,saccader,2,2
9262,céphée,2,2
9263,sémarange,2,1
9264,coloniser,2,1
9265,exaspérer,2,2
9266,impitoyable,2,2
9267,raillerie,2,1
9268,renom,2,2
9269,habituelle,2,2
9270,concordance,2,2
9271,divine,2,2
9272,délibérément,2,2
9273,chimère,2,2
9274,iris,2,2
9275,assentiment,2,2
9276,deur,2,2
9277,marchion,2,2
9278,sonn,2,2
9279,abréger,2,2
9280,élocution,2,1
9281,piaffer,2,2
9282,cuirassier,2,2
9283,exhortation,2,2
9284,sizemer,2,2
9285,savane,2,2
9286,évaluation,2,2
9287,viva,2,2
9288,normandie,2,2
9289,banderolle,2,2
9290,colossale,2,2
9291,séminarist,2,2
9292,lingerie,2,2
9293,mugissement,2,2
9294,émincer,2,2
9295,ser,2,2
9296,line,2,2
9297,contient,2,2
9298,instituteur,2,2
9299,douillet,2,2
9300,complaisance,2,2
9301,apprêt,2,2
9302,équitation,2,2
9303,ravissement,2,2
9304,mainte,2,2
9305,menteur,2,2
9306,mansarde,2,2
9307,fant,2,2
9308,phase,2,2
9309,ecouton,2,2
9310,vibration,2,2
9311,obliquer,2,2
9312,accu,2,2
9313,désorienter,2,2
9314,momentanée,2,2
9315,estima,2,2
9316,maugréer,2,2
9317,fouillis,2,2
9318,cosaque,2,2
9319,soupirail,2,1
9320,essayon,2,2
9321,ameublement,2,2
9322,découragé,2,2
9323,blaic,2,2
9324,bonnamal,2,2
9325,tea,2,2
9326,jeuness,2,2
9327,aloi,2,2
9328,scoutiser,2,2
9329,hantise,2,2
9330,obséder,2,2
9331,transcription,2,2
9332,mélodique,2,2
9333,technicien,2,2
9334,repentir,2,2
9335,chevet,2,2
9336,flâner,2,2
9337,cruelle,2,2
9338,miséricorde,2,2
9339,notaire,2,2
9340,dédommager,2,2
9341,loyau,2,2
9342,perfide,2,2
9343,ruminer,2,2
9344,odorat,2,2
9345,riv,2,2
9346,ftenri,2,2
9347,incuber,2,1
9348,oeuf,2,2
9349,ouate,2,2
9350,précité,2,2
9351,strie,2,2
9352,mauvis,2,2
9353,naturaliser,2,2
9354,destructeur,2,2
9355,frer,2,2
9356,déraper,2,2
9357,genr,2,2
9358,entortiller,2,2
9359,raviver,2,2
9360,brut,2,2
9361,indignation,2,2
9362,bourrelet,2,2
9363,building,2,2
9364,prenon,2,2
9365,judiciaire,2,2
9366,biographique,2,1
9367,étiqueté,2,2
9368,rotative,2,1
9369,dissertation,2,2
9370,rhume,2,2
9371,admonestation,2,2
9372,sieur,2,2
9373,refouler,2,2
9374,bonduell,2,1
9375,pouchain,2,1
9376,solo,2,2
9377,maine,2,2
9378,indépendamment,2,2
9379,écourter,2,2
9380,amputer,2,2
9381,doue,2,2
9382,deu,2,2
9383,lisieux,2,2
9384,minorité,2,2
9385,détromper,2,2
9386,colorier,2,2
9387,induire,2,2
9388,identification,2,2
9389,dépass,2,2
9390,nocivité,2,2
9391,convalescence,2,2
9392,totalité,2,2
9393,printanier,2,2
9394,vamanite,2,1
9395,têtu,2,2
9396,déloyal,2,2
9397,voyou,2,2
9398,déchéance,2,2
9399,supposition,2,2
9400,medleure,2,2
9401,ailé,2,2
9402,guéret,2,2
9403,hère,2,2
9404,inversion,2,2
9405,cosse,2,2
9406,détordre,2,2
9407,peigner,2,2
9408,dite,2,2
9409,contradiction,2,2
9410,bécassine,2,1
9411,cardon,2,2
9412,radis,2,1
9413,gelinotte,2,2
9414,vanneau,2,2
9415,sarcelle,2,2
9416,hol,2,2
9417,canalisation,2,2
9418,gouttière,2,2
9419,fréquence,2,2
9420,pull,2,2
9421,désirerai,2,2
9422,étrenne,2,2
9423,sai,2,2
9424,débandade,2,2
9425,rallys,2,2
9426,normande,2,2
9427,articulation,2,2
9428,passereau,2,2
9429,corvidé,2,1
9430,freux,2,1
9431,sten,2,2
9432,bergman,2,2
9433,kamtchatka,2,2
9434,traduit,2,2
9435,ormeau,2,2
9436,compensation,2,2
9437,commodément,2,2
9438,caser,2,2
9439,palisse,2,2
9440,pyrograver,2,2
9441,théoriquement,2,2
9442,bicarbonate,2,2
9443,moudre,2,2
9444,perméable,2,2
9445,dégagé,2,2
9446,imbiber,2,2
9447,textile,2,2
9448,commettage,2,1
9449,caret,2,1
9450,aussière,2,1
9451,raccourcir,2,2
9452,ligature,2,2
9453,perforer,2,2
9454,réalisable,2,2
9455,egoutter,2,2
9456,camembert,2,2
9457,arrivé,2,2
9458,paraitrer,2,2
9459,modestement,2,2
9460,tif,2,2
9461,gén,2,2
9462,congressiste,2,2
9463,remarqué,2,2
9464,semestre,2,2
9465,self,2,2
9466,alcyonnette,2,2
9467,interlaken,2,2
9468,rii,2,2
9469,tremplin,2,2
9470,duplicateur,2,2
9471,omnigraph,2,2
9472,stencil,2,2
9473,calé,2,2
9474,dispute,2,2
9475,chenu,2,2
9476,pétrifier,2,2
9477,troglodyte,2,1
9478,asperger,2,2
9479,bêlement,2,2
9480,mdieu,2,2
9481,sou,2,2
9482,dioclétien,2,1
9483,etoile,2,1
9484,infinie,2,2
9485,apparenter,2,2
9486,métallurgiste,2,2
9487,dépouillement,2,2
9488,initiation,2,2
9489,thermal,2,2
9490,exposant,2,1
9491,chemie,2,2
9492,sérié,2,2
9493,onobl,2,2
9494,gabardine,2,1
9495,teindre,2,2
9496,bêche,2,2
9497,and,2,2
9498,mirobolant,2,1
9499,fluvial,2,2
9500,postérieur,2,2
9501,avalanche,2,2
9502,compétiteur,2,2
9503,loyale,2,2
9504,expier,2,2
9505,pion,2,2
9506,immergé,2,1
9507,godiller,2,1
9508,encastrement,2,1
9509,canotier,2,1
9510,erre,2,1
9511,iiiiiiiiiiiiiiiii,2,2
9512,general,2,2
9513,palabreus,2,2
9514,repêcher,2,2
9515,bachot,2,2
9516,éliminatoire,2,2
9517,eliminatoire,2,1
9518,bâtonnet,2,2
9519,vénéré,2,2
9520,monaco,2,2
9521,ford,2,2
9522,pilaf,2,2
9523,ouï,2,2
9524,alose,2,2
9525,roquefort,2,2
9526,chester,2,2
9527,métrage,2,1
9528,transpercer,2,2
9529,mere,2,2
9530,friable,2,2
9531,persévérer,2,2
9532,vernit,2,2
9533,plantez,2,2
9534,racler,2,2
9535,encaustiqu,2,2
9536,mutile,2,2
9537,évertuer,2,2
9538,proportionnée,2,2
9539,rythmez,2,1
9540,itc,2,2
9541,désorganiser,2,2
9542,grandira,2,2
9543,étinceler,2,2
9544,intertroup,2,2
9545,palace,2,2
9546,loquace,2,2
9547,communal,2,2
9548,farandole,2,2
9549,endiabler,2,2
9550,familiale,2,2
9551,marseillais,2,2
9552,escompter,2,2
9553,continental,2,2
9554,moët,2,2
9555,figuier,2,1
9556,revanche,2,2
9557,tyrannie,2,2
9558,proportionner,2,2
9559,jardinet,2,2
9560,mollet,2,2
9561,timbale,2,2
9562,anguille,2,2
9563,concombre,2,2
9564,melon,2,2
9565,groseille,2,2
9566,framboise,2,2
9567,abricot,2,2
9568,box,2,2
9569,écusson,2,2
9570,imiiiii,2,2
9571,flamboyant,2,2
9572,vdle,2,2
9573,rhinocéros,2,2
9574,rougit,2,2
9575,guéri,2,2
9576,ressuscité,2,2
9577,violer,2,2
9578,réprouver,2,2
9579,passablement,2,2
9580,clocheton,2,2
9581,acclimatement,2,1
9582,assommer,2,2
9583,voletant,2,2
9584,rocaille,2,2
9585,peuplement,2,2
9586,assimiler,2,2
9587,nichée,2,2
9588,nymphe,2,1
9589,boulanger,2,2
9590,navette,2,2
9591,pavot,2,2
9592,récolter,2,2
9593,régaler,2,2
9594,lacune,2,2
9595,blouse,2,1
9596,corsage,2,1
9597,embryon,2,2
9598,blous,2,2
9599,mousseline,2,1
9600,coud,2,2
9601,fichu,2,2
9602,faucheur,2,2
9603,celte,2,2
9604,écharpe,2,2
9605,inadvertance,2,2
9606,principauté,2,2
9607,charrier,2,2
9608,niveler,2,2
9609,escouade,2,1
9610,joi,2,2
9611,mulsant,2,2
9612,totémisation,2,2
9613,ecoust,2,2
9614,george,2,2
9615,racé,2,1
9616,gây,2,2
9617,fontainier,2,2
9618,vanillé,2,2
9619,flegmatique,2,2
9620,éternité,2,2
9621,réuni,2,2
9622,irruption,2,2
9623,dissimulation,2,2
9624,grenat,2,2
9625,ieur,2,2
9626,roupe,2,2
9627,tode,2,2
9628,exige,2,2
9629,volisme,2,1
9630,joujou,2,1
9631,cellulaire,2,2
9632,sin,2,2
9633,cylindrique,2,2
9634,enregistreur,2,2
9635,rand,2,2
9636,câblée,2,1
9637,créance,2,1
9638,réglement,2,2
9639,berry,2,2
9640,maniement,2,2
9641,topographie,2,2
9642,frontièr,2,2
9643,meeting,2,2
9644,reposant,2,2
9645,aviver,2,2
9646,malmener,2,2
9647,boulet,2,2
9648,cribler,2,1
9649,équip,2,2
9650,geur,2,2
9651,ajj,2,1
9652,miraculeusement,2,2
9653,militairement,2,2
9654,acheminer,2,2
9655,moribond,2,2
9656,zélé,2,2
9657,proférer,2,1
9658,chan,2,2
9659,révérendissime,2,2
9660,féériqu,2,2
9661,blanche,2,2
9662,bronzé,2,2
9663,partit,2,2
9664,déconcerter,2,2
9665,replonger,2,2
9666,piétinement,2,2
9667,employez,2,1
9668,jointure,2,1
9669,accoupler,2,2
9670,taquet,2,2
9671,indisposition,2,2
9672,persuasion,2,2
9673,émeraude,2,2
9674,lanobre,2,1
9675,substantielle,2,2
9676,défricher,2,2
9677,étanchéité,2,2
9678,enchère,2,2
9679,convient,2,2
9680,contravention,2,2
9681,ticket,2,2
9682,affront,2,1
9683,duel,2,2
9684,bosseler,2,1
9685,courroux,2,2
9686,culminant,2,2
9687,chiffonnière,2,1
9688,femm,2,2
9689,attestation,2,2
9690,prérogative,2,1
9691,indéfiniment,2,2
9692,jumelle,2,2
9693,moisissure,2,2
9694,moisir,2,2
9695,amère,2,2
9696,brasser,2,2
9697,staff,2,2
9698,excellemment,2,2
9699,anguleux,2,1
9700,cylindre,2,2
9701,marge,2,2
9702,oeuvre,2,2
9703,repérage,2,2
9704,minerai,2,2
9705,ben,2,2
9706,dégorger,2,2
9707,châtaigne,2,2
9708,nèfle,2,2
9709,sance,2,2
9710,granuler,2,2
9711,bonsoir,2,2
9712,guérie,2,2
9713,exaucer,2,2
9714,olifant,2,2
9715,dégourdir,2,2
9716,mante,2,1
9717,plaider,2,2
9718,tibia,2,2
9719,locomotion,2,2
9720,salive,2,1
9721,languissant,2,2
9722,prélever,2,2
9723,résineux,2,1
9724,pourrai,2,2
9725,emploiera,2,2
9726,intellectuellement,2,2
9727,cordelièr,2,2
9728,errata,2,1
9729,recollection,2,2
9730,prémanon,2,1
9731,rafraîchir,2,2
9732,essaimer,2,2
9733,aride,2,2
9734,abbatial,2,2
9735,prouvençau,2,2
9736,troubla,2,2
9737,cambrioleur,2,1
9738,fraterniter,2,2
9739,cavalcade,2,2
9740,bengal,2,2
9741,fertile,2,2
9742,aggloméré,2,1
9743,sectionner,2,2
9744,pécari,2,2
9745,équipée,2,2
9746,occiput,2,2
9747,effarant,2,2
9748,déchoir,2,2
9749,datte,2,2
9750,fruitier,2,2
9751,raymond,2,2
9752,rouch,2,2
9753,antarctide,2,2
9754,couter,2,2
9755,officiant,2,2
9756,paillasse,2,2
9757,compote,2,2
9758,pruneau,2,2
9759,statuer,2,2
9760,jeûne,2,2
9761,cavalerie,2,2
9762,huissier,2,2
9763,remplace,2,2
9764,empêchement,2,1
9765,reçu,2,2
9766,retrait,2,2
9767,distinctif,2,2
9768,trotte,2,2
9769,échantillonnage,2,2
9770,seu,2,1
9771,françer,2,2
9772,éclairé,2,2
9773,bernadette,2,1
9774,intender,2,2
9775,bib,2,1
9776,stature,2,2
9777,ballant,2,2
9778,détritus,2,2
9779,passe,2,2
9780,dialogue,2,2
9781,amonceler,2,2
9782,malfaiteur,2,2
9783,cinémer,2,2
9784,imposante,2,2
9785,fortuné,2,2
9786,tare,2,2
9787,hanotal,2,2
9788,débordement,2,2
9789,vaucouleur,2,2
9790,rome,2,2
9791,constitutionnel,2,2
9792,remémorer,2,2
9793,précurseur,2,2
9794,pagination,2,2
9795,infinitif,2,2
9796,rri,2,2
9797,vulgarité,2,2
9798,concave,2,2
9799,isocèle,2,2
9800,journee,2,2
9801,invalide,2,2
9802,statutaire,2,2
9803,documenté,2,2
9804,congédier,2,2
9805,savourer,2,2
9806,regrouper,2,2
9807,tutelle,2,2
9808,baronne,2,2
9809,mard,2,2
9810,nat,2,2
9811,cruellement,2,2
9812,pratiquant,2,2
9813,iour,2,2
9814,surplu,2,2
9815,lucratif,2,2
9816,générer,2,2
9817,doug,2,2
9818,chromotrikothérion,2,2
9819,colique,2,2
9820,convulsion,2,2
9821,sot,2,2
9822,brui,2,2
9823,éblouir,2,2
9824,décamper,2,2
9825,poui,2,2
9826,mastiquer,2,2
9827,écarquiller,2,2
9828,loque,2,2
9829,opuscule,2,2
9830,paléontologue,2,2
9831,dru,2,2
9832,délavé,2,2
9833,irradier,2,2
9834,reparut,2,2
9835,alfrédine,2,1
9836,scandaliser,2,2
9837,penderie,2,1
9838,plinthe,2,1
9839,bâti,2,2
9840,marteler,2,2
9841,resultat,2,2
9842,etagère,2,1
9843,jubilé,2,2
9844,meck,2,2
9845,artériel,2,2
9846,manège,2,2
9847,levé,2,2
9848,ballot,2,2
9849,luisant,2,2
9850,raffiné,2,2
9851,nuyer,2,2
9852,dérangé,2,2
9853,vautrer,2,2
9854,tolérer,2,2
9855,trouille,2,2
9856,encadrement,2,2
9857,subtilité,2,2
9858,répartie,2,1
9859,crânement,2,2
9860,nonce,2,2
9861,réveillon,2,2
9862,prodigieusement,2,2
9863,commisaire,2,2
9864,gasmer,2,2
9865,fructueuse,2,2
9866,croqui,2,2
9867,abstraire,2,2
9868,chaume,2,2
9869,cowboy,2,1
9870,esquisse,2,2
9871,emblée,2,2
9872,tapisser,2,2
9873,appuyez,2,2
9874,farouchement,2,2
9875,lorgnon,2,2
9876,vacillant,2,2
9877,soudan,2,2
9878,divan,2,1
9879,verrerie,2,2
9880,jalousement,2,2
9881,irréparable,2,2
9882,antédiluvien,2,2
9883,insu,2,2
9884,feuilleton,2,2
9885,sceau,2,2
9886,mystérieusement,2,2
9887,harde,2,2
9888,zoologique,2,2
9889,sarabona,2,1
9890,bosselé,2,2
9891,décevant,2,2
9892,épouse,2,2
9893,cenne,2,2
9894,infant,2,1
9895,donateur,2,2
9896,suelle,2,2
9897,âbbé,2,2
9898,borné,2,2
9899,enjeu,2,2
9900,escient,2,2
9901,exploiter,2,2
9902,supputer,2,2
9903,télégraphier,2,2
9904,jambon,2,2
9905,trahie,2,2
9906,grandement,2,2
9907,doulce,2,2
9908,suggestif,2,2
9909,incorrigible,2,2
9910,prosterner,2,2
9911,ecossaise,2,2
9912,antérieurement,2,2
9913,vaccination,2,2
9914,impérieusement,2,2
9915,vante,2,2
9916,louvetier,2,2
9917,excur,2,2
9918,franç,2,2
9919,angl,2,2
9920,bachelier,2,2
9921,préceptorat,2,2
9922,deglair,2,2
9923,deglaire,2,2
9924,robert,2,2
9925,acremer,2,1
9926,prologue,2,2
9927,moissonneur,2,2
9928,pital,2,2
9929,transept,2,1
9930,convergent,2,2
9931,instinctif,2,2
9932,fen,2,2
9933,reléguer,2,2
9934,accueillit,2,2
9935,exil,2,2
9936,moquerie,2,2
9937,confisquer,2,2
9938,receveur,2,1
9939,désolation,2,2
9940,amieux,2,2
9941,conté,2,2
9942,confiseur,2,2
9943,hip,2,1
9944,hurrah,2,2
9945,déguster,2,2
9946,victorieusement,2,2
9947,polychrome,2,1
9948,afflux,2,2
9949,tata,2,1
9950,berbère,2,1
9951,influencer,2,2
9952,verbe,2,2
9953,sinuosité,2,2
9954,surnombre,2,1
9955,vacciner,2,2
9956,berceuse,2,2
9957,brillante,2,2
9958,réfection,2,2
9959,boutade,2,2
9960,franchissement,2,2
9961,neutralité,2,2
9962,consentement,2,2
9963,cambrai,2,1
9964,cape,2,2
9965,guichet,2,2
9966,manch,2,1
9967,cam,2,2
9968,inspiré,2,2
9969,recouly,2,2
9970,marchon,2,2
9971,moralité,2,2
9972,berce,2,2
9973,subrepticement,2,2
9974,bus,2,2
9975,avenante,2,2
9976,parterre,2,2
9977,crisser,2,2
9978,dextérité,2,2
9979,adéquat,2,2
9980,triangulation,2,2
9981,tiou,2,1
9982,kyrie,2,2
9983,totaliser,2,2
9984,simultané,2,2
9985,resservir,2,2
9986,sir,2,2
9987,languedocien,2,2
9988,pendu,2,2
9989,galet,2,2
9990,constructeur,2,2
9991,courtoi,2,2
9992,prytanée,2,2
9993,sep,2,2
9994,ecrir,2,2
9995,sarthe,2,2
9996,deau,2,1
9997,lnterlaken,2,1
9998,gna,2,2
9999,powel,2,2
10000,milne,2,2
10001,globalement,2,2
10002,naïveté,2,2
10003,rancunier,2,2
10004,cottage,2,2
10005,cahoter,2,2
10006,inconfortable,2,2
10007,horriblement,2,2
10008,tamise,2,2
10009,bourdonnement,2,1
10010,écueil,2,2
10011,réquisitoire,2,2
10012,édifiant,2,2
10013,étreinte,2,2
10014,calfat,2,2
10015,luciole,2,2
10016,compatir,2,2
10017,décoloré,2,1
10018,bilité,2,2
10019,ténébreux,2,2
10020,succédant,2,2
10021,sympathiser,2,2
10022,impromptu,2,2
10023,véloclpédie,2,2
10024,jabot,2,1
10025,noyé,2,2
10026,ajouré,2,2
10027,fondeur,2,1
10028,jadis,2,2
10029,clerc,2,2
10030,lyrisme,2,2
10031,crécelle,2,2
10032,endiablé,2,1
10033,commémorer,2,2
10034,brélé,2,2
10035,massue,2,2
10036,habitué,2,2
10037,inapte,2,2
10038,objecter,2,2
10039,dégoût,2,2
10040,discutable,2,1
10041,fécondité,2,2
10042,foin,2,2
10043,encorder,2,2
10044,bolide,2,2
10045,orbite,2,2
10046,noblement,2,2
10047,nasal,2,2
10048,argentin,2,2
10049,reître,2,1
10050,exquise,2,2
10051,grappe,2,2
10052,infliger,2,2
10053,ramure,2,2
10054,mazout,2,1
10055,braconnage,2,1
10056,scandaleux,2,1
10057,tolérance,2,1
10058,repeupler,2,2
10059,barbelé,2,2
10060,taxe,2,2
10061,grelot,2,2
10062,nichoir,2,1
10063,candeur,2,2
10064,mendiant,2,2
10065,brigade,2,2
10066,primer,2,2
10067,rip,2,1
10068,akela,2,2
10069,lau,2,1
10070,harmonieusement,2,2
10071,famill,2,2
10072,ger,2,2
10073,veuf,2,2
10074,superstition,2,1
10075,tumultueux,2,2
10076,demandai,2,2
10077,ensorceler,2,1
10078,effondrement,2,2
10079,cogne,2,2
10080,attelle,2,2
10081,odieux,2,2
10082,formateur,2,2
10083,convenant,2,2
10084,complication,2,2
10085,mosphère,2,2
10086,étouffant,2,2
10087,aniche,2,1
10088,oute,2,2
10089,pépier,2,2
10090,fade,2,2
10091,balancier,2,2
10092,porche,2,2
10093,pelvou,2,2
10094,impériale,2,2
10095,estrope,2,1
10096,suppose,2,2
10097,aggraver,2,2
10098,duper,2,2
10099,trinité,2,2
10100,tiède,2,2
10101,mouillage,2,2
10102,ferment,2,2
10103,apprivoisement,2,2
10104,soluble,2,1
10105,arthur,2,2
10106,merveilleuse,2,2
10107,jeton,2,2
10108,baptistère,2,2
10109,rustre,2,2
10110,surplomb,2,2
10111,cultivateur,2,2
10112,muletier,2,2
10113,contrebandier,2,2
10114,accoler,2,2
10115,nonchalamment,2,2
10116,calfeutrer,2,2
10117,avènement,2,2
10118,mutuellement,2,2
10119,sarcastique,2,2
10120,soudaine,2,2
10121,renchérir,2,2
10122,rebondie,2,2
10123,hypocrite,2,2
10124,gure,2,2
10125,seller,2,1
10126,pervertir,2,2
10127,inexorable,2,2
10128,dûment,2,2
10129,crépusculaire,2,2
10130,prosaïquement,2,2
10131,jet,2,2
10132,cartonnage,2,2
10133,sali,2,2
10134,aul,2,2
10135,londre,2,2
10136,rier,2,2
10137,camérier,2,1
10138,soutane,2,2
10139,morteau,2,1
10140,helvétique,2,2
10141,chaos,2,1
10142,embarrassant,2,2
10143,tergiverser,2,2
10144,augure,2,2
10145,canicule,2,2
10146,drue,2,2
10147,agnelet,2,2
10148,bergère,2,2
10149,magique,2,2
10150,aumône,2,2
10151,interpella,2,2
10152,segnor,2,2
10153,stoïque,2,2
10154,anatomie,2,2
10155,contre,2,2
10156,polycopier,2,2
10157,glycérine,2,2
10158,embrassant,2,2
10159,embuer,2,2
10160,fût,2,2
10161,altier,2,2
10162,pénétrant,2,2
10163,moque,2,2
10164,admiratif,2,2
10165,adhérer,2,2
10166,présage,2,2
10167,artère,2,2
10168,civilement,2,2
10169,fourmilière,2,2
10170,métèque,2,2
10171,viaduc,2,2
10172,rhône,2,2
10173,jouissance,2,2
10174,isard,2,1
10175,rétorquer,2,2
10176,révolté,2,2
10177,bible,2,2
10178,humer,2,2
10179,crisper,2,2
10180,blockhaus,2,2
10181,cantonnier,2,2
10182,suie,2,2
10183,fredonner,2,2
10184,décorateur,2,2
10185,malakoff,2,2
10186,périple,2,2
10187,rétribuer,2,2
10188,marthe,2,1
10189,odyssée,2,2
10190,déjouer,2,2
10191,vengeance,2,2
10192,galopade,2,2
10193,éboulement,2,2
10194,courbature,2,2
10195,saillir,2,2
10196,chanceler,2,2
10197,comparaître,2,2
10198,circonspection,2,2
10199,calmant,2,2
10200,encombrer,2,2
10201,pincer,2,2
10202,tac,2,1
10203,tahitien,2,1
10204,autrefoi,2,2
10205,avare,2,1
10206,docilement,2,2
10207,caméra,2,2
10208,obstination,2,2
10209,badigeonner,2,2
10210,ricin,2,2
10211,risible,2,2
10212,heureuser,2,2
10213,change,2,2
10214,châsse,2,2
10215,quiétude,2,2
10216,brevetée,2,2
10217,barbare,2,2
10218,zébu,2,1
10219,sentencieusement,2,2
10220,nickel,2,2
10221,trépasser,2,2
10222,techniquement,2,2
10223,inviolé,2,2
10224,galoper,2,2
10225,protestataire,2,2
10226,usurpateur,2,2
10227,ornière,2,2
10228,venimeux,2,2
10229,métamorphose,2,1
10230,toison,2,2
10231,ramification,2,2
10232,parage,2,2
10233,moissonner,2,2
10234,muchacho,2,1
10235,orrhy,2,1
10236,pobre,2,1
10237,carito,2,2
10238,mio,2,1
10239,taloche,2,2
10240,pequeno,2,2
10241,imaginatif,2,2
10242,boa,2,2
10243,entrechoquer,2,2
10244,dessine,2,1
10245,connai,2,2
10246,entoiler,2,2
10247,saura,2,2
10248,accompagne,2,2
10249,transcri,2,2
10250,involontairement,2,2
10251,laïque,2,2
10252,inexact,2,2
10253,tarbouch,2,1
10254,dégringoler,2,2
10255,croquer,2,2
10256,étamine,2,2
10257,omnibus,2,1
10258,illimité,2,2
10259,escalope,2,2
10260,envahissement,2,2
10261,séchoir,2,2
10262,vote,2,2
10263,cochon,2,2
10264,thermomètre,2,2
10265,superbement,2,2
10266,frémit,2,2
10267,béatitude,2,2
10268,insoupçonné,2,2
10269,hanté,2,2
10270,détériorer,2,2
10271,surhure,2,2
10272,languette,2,2
10273,ganglion,2,1
10274,borate,2,2
10275,molière,2,2
10276,carbonate,2,2
10277,toux,2,2
10278,cicatriser,2,2
10279,lavée,2,2
10280,périphérie,2,2
10281,souillure,2,2
10282,oindre,2,2
10283,transcrivon,2,2
10284,croiset,2,1
10285,colorant,2,2
10286,courbure,2,2
10287,pendulette,2,2
10288,zenith,2,2
10289,onoto,2,2
10290,ide,2,2
10291,manant,2,2
10292,guébriant,2,1
10293,tiki,2,1
10294,bénite,2,2
10295,indicible,2,2
10296,moduler,2,2
10297,lancinant,2,2
10298,braquer,2,2
10299,casseur,2,1
10300,mécontentement,2,2
10301,méconnaissable,2,2
10302,réhabiliter,2,2
10303,complicité,2,2
10304,fatalité,2,2
10305,fouillée,2,2
10306,bordayer,2,2
10307,soudainement,2,2
10308,incertitude,2,2
10309,obturer,2,2
10310,lhôpital,2,2
10311,sérénité,2,2
10312,pleur,2,2
10313,saintement,2,2
10314,firmament,2,2
10315,découpage,2,2
10316,parloir,2,2
10317,châteal,2,2
10318,crussol,2,2
10319,kapok,2,2
10320,traversin,2,2
10321,régisseur,2,1
10322,equatorial,2,1
10323,encercler,2,2
10324,tremblotant,2,2
10325,madré,2,1
10326,hein,2,2
10327,dépendance,2,1
10328,munie,2,2
10329,sant,2,2
10330,ecoutez,2,2
10331,tau,2,2
10332,antille,2,2
10333,îlot,2,2
10334,bastion,2,2
10335,barbaresque,2,1
10336,pirate,2,1
10337,prévoyance,2,2
10338,glorieusement,2,1
10339,jonction,2,2
10340,somali,2,2
10341,tonnage,2,2
10342,brazza,2,1
10343,acquisition,2,2
10344,sauterelle,2,2
10345,divinité,2,2
10346,ragaillardi,2,2
10347,souhaitable,2,2
10348,trimballer,2,2
10349,officinal,2,2
10350,raccrocher,2,2
10351,impatienter,2,2
10352,silhouetter,2,1
10353,obvier,2,2
10354,manipulation,2,2
10355,épithète,2,2
10356,huitaine,2,2
10357,mulâtre,2,1
10358,prêtrise,2,2
10359,sacrifié,2,2
10360,enviable,2,2
10361,scoutism,2,2
10362,ciné,2,2
10363,dépositair,2,2
10364,autan,2,2
10365,griffon,2,2
10366,indicer,2,2
10367,tiè,2,1
10368,farceur,2,2
10369,vorace,2,2
10370,bacon,2,1
10371,chloral,2,1
10372,camphre,2,1
10373,moustiquaire,2,2
10374,steack,2,1
10375,plumer,2,2
10376,réciproque,2,2
10377,pline,2,1
10378,problématique,2,2
10379,désagréablement,2,2
10380,coolie,2,2
10381,dra,2,2
10382,enflammé,2,2
10383,catafalque,2,2
10384,belgas,2,2
10385,profiler,2,2
10386,convoi,2,2
10387,lavoir,2,2
10388,psychologie,2,2
10389,automobiliste,2,2
10390,nou,2,2
10391,prov,2,2
10392,hève,2,1
10393,fagot,2,2
10394,kala,2,1
10395,disponibilité,2,1
10396,teneur,2,2
10397,iga,2,2
10398,pliage,2,2
10399,pein,2,2
10400,saturation,2,1
10401,bisulfite,2,1
10402,écorchure,2,2
10403,boiter,2,2
10404,remercia,2,2
10405,parachute,2,1
10406,échafaudage,2,2
10407,timbré,2,2
10408,placard,2,2
10409,anglois,2,1
10410,desdit,2,1
10411,échoir,2,2
10412,tai,2,2
10413,accompagné,2,2
10414,tartine,2,2
10415,concentré,2,2
10416,rappelle,2,2
10417,drapé,2,2
10418,pace,2,2
10419,surlier,2,1
10420,péter,2,2
10421,triomphent,2,2
10422,espar,2,1
10423,sapajou,2,1
10424,moelle,2,2
10425,désuet,2,2
10426,vantail,2,1
10427,mûrement,2,2
10428,inanimé,2,2
10429,imm,2,2
10430,dock,2,1
10431,créole,2,2
10432,bourriqu,2,1
10433,cabri,2,1
10434,magie,2,2
10435,réjouissance,2,2
10436,jde,2,2
10437,burg,2,2
10438,signo,2,1
10439,nui,2,2
10440,sortit,2,2
10441,amiante,2,1
10442,hertzien,2,2
10443,comète,2,1
10444,ethnographique,2,2
10445,synthèse,2,2
10446,liégeois,2,1
10447,prescription,2,2
10448,sibl,2,2
10449,tunisien,2,2
10450,raviner,2,2
10451,gonfanon,2,2
10452,examinateur,2,1
10453,cordelière,2,2
10454,chauvière,2,2
10455,ogon,2,2
10456,cout,2,2
10457,ouvrière,2,1
10458,intrus,2,2
10459,ral,2,2
10460,mordacq,2,1
10461,piocher,2,2
10462,bazar,2,2
10463,tireus,2,1
10464,zurich,2,2
10465,splielden,2,2
10466,tribulation,2,2
10467,phalline,2,1
10468,ingestion,2,1
10469,vomissement,2,1
10470,foie,2,1
10471,urine,2,1
10472,accalmie,2,2
10473,précoce,2,2
10474,comestible,2,1
10475,indigestion,2,2
10476,vomitif,2,1
10477,irriter,2,2
10478,diurétique,2,2
10479,etui,2,2
10480,fléau,2,2
10481,dévier,2,2
10482,tanner,2,1
10483,haler,2,2
10484,manutentionnaire,2,2
10485,etrangère,2,2
10486,crachin,2,2
10487,protestant,2,1
10488,obligeammer,2,2
10489,pens,2,2
10490,botanist,2,2
10491,iamais,2,2
10492,fuseau,2,1
10493,minium,2,2
10494,pontage,2,1
10495,galvaniser,2,2
10496,arrima,2,1
10497,naufragé,2,1
10498,lichen,2,1
10499,algue,2,1
10500,naphtaline,2,1
10501,bichlorure,2,1
10502,coutelas,2,1
10503,natif,2,2
10504,hirsute,2,2
10505,projecteur,2,1
10506,accélérateur,2,2
10507,chèrement,2,2
10508,ostensiblement,2,2
10509,opportunité,2,2
10510,soixantaine,2,2
10511,cumuler,2,2
10512,raisonnablement,2,2
10513,soierie,2,2
10514,lovomaltine,2,1
10515,majestueusement,2,2
10516,republico,2,1
10517,mound,2,1
10518,contro,2,1
10519,zou,2,2
10520,tèsto,2,1
10521,soudard,2,2
10522,canter,2,1
10523,furie,2,2
10524,patrio,2,1
10525,nosto,2,1
10526,aubre,2,1
10527,branco,2,1
10528,ounte,2,1
10529,frucho,2,1
10530,fai,2,1
10531,chang,2,2
10532,ascenseur,2,2
10533,chai,2,2
10534,rebuta,2,2
10535,baril,2,2
10536,quille,2,1
10537,travée,2,1
10538,virtuellement,2,2
10539,clayon,2,1
10540,bouchée,2,2
10541,condamnation,2,2
10542,pythie,2,1
10543,meknè,2,1
10544,boisée,2,1
10545,convoitise,2,2
10546,chauf,2,1
10547,aaaaaa,2,1
10548,lavable,2,2
10549,pen,2,2
10550,déterrer,2,2
10551,féodal,2,2
10552,comprimer,2,2
10553,vigni,2,1
10554,bémol,2,1
10555,graissé,2,1
10556,grainée,2,1
10557,lithographe,2,1
10558,hublot,2,2
10559,modalité,2,2
10560,passez,2,2
10561,federation,2,2
10562,slnat,2,1
10563,irrémédiablement,2,2
10564,mentalement,2,1
10565,jouon,2,1
10566,gérance,2,2
10567,bibliothécaire,2,1
10568,godm,2,1
10569,chaudière,2,2
10570,criant,2,1
10571,forer,2,2
10572,frança,2,1
10573,descendance,2,1
10574,mongol,2,2
10575,signataire,2,2
10576,plaisanterie,2,1
10577,etonné,2,2
10578,algébrique,2,1
10579,déconfiture,2,2
10580,pastille,2,1
10581,dragueur,2,1
10582,surler,2,2
10583,suaire,2,1
10584,tronic,2,2
10585,gravière,2,1
10586,edit,2,1
10587,ascendant,2,2
10588,archer,2,1
10589,assiégé,2,1
10590,destrier,2,1
10591,armurier,2,1
10592,mutiler,2,2
10593,délivre,2,1
10594,bidet,2,1
10595,étrier,2,2
10596,suppliciant,2,1
10597,torturée,2,1
10598,lestement,2,2
10599,épouvanter,2,1
10600,ulcérer,2,2
10601,beaurevoir,2,1
10602,lisez,2,2
10603,monjoie,2,2
10604,athlétique,2,2
10605,soupçon,2,2
10606,branlant,2,2
10607,vélin,2,2
10608,moin,2,2
10609,monacal,2,2
10610,bénévolement,2,2
10611,formellement,2,2
10612,literie,2,1
10613,radiateur,2,2
10614,magicien,2,2
10615,mustang,2,2
10616,poutrelle,2,2
10617,cognée,2,2
10618,insistance,2,2
10619,dans,2,2
10620,patroner,2,2
10621,levier,2,2
10622,monoplan,2,2
10623,frai,2,1
10624,fit,2,2
10625,cotonnier,2,1
10626,noisetier,2,2
10627,résine,2,1
10628,secourable,2,2
10629,cerceau,2,2
10630,vermicelle,2,1
10631,immortaliser,2,2
10632,cahin,2,1
10633,caha,2,1
10634,mestier,2,1
10635,tiroula,2,1
10636,intarissable,2,2
10637,compenser,2,2
10638,jura,2,2
10639,contrebas,2,1
10640,repliable,2,1
10641,fléchissement,2,2
10642,suif,2,2
10643,seroent,2,2
10644,branleba,2,1
10645,yatalante,2,1
10646,bossoir,2,1
10647,hunier,2,1
10648,écoper,2,2
10649,ouessant,2,1
10650,accoter,2,2
10651,largue,2,2
10652,fougeraie,2,1
10653,émerveillement,2,2
10654,gid,2,2
10655,gâcheur,2,1
10656,réaliste,2,2
10657,equipe,2,1
10658,gauchissement,2,1
10659,bannir,2,2
10660,inimitable,2,2
10661,magloire,2,1
10662,anthropophage,2,2
10663,possessif,2,2
10664,communièrent,2,2
10665,biceps,2,2
10666,courcou,2,2
10667,gobelet,2,1
10668,méchoui,2,1
10669,fauconnier,2,1
10670,substantif,2,2
10671,manito,2,1
10672,individualité,2,2
10673,enlisement,2,1
10674,caïman,2,1
10675,désespérant,2,2
10676,vallon,2,2
10677,infidèle,2,1
10678,sottise,2,1
10679,désastreux,2,2
10680,abreschviller,2,1
10681,èrement,2,1
10682,télégraphiste,2,1
10683,tranqu,2,1
10684,llement,2,1
10685,élo,2,1
10686,réal,2,1
10687,ssion,2,1
10688,diluvien,2,1
10689,jouission,2,1
10690,archevêché,2,1
10691,barométrique,2,1
10692,météo,2,1
10693,floe,2,1
10694,mors,2,1
10695,carre,2,1
10696,skal,2,1
10697,ouveillan,2,1
10698,xvie,1,1
10699,blanchon,1,1
10700,bimensuelle,1,1
10701,luxenbdurb,1,1
10702,fuchard,1,1
10703,trouve,1,1
10704,collectionne,1,1
10705,albin,1,1
10706,suchard,1,1
10707,metasol,1,1
10708,culottm,1,1
10709,eelaireur,1,1
10710,duralumin,1,1
10711,cordeal,1,1
10712,onilk,1,1
10713,evinrudeelto,1,1
10714,ltop,1,1
10715,cano,1,1
10716,visi,1,1
10717,iquemacggatng,1,1
10718,fignoler,1,1
10719,ponté,1,1
10720,inattentif,1,1
10721,drossa,1,1
10722,relance,1,1
10723,epuiser,1,1
10724,coupant,1,1
10725,jonquille,1,1
10726,absoute,1,1
10727,delta,1,1
10728,gange,1,1
10729,inexploré,1,1
10730,drapier,1,1
10731,pogelenzung,1,1
10732,évaluant,1,1
10733,perruche,1,1
10734,poici,1,1
10735,franchet,1,1
10736,espérey,1,1
10737,fumier,1,1
10738,bouleversant,1,1
10739,pecout,1,1
10740,meneur,1,1
10741,entremêlée,1,1
10742,let,1,1
10743,font,1,1
10744,baptismau,1,1
10745,marguerite,1,1
10746,luttez,1,1
10747,sensualité,1,1
10748,imprévisible,1,1
10749,bailleul,1,1
10750,altki,1,1
10751,morlai,1,1
10752,douarnenez,1,1
10753,jam,1,1
10754,ronnage,1,1
10755,rudesse,1,1
10756,islande,1,1
10757,drakkar,1,1
10758,styliser,1,1
10759,ranz,1,1
10760,sculpturale,1,1
10761,robustesse,1,1
10762,matou,1,1
10763,affaissement,1,1
10764,juster,1,1
10765,drè,1,1
10766,fessée,1,1
10767,externat,1,1
10768,seignement,1,1
10769,équivalence,1,1
10770,surnuméraire,1,1
10771,fanfaron,1,1
10772,dous,1,1
10773,martèlement,1,1
10774,bruire,1,1
10775,moulage,1,1
10776,contourna,1,1
10777,confronter,1,1
10778,grey,1,1
10779,mécapique,1,1
10780,équilibrent,1,1
10781,expérimentalement,1,1
10782,sinus,1,1
10783,hypersustentateur,1,1
10784,symétriquement,1,1
10785,hypersustensateur,1,1
10786,intrados,1,1
10787,stabilisateur,1,1
10788,futiliter,1,1
10789,réglage,1,1
10790,autostable,1,1
10791,palonnier,1,1
10792,mate,1,1
10793,délasser,1,1
10794,chalumeau,1,1
10795,bombilla,1,1
10796,pampero,1,1
10797,différencier,1,1
10798,herboristerie,1,1
10799,rancho,1,1
10800,prospectus,1,1
10801,maiion,1,1
10802,esb,1,1
10803,foer,1,1
10804,interversion,1,1
10805,servitude,1,1
10806,monomoteur,1,1
10807,quadri,1,1
10808,sesquiplan,1,1
10809,rossi,1,1
10810,congre,1,1
10811,décimer,1,1
10812,transportée,1,1
10813,décréter,1,1
10814,septième,1,1
10815,débar,1,1
10816,cadère,1,1
10817,ëcorcer,1,1
10818,lizne,1,1
10819,abonni,1,1
10820,équipez,1,1
10821,achetez,1,1
10822,cretonn,1,1
10823,imperméablisée,1,1
10824,blouson,1,1
10825,ferm,1,1
10826,dep,1,1
10827,couchodou,1,1
10828,intantanémer,1,1
10829,dilector,1,1
10830,éléger,1,1
10831,armatur,1,1
10832,avue,1,1
10833,schmid,1,1
10834,verdeur,1,1
10835,abonderont,1,1
10836,ront,1,1
10837,ihumiimiii,1,1
10838,iiiiihui,1,1
10839,imun,1,1
10840,imimiinimiiimn,1,1
10841,mnimhiiniinihiiimnimm,1,1
10842,exallemande,1,1
10843,sanga,1,1
10844,gazait,1,1
10845,répérer,1,1
10846,pann,1,1
10847,pâleur,1,1
10848,grondant,1,1
10849,tirai,1,1
10850,dantesque,1,1
10851,asthmatique,1,1
10852,pirouetta,1,1
10853,hourrer,1,1
10854,insensiblement,1,1
10855,zanzibarien,1,1
10856,bréguet,1,1
10857,frot,1,1
10858,tprredp,1,1
10859,boutli,1,1
10860,ektu,1,1
10861,renab,1,1
10862,gflu,1,1
10863,rayonnai,1,1
10864,colisée,1,1
10865,rendu,1,1
10866,phil,1,1
10867,grillot,1,1
10868,frâtellini,1,1
10869,renfrogner,1,1
10870,balançoire,1,1
10871,hont,1,1
10872,chevrotant,1,1
10873,hôtess,1,1
10874,lecreusot,1,1
10875,sotin,1,1
10876,vieill,1,1
10877,tenderjoot,1,1
10878,commençer,1,1
10879,chamoniard,1,1
10880,leng,1,1
10881,eet,1,1
10882,ané,1,1
10883,ifcggi,1,1
10884,prévenance,1,1
10885,dégustation,1,1
10886,agrandie,1,1
10887,soudé,1,1
10888,imprécis,1,1
10889,réabonné,1,1
10890,femmelette,1,1
10891,rifiant,1,1
10892,nargue,1,1
10893,fol,1,1
10894,flux,1,1
10895,expiation,1,1
10896,nazaréen,1,1
10897,cruche,1,1
10898,osselet,1,1
10899,verset,1,1
10900,bedeau,1,1
10901,commenta,1,1
10902,ourler,1,1
10903,ourlé,1,1
10904,hydraulique,1,1
10905,arirestation,1,1
10906,appréhender,1,1
10907,bailleur,1,1
10908,machination,1,1
10909,troisteure,1,1
10910,auda,1,1
10911,octroyer,1,1
10912,licence,1,1
10913,hellénique,1,1
10914,étourdissant,1,1
10915,carnier,1,1
10916,stupéfaite,1,1
10917,échangea,1,1
10918,fureter,1,1
10919,arrange,1,1
10920,épissure,1,1
10921,enroule,1,1
10922,recouche,1,1
10923,tater,1,1
10924,ogre,1,1
10925,ointain,1,1
10926,scoutemer,1,1
10927,antony,1,1
10928,haguenau,1,1
10929,romilly,1,1
10930,villemomble,1,1
10931,umineux,1,1
10932,vépé,1,1
10933,attique,1,1
10934,palestr,1,1
10935,génitif,1,1
10936,galilée,1,1
10937,çontr,1,1
10938,cabrol,1,1
10939,arnborough,1,1
10940,richon,1,1
10941,vernir,1,1
10942,mcuotib,1,1
10943,rvaî,1,1
10944,vctir,1,1
10945,nunwto,1,1
10946,eot,1,1
10947,vtnwbltmwi,1,1
10948,sinîmau,1,1
10949,traqueur,1,1
10950,salièr,1,1
10951,exterieur,1,1
10952,grô,1,1
10953,pèche,1,1
10954,immanquablement,1,1
10955,exigé,1,1
10956,auter,1,1
10957,jongle,1,1
10958,répulsion,1,1
10959,stylet,1,1
10960,flcelle,1,1
10961,filtt,1,1
10962,vuj,1,1
10963,yelévation,1,1
10964,achève,1,1
10965,seoute,1,1
10966,éïamo,1,1
10967,âtre,1,1
10968,virilité,1,1
10969,gravier,1,1
10970,tapoter,1,1
10971,ganter,1,1
10972,tois,1,1
10973,carburateur,1,1
10974,épouvante,1,1
10975,fétu,1,1
10976,candélabre,1,1
10977,fécondation,1,1
10978,cloporte,1,1
10979,latté,1,1
10980,infirae,1,1
10981,ballast,1,1
10982,unelpoigne,1,1
10983,stopper,1,1
10984,smoking,1,1
10985,busserade,1,1
10986,sonnaise,1,1
10987,iiniiiiiiiiiiiiiiiiiiiiiiiiiiiiiiiiiiiiiiiiiiiiiiiiiiiiiiiiiiiiiiiiiiiiiiiiiiiiiiiiiiiiiiiii,1,1
10988,japon,1,1
10989,ecrivain,1,1
10990,infantile,1,1
10991,ophidien,1,1
10992,pythonider,1,1
10993,diminutif,1,1
10994,levrier,1,1
10995,exterminer,1,1
10996,désemparé,1,1
10997,somnoler,1,1
10998,miséreux,1,1
10999,allez,1,1
11000,colat,1,1
11001,inusité,1,1
11002,hèr,1,1
11003,siroter,1,1
11004,rentier,1,1
11005,enthousiasmé,1,1
11006,chatouillé,1,1
11007,vlan,1,1
11008,ricvjt,1,1
11009,pau,1,1
11010,quémander,1,1
11011,craignez,1,1
11012,mourerer,1,1
11013,neume,1,1
11014,çftivm,1,1
11015,fémur,1,1
11016,subvenir,1,1
11017,escout,1,1
11018,facultative,1,1
11019,formion,1,1
11020,uav,1,1
11021,uvc,1,1
11022,montr,1,1
11023,interrompit,1,1
11024,mousqueterie,1,1
11025,cartouchière,1,1
11026,conscier,1,1
11027,anéantissement,1,1
11028,balayage,1,1
11029,tressauter,1,1
11030,maraudeur,1,1
11031,renfoncer,1,1
11032,instantaner,1,1
11033,browning,1,1
11034,patibulaire,1,1
11035,transforma,1,1
11036,alphabétiquement,1,1
11037,veillant,1,1
11038,msushqœfü,1,1
11039,dussoulier,1,1
11040,eylau,1,1
11041,xangler,1,1
11042,reim,1,1
11043,guebwiller,1,1
11044,compïegne,1,1
11045,aubervillier,1,1
11046,chambery,1,1
11047,roubai,1,1
11048,condiment,1,1
11049,solipède,1,1
11050,narratif,1,1
11051,lyrique,1,1
11052,réprouvé,1,1
11053,cypéracée,1,1
11054,lehtö,1,1
11055,sspri,1,1
11056,itoh,1,1
11057,sfflsnnnnsuraguiiljim,1,1
11058,iüï,1,1
11059,égyptienne,1,1
11060,bordé,1,1
11061,planétaire,1,1
11062,embaumé,1,1
11063,censer,1,1
11064,indiscipline,1,1
11065,guerroyeur,1,1
11066,motocycliste,1,1
11067,cipite,1,1
11068,pavane,1,1
11069,enchevêtrement,1,1
11070,méprendre,1,1
11071,ramaturer,1,1
11072,tressecarrée,1,1
11073,âcfàu,1,1
11074,ajl,1,1
11075,jtxacd,1,1
11076,bronche,1,1
11077,fument,1,1
11078,ofi,1,1
11079,rinçage,1,1
11080,empoisonne,1,1
11081,acidité,1,1
11082,âcreté,1,1
11083,vicier,1,1
11084,indemnité,1,1
11085,ëtat,1,1
11086,soulèvement,1,1
11087,venaijt,1,1
11088,machiner,1,1
11089,superstructure,1,1
11090,vexation,1,1
11091,infortune,1,1
11092,réfusi,1,1
11093,laisseï,1,1
11094,alcôve,1,1
11095,revirement,1,1
11096,molester,1,1
11097,fez,1,1
11098,immortelle,1,1
11099,primevèr,1,1
11100,oxalis,1,1
11101,hebdomadairement,1,1
11102,chroniquer,1,1
11103,desamt,1,1
11104,chômer,1,1
11105,dactylographier,1,1
11106,incurvé,1,1
11107,ambages,1,1
11108,pennon,1,1
11109,bachique,1,1
11110,emmailloté,1,1
11111,culotté,1,1
11112,hurle,1,1
11113,adverbe,1,1
11114,veinard,1,1
11115,juridique,1,1
11116,corné,1,1
11117,milier,1,1
11118,montag,1,1
11119,cboulrrd,1,1
11120,rntïjoâ,1,1
11121,vero,1,1
11122,lÿbobo,1,1
11123,pacte,1,1
11124,sorohitrer,1,1
11125,coassa,1,1
11126,paysac,1,1
11127,hova,1,1
11128,prie,1,1
11129,rabote,1,1
11130,joindra,1,1
11131,laquer,1,1
11132,flamboyer,1,1
11133,picrique,1,1
11134,antipyrine,1,1
11135,elixir,1,1
11136,alcoolat,1,1
11137,mélisse,1,1
11138,camphré,1,1
11139,boriqué,1,1
11140,pommade,1,1
11141,suffisance,1,1
11142,antipathie,1,1
11143,épargne,1,1
11144,procure,1,1
11145,proportionn,1,1
11146,hébergement,1,1
11147,kilogr,1,1
11148,bufle,1,1
11149,renaclement,1,1
11150,canidé,1,1
11151,antarctique,1,1
11152,rég,1,1
11153,poltron,1,1
11154,courre,1,1
11155,talonne,1,1
11156,aüec,1,1
11157,vicars,1,1
11158,radiotélégraphie,1,1
11159,radiotéléphonie,1,1
11160,connexion,1,1
11161,mutil,1,1
11162,hurla,1,1
11163,tabatière,1,1
11164,quintal,1,1
11165,pause,1,1
11166,impassibilité,1,1
11167,refréner,1,1
11168,dreadnought,1,1
11169,détruirai,1,1
11170,charbonnier,1,1
11171,fluide,1,1
11172,autoritaire,1,1
11173,tructier,1,1
11174,inintelligible,1,1
11175,hertzienner,1,1
11176,inconcevable,1,1
11177,ènvoler,1,1
11178,troublante,1,1
11179,torque,1,1
11180,entreprenne,1,1
11181,débrouillage,1,1
11182,pratiquera,1,1
11183,augmentera,1,1
11184,haltère,1,1
11185,adouci,1,1
11186,rigidp,1,1
11187,homblière,1,1
11188,rocheforl,1,1
11189,divagation,1,1
11190,terminé,1,1
11191,cavalaire,1,1
11192,extraierer,1,1
11193,flanqu,1,1
11194,pionmerisme,1,1
11195,promontoire,1,1
11196,marande,1,1
11197,envison,1,1
11198,diocésa,1,1
11199,balistique,1,1
11200,offfeier,1,1
11201,réformateur,1,1
11202,préposition,1,1
11203,enket,1,1
11204,étau,1,1
11205,négativement,1,1
11206,douer,1,1
11207,rqancê,1,1
11208,publi,1,1
11209,abonnementi,1,1
11210,ianner,1,1
11211,caoutchoutée,1,1
11212,liquidation,1,1
11213,sidérer,1,1
11214,incorporation,1,1
11215,doutai,1,1
11216,atrie,1,1
11217,meurtri,1,1
11218,fal,1,1
11219,fteer,1,1
11220,aou,1,1
11221,toupurjem,1,1
11222,clom,1,1
11223,ttirfl,1,1
11224,partageant,1,1
11225,achèvera,1,1
11226,uell,1,1
11227,fauçille,1,1
11228,receleur,1,1
11229,hameçon,1,1
11230,giboyeux,1,1
11231,cleoeme,1,1
11232,émigre,1,1
11233,marécageuse,1,1
11234,batracien,1,1
11235,reptile,1,1
11236,quaient,1,1
11237,etautre,1,1
11238,indicateur,1,1
11239,chain,1,1
11240,botté,1,1
11241,tomb,1,1
11242,piperlet,1,1
11243,paucoff,1,1
11244,tronquer,1,1
11245,decrescendo,1,1
11246,xix,1,1
11247,délimité,1,1
11248,receler,1,1
11249,reil,1,1
11250,procédon,1,1
11251,permuter,1,1
11252,réajustement,1,1
11253,soirdà,1,1
11254,téléphoné,1,1
11255,engageant,1,1
11256,guere,1,1
11257,gratia,1,1
11258,cheminee,1,1
11259,çoi,1,1
11260,credo,1,1
11261,vitamine,1,1
11262,rassis,1,1
11263,contribuent,1,1
11264,purgatier,1,1
11265,clos,1,1
11266,bruneau,1,1
11267,laborie,1,1
11268,savonneu,1,1
11269,cérébral,1,1
11270,décalogue,1,1
11271,sympathi,1,1
11272,possibiliter,1,1
11273,décongestionne,1,1
11274,voûté,1,1
11275,chavire,1,1
11276,nagera,1,1
11277,vitaliser,1,1
11278,danshme,1,1
11279,léjour,1,1
11280,soutif,1,1
11281,marand,1,1
11282,hospitalièrement,1,1
11283,alpille,1,1
11284,fragon,1,1
11285,patouille,1,1
11286,messer,1,1
11287,phant,1,1
11288,lardemelle,1,1
11289,déli,1,1
11290,cieuse,1,1
11291,trale,1,1
11292,vail,1,1
11293,gasnier,1,1
11294,garderont,1,1
11295,reçurent,1,1
11296,infantigabl,1,1
11297,pompon,1,1
11298,gale,1,1
11299,solesme,1,1
11300,totemisation,1,1
11301,inépuisée,1,1
11302,brièveté,1,1
11303,pivert,1,1
11304,quin,1,1
11305,lerer,1,1
11306,creusotain,1,1
11307,ôlt,1,1
11308,liair,1,1
11309,tja,1,1
11310,ariki,1,1
11311,calligraphie,1,1
11312,exempt,1,1
11313,cachay,1,1
11314,fonquière,1,1
11315,ibsen,1,1
11316,scene,1,1
11317,consi,1,1
11318,déparer,1,1
11319,sestimanie,1,1
11320,lare,1,1
11321,départageon,1,1
11322,pamc,1,1
11323,dépourvu,1,1
11324,dartreux,1,1
11325,taller,1,1
11326,savent,1,1
11327,zda,1,1
11328,watt,1,1
11329,ronycm,1,1
11330,qjèqu,1,1
11331,abmmementt,1,1
11332,lamer,1,1
11333,nismére,1,1
11334,doller,1,1
11335,hivefm,1,1
11336,solidifier,1,1
11337,méticuleux,1,1
11338,déclenche,1,1
11339,télégraphiquement,1,1
11340,alarmé,1,1
11341,souterraine,1,1
11342,alimente,1,1
11343,éclairée,1,1
11344,propagation,1,1
11345,existant,1,1
11346,fonl,1,1
11347,gradé,1,1
11348,décombre,1,1
11349,transir,1,1
11350,aboutissant,1,1
11351,aoun,1,1
11352,ouplesse,1,1
11353,jûhùh,1,1
11354,ovl,1,1
11355,oca,1,1
11356,cuuxuajc,1,1
11357,dùv,1,1
11358,tcuact,1,1
11359,boniaun,1,1
11360,uecv,1,1
11361,üyujl,1,1
11362,nau,1,1
11363,ohum,1,1
11364,dira,1,1
11365,lik,1,1
11366,malfaiser,1,1
11367,pouillot,1,1
11368,pipit,1,1
11369,traquet,1,1
11370,brute,1,1
11371,employerier,1,1
11372,cheur,1,1
11373,pierrerie,1,1
11374,chardonneret,1,1
11375,bouvreuil,1,1
11376,griserie,1,1
11377,kugèn,1,1
11378,cessassent,1,1
11379,oiseleur,1,1
11380,psalmodie,1,1
11381,urbain,1,1
11382,accroche,1,1
11383,lapider,1,1
11384,fusillent,1,1
11385,piéger,1,1
11386,entendrion,1,1
11387,spectable,1,1
11388,chatoyant,1,1
11389,déprédateur,1,1
11390,indiscuter,1,1
11391,stomachal,1,1
11392,réservant,1,1
11393,pâture,1,1
11394,isselle,1,1
11395,sontr,1,1
11396,empoisonneur,1,1
11397,gratin,1,1
11398,emplissez,1,1
11399,iiiimmiiiiiiiiiiiiiiiiiuiiiimtriihiimiiiiiiimiiiiiiiiiiiihiiiihmmiiiiiimr,1,1
11400,alléguer,1,1
11401,perceptible,1,1
11402,sarrazin,1,1
11403,éclaircissement,1,1
11404,cinématique,1,1
11405,fabriquez,1,1
11406,considéron,1,1
11407,expulser,1,1
11408,intruder,1,1
11409,mûrie,1,1
11410,piétin,1,1
11411,tumulte,1,1
11412,saninon,1,1
11413,reaud,1,1
11414,dragonne,1,1
11415,pendront,1,1
11416,restant,1,1
11417,mam,1,1
11418,ilitaire,1,1
11419,irer,1,1
11420,bouillotte,1,1
11421,réveille,1,1
11422,lall,1,1
11423,numérc,1,1
11424,centralisation,1,1
11425,preneur,1,1
11426,failli,1,1
11427,aimabler,1,1
11428,centimer,1,1
11429,samoen,1,1
11430,dégringolade,1,1
11431,vandalisme,1,1
11432,franchi,1,1
11433,abatage,1,1
11434,prcpcser,1,1
11435,jcur,1,1
11436,rassemblemert,1,1
11437,sccutisme,1,1
11438,copieusement,1,1
11439,patro,1,1
11440,héro,1,1
11441,inénarrable,1,1
11442,fouine,1,1
11443,drom,1,1
11444,grattement,1,1
11445,souflement,1,1
11446,estompe,1,1
11447,siff,1,1
11448,vengeur,1,1
11449,pourj,1,1
11450,jdu,1,1
11451,emeraude,1,1
11452,couesnière,1,1
11453,arfel,1,1
11454,ulotte,1,1
11455,brinqueballent,1,1
11456,abl,1,1
11457,bienveillante,1,1
11458,édifent,1,1
11459,tocsin,1,1
11460,tte,1,1
11461,ïassister,1,1
11462,meule,1,1
11463,dévouemer,1,1
11464,déj,1,1
11465,nitivement,1,1
11466,iiiiniiiiiiiiiiiimiiiiiiiiiiiiiiiiiuiiiiiiiiiiiiiimiiiiiiiiiiiiiiiiiiiiiiiimiimiiiiiiimiiiiiiiiiiiiiimtiiiiiiiiiiiiuiiim,1,1
11467,nouvel,1,1
11468,informon,1,1
11469,paval,1,1
11470,refonte,1,1
11471,gallinacé,1,1
11472,keue,1,1
11473,ebeuen,1,1
11474,poulailler,1,1
11475,ergot,1,1
11476,chàsublerïe,1,1
11477,saciété,1,1
11478,immii,1,1
11479,necessaire,1,1
11480,monnoyeur,1,1
11481,gazette,1,1
11482,barclay,1,1
11483,patrone,1,1
11484,chérir,1,1
11485,chantable,1,1
11486,violoniste,1,1
11487,bandoulière,1,1
11488,bénitier,1,1
11489,amicalement,1,1
11490,erhtjt,1,1
11491,préluder,1,1
11492,inusiter,1,1
11493,aulour,1,1
11494,tacite,1,1
11495,entent,1,1
11496,reconduisirent,1,1
11497,éveil,1,1
11498,accou,1,1
11499,rurer,1,1
11500,solennelle,1,1
11501,organiste,1,1
11502,miraculé,1,1
11503,honzon,1,1
11504,découperont,1,1
11505,peindront,1,1
11506,inoccuper,1,1
11507,guignol,1,1
11508,timidité,1,1
11509,cambrer,1,1
11510,théologal,1,1
11511,irrévocablement,1,1
11512,esquif,1,1
11513,acrobat,1,1
11514,disqualifier,1,1
11515,cuc,1,1
11516,appareillage,1,1
11517,tépide,1,1
11518,mélancol,1,1
11519,conquistador,1,1
11520,teinter,1,1
11521,moirer,1,1
11522,rosé,1,1
11523,rai,1,1
11524,sugcère,1,1
11525,vivra,1,1
11526,troublant,1,1
11527,envelopperon,1,1
11528,changeant,1,1
11529,coquelicot,1,1
11530,empourprer,1,1
11531,blonde,1,1
11532,fermente,1,1
11533,levain,1,1
11534,cieux,1,1
11535,ineffable,1,1
11536,berc,1,1
11537,inexprimer,1,1
11538,iîur,1,1
11539,butiné,1,1
11540,iton,1,1
11541,appréciateur,1,1
11542,ressouvenir,1,1
11543,sailli,1,1
11544,exécuteur,1,1
11545,testamentaire,1,1
11546,contraster,1,1
11547,douairière,1,1
11548,levavi,1,1
11549,animam,1,1
11550,meam,1,1
11551,ecriture,1,1
11552,vivifier,1,1
11553,accentuation,1,1
11554,tiré,1,1
11555,pédaler,1,1
11556,mauberger,1,1
11557,boursier,1,1
11558,crevasse,1,1
11559,commémoratif,1,1
11560,cénotaphe,1,1
11561,refleuriront,1,1
11562,embellissement,1,1
11563,iiiiiiiiiiiiiiiiiiiiiiiiiiiiiiiiiiiiiiiiiiiiiiiiiiiiiiiiiiiiiiiiiiiiiiiiiiiiiiiiiiiiiiiiiiiiiiiisiiiiiiiiiiiiiiiiiiiiiiiiiiiiiiiiiiii,1,1
11564,ceil,1,1
11565,eteal,1,1
11566,subdivisée,1,1
11567,vraisemblablement,1,1
11568,burlesque,1,1
11569,klaxon,1,1
11570,réinstaller,1,1
11571,blanchissant,1,1
11572,mache,1,1
11573,lill,1,1
11574,bourricot,1,1
11575,deci,1,1
11576,rouennais,1,1
11577,vertboi,1,1
11578,retrempèrent,1,1
11579,hert,1,1
11580,régionalisme,1,1
11581,célé,1,1
11582,brer,1,1
11583,pllerinage,1,1
11584,improvisée,1,1
11585,fatiguant,1,1
11586,persistant,1,1
11587,rowing,1,1
11588,déjeûne,1,1
11589,béant,1,1
11590,limonade,1,1
11591,coiffeur,1,1
11592,recivilise,1,1
11593,essuye,1,1
11594,enrouer,1,1
11595,iiasaisihi,1,1
11596,amien,1,1
11597,montpellier,1,1
11598,mulhouse,1,1
11599,rhenan,1,1
11600,rochefort,1,1
11601,surgere,1,1
11602,troye,1,1
11603,efforcé,1,1
11604,iiimiiiimilllllllltmiiiiiiimimilitlimiiif,1,1
11605,majoration,1,1
11606,ill,1,1
11607,âppei,1,1
11608,gieuse,1,1
11609,oxonian,1,1
11610,équilibrage,1,1
11611,briton,1,1
11612,crampon,1,1
11613,serrée,1,1
11614,üté,1,1
11615,finett,1,1
11616,tiqueà,1,1
11617,ecision,1,1
11618,soudure,1,1
11619,lucifeft,1,1
11620,nervurer,1,1
11621,expressive,1,1
11622,ncoln,1,1
11623,uutinuuiiuiiuiuumiiuiiiiiiiiumimmiiiiiiiiiiiiiiuiiiiiiiiiiiifiiiiiiiiiiiiiiiiiiiiiiiiiiiitmiiiimiitiiiiiiiiiiuii,1,1
11624,aimai,1,1
11625,épier,1,1
11626,colonisation,1,1
11627,mdécis,1,1
11628,vieillesse,1,1
11629,grison,1,1
11630,mélèze,1,1
11631,construisaient,1,1
11632,morterash,1,1
11633,oratorien,1,1
11634,fondai,1,1
11635,persuadé,1,1
11636,appeller,1,1
11637,recréer,1,1
11638,iiiiiiiiiiiiiiiiiiiiiiiiiiiiiiiiiiiiiiiiiiiiimiiiiiiiiiiiiiiiiimiiiiiiiiiiiitriihimiiiiiiiiiiiiiimmimiiiitiiimimimn,1,1
11639,abstraction,1,1
11640,acquis,1,1
11641,ornithologiste,1,1
11642,trinominaîe,1,1
11643,imparfait,1,1
11644,vulgarisation,1,1
11645,alcan,1,1
11646,lise,1,1
11647,vertébré,1,1
11648,passionnel,1,1
11649,volatile,1,1
11650,iiiiiiiiiiiiiiiiiiiiiiiiiiiiiiiiiiiiiiiiiiiiiiiiiiiiiiiiiniiiiiiiiiiiiiiiiiiiiiiiiiiiiiiiiiiiiiiiiiiiiiiiiiiiiinmiiniiiimiiiiii,1,1
11651,droen,1,1
11652,vérandah,1,1
11653,respir,1,1
11654,pinot,1,1
11655,ébène,1,1
11656,mufti,1,1
11657,suffoquerai,1,1
11658,cadrer,1,1
11659,conduisaient,1,1
11660,trompa,1,1
11661,pastel,1,1
11662,marci,1,1
11663,clivier,1,1
11664,blachette,1,1
11665,attirant,1,1
11666,paysagiste,1,1
11667,publicist,1,1
11668,illartein,1,1
11669,mauvinière,1,1
11670,graveur,1,1
11671,hmxmhsï,1,1
11672,basane,1,1
11673,cartable,1,1
11674,pétulant,1,1
11675,attrape,1,1
11676,impétueux,1,1
11677,élimer,1,1
11678,coqueleux,1,1
11679,interloqué,1,1
11680,gloriole,1,1
11681,constellé,1,1
11682,comprit,1,1
11683,iiiiiiiiiiiiiiiuiiiiiiiiiiiiiiiiiiiiiiiiiiiiiiilllllllllllllimillllllllllllllllllllllllllllllllimillllmiiiiiiiiiiiiiiiiiiiiiiiii,1,1
11684,lapurdum,1,1
11685,méliande,1,1
11686,abydo,1,1
11687,asson,1,1
11688,purdum,1,1
11689,irüp,1,1
11690,latiniser,1,1
11691,dum,1,1
11692,affaiblissement,1,1
11693,rosam,1,1
11694,fusion,1,1
11695,éruption,1,1
11696,cataclysme,1,1
11697,granitique,1,1
11698,neste,1,1
11699,jacass,1,1
11700,cirage,1,1
11701,quinconce,1,1
11702,froidure,1,1
11703,montent,1,1
11704,décorative,1,1
11705,guebelette,1,1
11706,palpable,1,1
11707,darrien,1,1
11708,mandoline,1,1
11709,iéducation,1,1
11710,anoblir,1,1
11711,debout,1,1
11712,inénarrablement,1,1
11713,régionalement,1,1
11714,circonscription,1,1
11715,paraiser,1,1
11716,hartmanwiller,1,1
11717,désolé,1,1
11718,flenri,1,1
11719,lucidité,1,1
11720,inopiné,1,1
11721,ossuaire,1,1
11722,douaumont,1,1
11723,agrandi,1,1
11724,hèret,1,1
11725,ribeauvillié,1,1
11726,eieal,1,1
11727,hémiptère,1,1
11728,cicadidé,1,1
11729,cicada,1,1
11730,fraxini,1,1
11731,forficuler,1,1
11732,sphex,1,1
11733,pille,1,1
11734,cétoine,1,1
11735,suçoir,1,1
11736,mensuellement,1,1
11737,giandeur,1,1
11738,rigel,1,1
11739,bnllante,1,1
11740,leù,1,1
11741,émpdkrî,1,1
11742,douveu,1,1
11743,niiiiiimniiiiimmi,1,1
11744,untormidablé,1,1
11745,éditorial,1,1
11746,palpitante,1,1
11747,antipod,1,1
11748,narguer,1,1
11749,rrrnil,1,1
11750,allol,1,1
11751,brancher,1,1
11752,guerrede,1,1
11753,sidérant,1,1
11754,méta,1,1
11755,allianc,1,1
11756,éparpillement,1,1
11757,derniere,1,1
11758,narquois,1,1
11759,satisfaite,1,1
11760,accouder,1,1
11761,piper,1,1
11762,bouê,1,1
11763,feinte,1,1
11764,ramassai,1,1
11765,dominante,1,1
11766,iiiiiiiiiiiiiiiiiiiiiiiiiiiiiiiiiiiiiiiiiiiiiiiiiiiiiiiiiiiiiimiiiiiiiiiiiiiiiiiiiiiiiiiiiiiiiiimiiiiiiiiimiiiimiiiimitiim,1,1
11767,monotonie,1,1
11768,grabat,1,1
11769,congestionner,1,1
11770,diagnostic,1,1
11771,antidyphtériqu,1,1
11772,petiot,1,1
11773,graisseux,1,1
11774,régularise,1,1
11775,hernie,1,1
11776,leviédecin,1,1
11777,surproduction,1,1
11778,suspenseur,1,1
11779,viscère,1,1
11780,abdominaux,1,1
11781,oscillation,1,1
11782,réentraînement,1,1
11783,immimimfiimiiimmimimii,1,1
11784,volte,1,1
11785,anrièr,1,1
11786,étalonner,1,1
11787,virgule,1,1
11788,nstonîtomto,1,1
11789,louv,1,1
11790,adoptif,1,1
11791,baguée,1,1
11792,parsi,1,1
11793,adorateur,1,1
11794,réitérer,1,1
11795,existaient,1,1
11796,copié,1,1
11797,grupo,1,1
11798,étoff,1,1
11799,explicativer,1,1
11800,merci,1,1
11801,ronmabery,1,1
11802,peste,1,1
11803,heaulme,1,1
11804,organjsation,1,1
11805,caustique,1,1
11806,litanie,1,1
11807,marchepied,1,1
11808,étoffer,1,1
11809,jloyau,1,1
11810,nécessiteux,1,1
11811,journé,1,1
11812,max,1,1
11813,réapprendre,1,1
11814,desjscout,1,1
11815,bould,1,1
11816,sevin,1,1
11817,tchécoslovaque,1,1
11818,unifcrme,1,1
11819,saumur,1,1
11820,arménien,1,1
11821,tarbouche,1,1
11822,alexandrin,1,1
11823,alexandrie,1,1
11824,iiimin,1,1
11825,malais,1,1
11826,sibérien,1,1
11827,tocéanpacifîque,1,1
11828,conan,1,1
11829,grao,1,1
11830,renâclement,1,1
11831,sanguinaire,1,1
11832,nièr,1,1
11833,taygète,1,1
11834,soclété,1,1
11835,môme,1,1
11836,deckball,1,1
11837,ÿanj,1,1
11838,dfapellerieè,1,1
11839,anonym,1,1
11840,citlatrt,1,1
11841,lavi,1,1
11842,udl,1,1
11843,amp,1,1
11844,iiiiiimiiiiiiiiiiiiiiiiiiiiiiiiiiiiiiiiiiiiiiiiiiiiiiiiiiiiiiiiiiiiiiiiiiiiiiiiiiiiiiiiiih,1,1
11845,florente,1,1
11846,ignace,1,1
11847,auxiliatrice,1,1
11848,foligno,1,1
11849,iti,1,1
11850,renée,1,1
11851,zeller,1,1
11852,niimiiiiiiuiiiiiiiiiimiiiiiiiiiiiiiiiiiiiiimiiiiiimmiimimiiiiiiiiiiiiiiiiiiii,1,1
11853,mimmiin,1,1
11854,phsita,1,1
11855,miiiiiiiiiiimiiimiimmiimmifmiiiimiimiiiiimiiiiiiimmmiiiiimmmf,1,1
11856,imiiimmi,1,1
11857,alama,1,1
11858,philatélist,1,1
11859,reviser,1,1
11860,dételer,1,1
11861,maltraité,1,1
11862,bâcler,1,1
11863,inexactement,1,1
11864,centimètrest,1,1
11865,encoignure,1,1
11866,ecarter,1,1
11867,fixité,1,1
11868,rétamage,1,1
11869,steak,1,1
11870,chauffent,1,1
11871,cûiisson,1,1
11872,trident,1,1
11873,fondamentau,1,1
11874,laitage,1,1
11875,rascasse,1,1
11876,mange,1,1
11877,gastronomique,1,1
11878,prohibitif,1,1
11879,gume,1,1
11880,courgette,1,1
11881,epinard,1,1
11882,poireal,1,1
11883,choucroute,1,1
11884,chicoré,1,1
11885,harictos,1,1
11886,nutritive,1,1
11887,cresson,1,1
11888,rafraîchissant,1,1
11889,échauffant,1,1
11890,aromate,1,1
11891,thym,1,1
11892,estragon,1,1
11893,producteur,1,1
11894,réchaut,1,1
11895,mica,1,1
11896,famp,1,1
11897,jjri,1,1
11898,jeim,1,1
11899,pivoter,1,1
11900,étoiler,1,1
11901,revien,1,1
11902,sidéral,1,1
11903,erichthon,1,1
11904,përié,1,1
11905,raènib,1,1
11906,yoia,1,1
11907,facétie,1,1
11908,triomphé,1,1
11909,soufle,1,1
11910,viable,1,1
11911,dmhienlfcm,1,1
11912,niât,1,1
11913,hice,1,1
11914,écarlate,1,1
11915,flamboie,1,1
11916,aubier,1,1
11917,méritai,1,1
11918,vafrejoindre,1,1
11919,gaucher,1,1
11920,revenon,1,1
11921,enfilée,1,1
11922,tokio,1,1
11923,estai,1,1
11924,mèabl,1,1
11925,euir,1,1
11926,iilet,1,1
11927,havaac,1,1
11928,cerele,1,1
11929,vessiedo,1,1
11930,ponvaut,1,1
11931,deekball,1,1
11932,pitre,1,1
11933,oeintur,1,1
11934,nirrnntir,1,1
11935,concorno,1,1
11936,iraace,1,1
11937,fir,1,1
11938,oart,1,1
11939,lioutaud,1,1
11940,xyih,1,1
11941,illustré,1,1
11942,anê,1,1
11943,æcovt,1,1
11944,cottt,1,1
11945,sejour,1,1
11946,sandalette,1,1
11947,chromer,1,1
11948,kneipp,1,1
11949,ittp,1,1
11950,reproductioc,1,1
11951,mimmmiiiiimiiiii,1,1
11952,iiiiiimmimiiiiiiiimmiii,1,1
11953,imprim,1,1
11954,matiere,1,1
11955,elegante,1,1
11956,presentation,1,1
11957,ifcmuui,1,1
11958,otyjjjc,1,1
11959,chauffant,1,1
11960,belligérantsi,1,1
11961,rédacleur,1,1
11962,belmore,1,1
11963,pôvre,1,1
11964,sensé,1,1
11965,polynesien,1,1
11966,faill,1,1
11967,nique,1,1
11968,asphyxie,1,1
11969,gard,1,1
11970,retrouv,1,1
11971,alp,1,1
11972,dtavoir,1,1
11973,attrap,1,1
11974,polynésienlll,1,1
11975,siroco,1,1
11976,empester,1,1
11977,dispersé,1,1
11978,grillera,1,1
11979,bellovaque,1,1
11980,rase,1,1
11981,admissible,1,1
11982,increusable,1,1
11983,asphyxiante,1,1
11984,fanfaronnade,1,1
11985,écrouleront,1,1
11986,irréductible,1,1
11987,apaisement,1,1
11988,framboisy,1,1
11989,assommoir,1,1
11990,pyramidien,1,1
11991,beefsteck,1,1
11992,immonde,1,1
11993,peureux,1,1
11994,durci,1,1
11995,perforeur,1,1
11996,préféré,1,1
11997,exigez,1,1
11998,voluptueux,1,1
11999,végéter,1,1
12000,iiiiiiiiiiiiiiihiiiiiiiiiiiiiiiiiiiiiiiiiiiiimiiiiiiiiiiiiiiimiiiiiimmiiiiiiiiiiimiimmimiiiiiiiiimiiiiiiiiimiiih,1,1
12001,gicler,1,1
12002,collet,1,1
12003,eloigner,1,1
12004,jauge,1,1
12005,ellipse,1,1
12006,affaibli,1,1
12007,tuberculeux,1,1
12008,sentîme,1,1
12009,dessaler,1,1
12010,concasser,1,1
12011,piler,1,1
12012,comrtie,1,1
12013,vinaigrette,1,1
12014,gouttelette,1,1
12015,epluche,1,1
12016,prismatique,1,1
12017,structure,1,1
12018,robusticité,1,1
12019,chaotique,1,1
12020,embû,1,1
12021,fourgonner,1,1
12022,manquement,1,1
12023,iiiiiiiiiiiiiiiiiiiiiiiiiimiiiiiiiiiiiiiiiiiimiiiiiiiiiiiiiiiiitiiiiiiiiiiiiiiiiiimiiiiiiiiiiiiiiiiiitmiiiiiiiiiiuiiiiiiiiiiii,1,1
12024,tat,1,1
12025,ménag,1,1
12026,gaucherie,1,1
12027,gringalet,1,1
12028,ordure,1,1
12029,passivement,1,1
12030,riposter,1,1
12031,rotondité,1,1
12032,psychologue,1,1
12033,répugnance,1,1
12034,buraliste,1,1
12035,enfoncera,1,1
12036,inspir,1,1
12037,serrera,1,1
12038,violoncelle,1,1
12039,violoncelliste,1,1
12040,endorme,1,1
12041,proverbe,1,1
12042,atml,1,1
12043,ylia,1,1
12044,ctviar,1,1
12045,pâque,1,1
12046,itti,1,1
12047,inin,1,1
12048,mit,1,1
12049,désargenté,1,1
12050,intermède,1,1
12051,ressemblement,1,1
12052,maestro,1,1
12053,pyrénéen,1,1
12054,etincelle,1,1
12055,iiiimiimiiimiiiiiiiiiiiiiimiiiimmiiiiiiiiiimiiiiiiimiiiimiiiiiiimiiiiiiiiiiiiiiiiiiimniiiiiiiiiiiiiiimiiiiiiiiiiii,1,1
12056,taux,1,1
12057,berranger,1,1
12058,secourist,1,1
12059,neigeuse,1,1
12060,superbagnère,1,1
12061,tellien,1,1
12062,mandarine,1,1
12063,flamant,1,1
12064,conquêt,1,1
12065,fief,1,1
12066,itinnmiiiiiii,1,1
12067,toise,1,1
12068,anxieusement,1,1
12069,énigmatique,1,1
12070,ovolmaltine,1,1
12071,rouillée,1,1
12072,cabosser,1,1
12073,gouleau,1,1
12074,iimmiiu,1,1
12075,immmmmmii,1,1
12076,deder,1,1
12077,chelle,1,1
12078,dhôtel,1,1
12079,philatélie,1,1
12080,closerie,1,1
12081,sele,1,1
12082,tibot,1,1
12083,flamenie,1,1
12084,jaillou,1,1
12085,brochant,1,1
12086,geoir,1,1
12087,moen,1,1
12088,cosy,1,1
12089,cassette,1,1
12090,polichinelle,1,1
12091,bluett,1,1
12092,mirebeau,1,1
12093,napperon,1,1
12094,jacquand,1,1
12095,chateau,1,1
12096,delizi,1,1
12097,porcelain,1,1
12098,flonoré,1,1
12099,théière,1,1
12100,scellier,1,1
12101,delnef,1,1
12102,icoussin,1,1
12103,barbé,1,1
12104,assollant,1,1
12105,dunnel,1,1
12106,cuculider,1,1
12107,geai,1,1
12108,rford,1,1
12109,plombée,1,1
12110,densité,1,1
12111,phœbé,1,1
12112,rétrograde,1,1
12113,laineblanche,1,1
12114,diamantine,1,1
12115,glycine,1,1
12116,vendez,1,1
12117,posfe,1,1
12118,cbapellerleô,1,1
12119,mrnirnmtmmmmaasmmiabmêsamikamm,1,1
12120,teste,1,1
12121,charle,1,1
12122,tartârie,1,1
12123,ardenni,1,1
12124,tieac,1,1
12125,ançi,1,1
12126,pwfe,1,1
12127,antf,1,1
12128,gfum,1,1
12129,imk,1,1
12130,usi,1,1
12131,émlj,1,1
12132,ilfv,1,1
12133,iigiieeaeaawiikisiiiimbi,1,1
12134,efief,1,1
12135,dllabiuement,1,1
12136,décompte,1,1
12137,dépens,1,1
12138,envoyeur,1,1
12139,facture,1,1
12140,invendu,1,1
12141,ptèu,1,1
12142,fiewnu,1,1
12143,fleura,1,1
12144,curie,1,1
12145,aer,1,1
12146,adàptant,1,1
12147,sim,1,1
12148,ceivre,1,1
12149,médaill,1,1
12150,poêl,1,1
12151,etamée,1,1
12152,iiiiiiiiiiiiiiinïiiiiiiiiiiiiiiiiiiiiiiiiiiiiiiiiiiiiiiiiiiiiiiiiiiiiiiiiiiiiiiiiiiiiiiiiiiiiiiiiiiiiiiiiiiiiiiiiiiiiiiiiiiiiiiiiiiiiiiiiiiiiiiiiiiiiii,1,1
12153,matif,1,1
12154,inscrit,1,1
12155,nominal,1,1
12156,inaliénable,1,1
12157,nominative,1,1
12158,partant,1,1
12159,pionner,1,1
12160,redoubl,1,1
12161,étrangèrecar,1,1
12162,échaffaudage,1,1
12163,etablir,1,1
12164,equarrir,1,1
12165,iiiiiiiimiiiiiiiiiiiiii,1,1
12166,moitiébrûlé,1,1
12167,bouge,1,1
12168,tapiss,1,1
12169,consume,1,1
12170,faisable,1,1
12171,peutfpa,1,1
12172,muraill,1,1
12173,çour,1,1
12174,elron,1,1
12175,eut,1,1
12176,plongée,1,1
12177,attérer,1,1
12178,iiimiiiiiiiiiiiiiiiiiiiiiiiiiiiiiiiiiiiiiiiiiiiiiiiiiiiiiiiiiiiiiiiiiiiiiiiiiiiiiiiiiiiiiiiiiiiiiiiiiiiiiiiiiiiiiiiiiiiiiimiiiiiiiiiiiiiiiiiiiimiii,1,1
12179,câbler,1,1
12180,grillage,1,1
12181,treillage,1,1
12182,renversement,1,1
12183,bouilloire,1,1
12184,humanitaire,1,1
12185,lajnêm,1,1
12186,ardoise,1,1
12187,dansfle,1,1
12188,tracasse,1,1
12189,catéchisme,1,1
12190,finder,1,1
12191,offense,1,1
12192,déraille,1,1
12193,artcile,1,1
12194,avrd,1,1
12195,pirer,1,1
12196,illlllllllllllllllllllllllllllllllllllllllllllllllllllllllllllllllllllllllllllllllllllllllllllllllllllllllllllillllllllllllllllllllllllllllllllllllllll,1,1
12197,orthopthère,1,1
12198,élytre,1,1
12199,carabé,1,1
12200,carabique,1,1
12201,servicer,1,1
12202,miroton,1,1
12203,rapez,1,1
12204,ternati,1,1
12205,onal,1,1
12206,fraisier,1,1
12207,belladone,1,1
12208,sycomore,1,1
12209,épicéa,1,1
12210,sylvestre,1,1
12211,floride,1,1
12212,vélocité,1,1
12213,sinistré,1,1
12214,émotionnant,1,1
12215,expédia,1,1
12216,piailler,1,1
12217,permis,1,1
12218,malentendu,1,1
12219,iiiiiiiiiiiiiiiiiimiiiiiiiiiiiiiiiiiiiiiiiiiiiiiiiiiiiiiiiiiiiiiiiiiiiiiiiiiiiiiiiiihiiiuiiiiiiiiiiiiiiiiiiiiiitiiiiiiiiiuiiiiiiiiiiiniiiiiiimmi,1,1
12220,time,1,1
12221,nourrisson,1,1
12222,fsécurité,1,1
12223,nellan,1,1
12224,eveillé,1,1
12225,scauttistica,1,1
12226,cathol,1,1
12227,pologn,1,1
12228,jeuille,1,1
12229,prouvent,1,1
12230,fougueuse,1,1
12231,bisser,1,1
12232,emménagement,1,1
12233,adjudication,1,1
12234,iimiiiiiiiiiiiiiiiiiiiiiiiiiiiiiiiiiiiiiiiiiiiiiiiiiiimiiiiiiiiiiiiiimiiiiiiiiiiiiiimiiiiiiiiimiiiiiimmiiiiiiiiiiiiiiiiiiiiimiiiiiimir,1,1
12235,accompagnée,1,1
12236,postulant,1,1
12237,reciter,1,1
12238,toulonnais,1,1
12239,débourser,1,1
12240,entremise,1,1
12241,arsenal,1,1
12242,pouyad,1,1
12243,grippe,1,1
12244,chansonnettes,1,1
12245,parfumé,1,1
12246,rénover,1,1
12247,filialemer,1,1
12248,arnaldo,1,1
12249,tremeau,1,1
12250,hobereau,1,1
12251,émerillon,1,1
12252,traïac,1,1
12253,vepi,1,1
12254,déclinaison,1,1
12255,maggy,1,1
12256,montgom,1,1
12257,cjeuxjeot,1,1
12258,modăšle,1,1
12259,ravau,1,1
12260,ete,1,1
12261,msfat,1,1
12262,sendee,1,1
12263,liqu,1,1
12264,mariste,1,1
12265,rience,1,1
12266,occu,1,1
12267,pation,1,1
12268,nocl,1,1
12269,écail,1,1
12270,clignement,1,1
12271,troublée,1,1
12272,toire,1,1
12273,préférai,1,1
12274,soûle,1,1
12275,supportable,1,1
12276,gulaire,1,1
12277,noise,1,1
12278,tigresse,1,1
12279,golfe,1,1
12280,griffer,1,1
12281,livrai,1,1
12282,cèrer,1,1
12283,guai,1,1
12284,vre,1,1
12285,sorti,1,1
12286,dagascar,1,1
12287,kœnisberg,1,1
12288,turco,1,1
12289,zouave,1,1
12290,secondant,1,1
12291,bruate,1,1
12292,engageon,1,1
12293,merisier,1,1
12294,négociation,1,1
12295,incompétence,1,1
12296,fidjien,1,1
12297,censure,1,1
12298,penseur,1,1
12299,philosophique,1,1
12300,conciliation,1,1
12301,souffl,1,1
12302,lumiè,1,1
12303,beefteak,1,1
12304,bssoin,1,1
12305,orientable,1,1
12306,instabilité,1,1
12307,pient,1,1
12308,quell,1,1
12309,chanta,1,1
12310,scoli,1,1
12311,coriace,1,1
12312,ambrée,1,1
12313,diaprée,1,1
12314,noueux,1,1
12315,casquée,1,1
12316,dominant,1,1
12317,annelé,1,1
12318,calicurge,1,1
12319,ressembl,1,1
12320,scolie,1,1
12321,cose,1,1
12322,taup,1,1
12323,abominable,1,1
12324,communément,1,1
12325,réchauffe,1,1
12326,vrir,1,1
12327,iiiiiiiiiiiiiiiiiiiiiiiiiiiiiiiiiiiiiiiiiiiiiiiiiuiiiiihiiiiiiiiiiiiiiiiiiiiiiiiiiiiiiiiiiiiiimiiimiiiimiiiiiiiiiiiiiiiiiiiiiiiiiiiiiiiiiiiiiiiiiii,1,1
12328,pèle,1,1
12329,platane,1,1
12330,feuilt,1,1
12331,moore,1,1
12332,arboricuiture,1,1
12333,étiquetté,1,1
12334,internationnal,1,1
12335,morai,1,1
12336,tefrain,1,1
12337,tation,1,1
12338,annexer,1,1
12339,intérim,1,1
12340,harcelanter,1,1
12341,bleau,1,1
12342,manécanteriè,1,1
12343,provisoirement,1,1
12344,manécantorial,1,1
12345,rivoli,1,1
12346,monceau,1,1
12347,bouillabaise,1,1
12348,aioli,1,1
12349,méditerranéen,1,1
12350,sillage,1,1
12351,encastrée,1,1
12352,gradin,1,1
12353,breack,1,1
12354,baignée,1,1
12355,iiiiimi,1,1
12356,marsa,1,1
12357,couscous,1,1
12358,désaltérer,1,1
12359,cordiale,1,1
12360,voulûme,1,1
12361,garderie,1,1
12362,illleur,1,1
12363,sibyllin,1,1
12364,boître,1,1
12365,carthaginois,1,1
12366,chansonnette,1,1
12367,iiiimiiiimniiimihi,1,1
12368,burge,1,1
12369,rassember,1,1
12370,emouvante,1,1
12371,frire,1,1
12372,peler,1,1
12373,benisse,1,1
12374,chamoine,1,1
12375,peti,1,1
12376,warspite,1,1
12377,borde,1,1
12378,septentrional,1,1
12379,tridactyle,1,1
12380,sabine,1,1
12381,aii,1,1
12382,perser,1,1
12383,lacté,1,1
12384,pollux,1,1
12385,epi,1,1
12386,avéc,1,1
12387,anfractuosité,1,1
12388,mollusque,1,1
12389,moutarde,1,1
12390,cornichon,1,1
12391,airement,1,1
12392,épépinez,1,1
12393,hachis,1,1
12394,saupoudre,1,1
12395,sssssssssssssssssssssssssssssssssssssssssssssssjy,1,1
12396,chaude,1,1
12397,paar,1,1
12398,laveille,1,1
12399,ozouville,1,1
12400,licencié,1,1
12401,avenueperrichon,1,1
12402,chateaubriand,1,1
12403,annoter,1,1
12404,semâme,1,1
12405,pakassa,1,1
12406,plantation,1,1
12407,croyai,1,1
12408,improvist,1,1
12409,traversâme,1,1
12410,cherchai,1,1
12411,fâché,1,1
12412,équatorial,1,1
12413,mayumbe,1,1
12414,ipa,1,1
12415,épancher,1,1
12416,expirante,1,1
12417,fixement,1,1
12418,mortellement,1,1
12419,rameur,1,1
12420,apparemment,1,1
12421,débarrassé,1,1
12422,libéralité,1,1
12423,catéchumène,1,1
12424,spasme,1,1
12425,expir,1,1
12426,miiiiiiiiiiiiiiimuiiiiiiiiiiiiiiiiiimimmiiiiiiimimiiimiiiiiiiiiiiiimimmmimmmiiiimiiiiiiiiiiiiiiiiiiiiiiiiiiiiiiiimim,1,1
12427,matelotag,1,1
12428,culper,1,1
12429,augusterie,1,1
12430,diary,1,1
12431,emportera,1,1
12432,cochonnent,1,1
12433,enterre,1,1
12434,décemment,1,1
12435,reveil,1,1
12436,égratignure,1,1
12437,imbécile,1,1
12438,thibétain,1,1
12439,yak,1,1
12440,curviligne,1,1
12441,serrurier,1,1
12442,iiiiiiiiiiiiiiiiiimiiiiiiiiiiiiiiiiiiiiiiiiiiiiiiiuiiiiiiimiiiiiiiiiiiiiiiiiiiiiiiiiimiiiiiiimiimiiiiiiiiiiiiimiiiiiimmiiiimiiiiimi,1,1
12443,dilatant,1,1
12444,elu,1,1
12445,lira,1,1
12446,allant,1,1
12447,disciplinée,1,1
12448,pêché,1,1
12449,vist,1,1
12450,questionnaire,1,1
12451,bottier,1,1
12452,divulgation,1,1
12453,feuler,1,1
12454,chancell,1,1
12455,efie,1,1
12456,jïoni,1,1
12457,qaw,1,1
12458,ojltcni,1,1
12459,vninà,1,1
12460,aveuglément,1,1
12461,déchet,1,1
12462,interne,1,1
12463,pulmonaire,1,1
12464,ejîement,1,1
12465,corpuscule,1,1
12466,encrassement,1,1
12467,oxygèn,1,1
12468,dilaté,1,1
12469,respiron,1,1
12470,congestion,1,1
12471,lcin,1,1
12472,alternative,1,1
12473,decision,1,1
12474,recroquevillé,1,1
12475,fourrage,1,1
12476,saper,1,1
12477,indésiré,1,1
12478,miiiiiiiiiiiiiiniiiiiiiiiiiiiiiiiiiiiiiiiimiiiiiiiiiiiiiiitiiiiiiiiiiiiiiimiiiiiiiiiiiiiiiiiiiihuiiimiiiiiiiiimi,1,1
12479,lemet,1,1
12480,llllllllllllllimil,1,1
12481,zaine,1,1
12482,ilomètre,1,1
12483,préferré,1,1
12484,arra,1,1
12485,rrer,1,1
12486,socitété,1,1
12487,noëliste,1,1
12488,cavroi,1,1
12489,récréer,1,1
12490,logue,1,1
12491,préter,1,1
12492,virus,1,1
12493,inoculer,1,1
12494,annappe,1,1
12495,goûta,1,1
12496,iiiiiiiiihiiihiiiiihiiillllllhiiiiihiiiiimillllliflhiiiiiiiiiiiiiiiiiiiiiiiiiiiiiihiiiiiiiiiiiiiiiiiimihmiiiiiiiiiiiiiiiiiiiiiiiiiiiiiiihi,1,1
12497,pictographique,1,1
12498,ierre,1,1
12499,passeur,1,1
12500,dégonfler,1,1
12501,eeu,1,1
12502,stationnement,1,1
12503,embellie,1,1
12504,assaisonné,1,1
12505,ganiser,1,1
12506,mdle,1,1
12507,çent,1,1
12508,herbeux,1,1
12509,imiiiiiiiiiiiiiiiiiiiiiitiiiiiiitiiiiiiiiiiiiiiiiiiiiiiiiiiiiiiiitiiiiiiiiiiiiiiiiiiiiiiiiiiiiiiiiiiiiiiiiitiiiiiiiiiriiihiiiiiiiiiiiiiiiiiiiiiiiiiriiiiiiiiiiiiiiiiiiiiiiiiiiiiiiiiiiiiiiiiiiiiiiiiiiiiiiiiiiiniiiiiiiiiiiiiiiiiiiiiiiiiiuuiiiiiiiiiiiil,1,1
12510,recto,1,1
12511,îhier,1,1
12512,recommendation,1,1
12513,racognised,1,1
12514,oountry,1,1
12515,claim,1,1
12516,recognised,1,1
12517,carrie,1,1
12518,establish,1,1
12519,fide,1,1
12520,welcomed,1,1
12521,thoy,1,1
12522,expect,1,1
12523,hospitality,1,1
12524,portour,1,1
12525,acceuil,1,1
12526,frôre,1,1
12527,acoueil,1,1
12528,valid,1,1
12529,travel,1,1
12530,served,1,1
12531,recommend,1,1
12532,member,1,1
12533,remain,1,1
12534,your,1,1
12535,porteurl,1,1
12536,tôus,1,1
12537,filleul,1,1
12538,lindbergh,1,1
12539,litrë,1,1
12540,loutil,1,1
12541,nor,1,1
12542,nanariv,1,1
12543,raine,1,1
12544,croquette,1,1
12545,saucisse,1,1
12546,hhhhhisiisissibiüüsinnheihblkbhh,1,1
12547,bhinihbihlhhibliibbiii,1,1
12548,appelé,1,1
12549,iiiiiiiiiiiiiiiiiiiiiiihiiiiiiiiiiiiiiiiiiiiiliiiiiiiniiiiiiiiiiiiiiiiiiiiiiiiiiiiiiiiiiiiiiiiiiiiiuiiiiiiiiiiiiiiiiiiiiiiiiiuiiiiiiiiiiiiitniiiiii,1,1
12550,sagittaire,1,1
12551,borineô,1,1
12552,remis,1,1
12553,schille,1,1
12554,era,1,1
12555,aert,1,1
12556,foy,1,1
12557,perb,1,1
12558,marvel,1,1
12559,tenai,1,1
12560,vélocipedie,1,1
12561,avpc,1,1
12562,rarlf,1,1
12563,turbulent,1,1
12564,universalité,1,1
12565,rousseur,1,1
12566,popularité,1,1
12567,juron,1,1
12568,équivoque,1,1
12569,avaitfde,1,1
12570,violonist,1,1
12571,heuré,1,1
12572,fag,1,1
12573,fagmaster,1,1
12574,dominical,1,1
12575,déléguèrent,1,1
12576,rationner,1,1
12577,valide,1,1
12578,exerça,1,1
12579,nonchalance,1,1
12580,dort,1,1
12581,mile,1,1
12582,bqy,1,1
12583,fllllllllllllllllllllllllllllllllllllmiii,1,1
12584,insuffler,1,1
12585,bbbhhhaeaaaiæaaah,1,1
12586,bour,1,1
12587,pect,1,1
12588,îiiiiiiiiiiiiiiiiiiiuiiiiniilîgiiimiiiiiiiiiniiiinitiiiiiiiiiiiiiiitiiimiiiiiiinikitiiiiiiiiiiiiiiiiiiiiiiiiiiiiiiiiiiiiiiiiiiiiiiiiiiiiiiiii,1,1
12589,sibilité,1,1
12590,por,1,1
12591,jamboré,1,1
12592,bagpipe,1,1
12593,indéfinissable,1,1
12594,iiiiiiiiiiiiiiiiiitniiiiiiiiiiiiiiiiiiiiiiuiiiiiiiiiiiiiiiiiiiiliiiiiiiiiiiiiiiiiimiiiiiiiiiiiimiiiiiiiiiiiiiiiiiiiiii,1,1
12595,iiiiiiiiiiiiiiiiinimi,1,1
12596,ingratitude,1,1
12597,tement,1,1
12598,skean,1,1
12599,highlander,1,1
12600,chaussette,1,1
12601,suiv,1,1
12602,salvum,1,1
12603,conditon,1,1
12604,historiette,1,1
12605,iie,1,1
12606,héroïqvei,1,1
12607,labbé,1,1
12608,pénétron,1,1
12609,frappon,1,1
12610,entron,1,1
12611,spot,1,1
12612,grimé,1,1
12613,forest,1,1
12614,jangro,1,1
12615,accourt,1,1
12616,électrogène,1,1
12617,ecran,1,1
12618,emener,1,1
12619,interviewé,1,1
12620,mater,1,1
12621,belluaire,1,1
12622,iiiiiiiiiiiiiiiiiiiiiiiiiiiiiiiiiiiiiiiiiiiiiiiiiiiiiiiiiiiiiiiiiiiiiiiiiiiiiiiiiiiiiiiiiiiiii,1,1
12623,iiiiiiiiiiiiiiiiiiiiii,1,1
12624,iiiiiimt,1,1
12625,iimii,1,1
12626,iiiiiiiiiiiiiiiiiiiiiiiiiiiiiiiiiiiiiiiiiiiiiiiiiiiiiiiiiiiiiiiiiiiiiiiiiiiiiiiiiiiiiiiiiiiiiiiiiiiiiiiiiiiiiiiiiiiiiiii,1,1
12627,cénacle,1,1
12628,manifestement,1,1
12629,allia,1,1
12630,lllllllllllllllllllllitlililillllllllllllllllllllllllllllllllllllllllllllllllllllllllllllllllllllllllllllllllllllllllllllllllllllilillllllllllllllllllllllllllllllilllllllliilllllllllllllilllllllilliliiiiiiihiiiiiiiiiillllllllllllllllllllllllllilhlllllll,1,1
12631,canarie,1,1
12632,promoteur,1,1
12633,sourcilier,1,1
12634,disjoint,1,1
12635,tantum,1,1
12636,ergo,1,1
12637,empauma,1,1
12638,beaùcoup,1,1
12639,précieuse,1,1
12640,directif,1,1
12641,arbresle,1,1
12642,activitié,1,1
12643,délivrande,1,1
12644,subit,1,1
12645,çhamarande,1,1
12646,affecteueus,1,1
12647,eclaireuse,1,1
12648,iiiiiiiiihiiiiiiiiiiiiiiiiiiiiiiiiiiuiiiiiiiiiimiiiiiiiiiiiiiiiiiiiiiiiiiiiiiiiiiiiiiiiiiiiiiiiiiiiiiiuiiiiuiiiiiiiiiiiiiiiiiiiiiiiiiiiiiiiiiiiiiiiiiiiiiiiiiiiiiiiiiiiiiiiiiiiiiiiiiiiiiiiniiiiiiihihiiiuiuniiiiiiiiiiiiiiiiiiiiiiiiiiiiiiiiiiiiim,1,1
12649,diem,1,1
12650,modem,1,1
12651,centr,1,1
12652,aquasol,1,1
12653,lient,1,1
12654,ara,1,1
12655,cambrlan,1,1
12656,meli,1,1
12657,pénurie,1,1
12658,tardivement,1,1
12659,kléber,1,1
12660,mtpirnasse,1,1
12661,axis,1,1
12662,recommandez,1,1
12663,rte,1,1
12664,iiiiiiiiiiiiiiiiiiiiiiiiiiiiiiiiiiiiiiiiiiiiiiiiiiiiiiiiiiiiiiiiiiiiiiiiiiiiiiiiiiiiiiiiiiiiiiiiiiiiiiiiiiinniiiiiiiiiiiiiiiiiiiiiiiiiiiiiiiiiiiiiiiiiiiiiiiiniiiiiiiiiiiiiiiiiiiiiiiiiiiiiiiiiiiiiiiiiiiiiiiiiiiiiiiiiiiiiiiiiiiiiiiaiiiiiiiiiiiiiiiiiiiii,1,1
12665,iiiiiiiiitiiiiiiiiiiiimhiiiiiiiiiiiiiimimiiiimiimiiimiiiiiiifiitiiiiiiimiiimiiiiimiiiiiiiiiiiiiiitimiiiiiiimmmiiiiiiiifiiiiii,1,1
12666,pèlierimag,1,1
12667,superber,1,1
12668,atmoshpère,1,1
12669,envieux,1,1
12670,ressenti,1,1
12671,traîtreuse,1,1
12672,bilan,1,1
12673,serviabilité,1,1
12674,miiiiimiiiiiiiiiiimiiiiiiiiiiiiiiiiiiiiiiirmiiiiiiimiiiiiiiiiiiiimiiiiiiiiiiiiiiiiiiiiiiiiiiiiiiiiitiiiiimiiiiiiiiiiiiiiiiiiimiiimiii,1,1
12675,inonda,1,1
12676,prosternée,1,1
12677,expansion,1,1
12678,mélodrame,1,1
12679,adjuration,1,1
12680,sémaphor,1,1
12681,gieb,1,1
12682,sémahpore,1,1
12683,iiuiiiiiiiiiiiiihiiniiimiiiiiiiiiiiiiiiitiiiiiiiitiitiiiiiiitiiiiiiiiniiiiimmiimiimimiiiiiiiiiiiiihiiiiiiihinimiiiiiiiniimiiiin,1,1
12684,huutnc,1,1
12685,ejn,1,1
12686,povwt,1,1
12687,piâ,1,1
12688,dtni,1,1
12689,ney,1,1
12690,sta,1,1
12691,bénissent,1,1
12692,adagio,1,1
12693,mezzo,1,1
12694,pianissimo,1,1
12695,fortissimo,1,1
12696,embarquation,1,1
12697,embonpoint,1,1
12698,flotteur,1,1
12699,épointer,1,1
12700,affûte,1,1
12701,délier,1,1
12702,filera,1,1
12703,vaguemestre,1,1
12704,tee,1,1
12705,géner,1,1
12706,ralü,1,1
12707,boucler,1,1
12708,imagine,1,1
12709,rugbyman,1,1
12710,footballeur,1,1
12711,decorte,1,1
12712,cyclisme,1,1
12713,déterminisme,1,1
12714,relisiez,1,1
12715,rhododendron,1,1
12716,séraphin,1,1
12717,chérubin,1,1
12718,bath,1,1
12719,claironnant,1,1
12720,blêmi,1,1
12721,verdi,1,1
12722,larmoyant,1,1
12723,planton,1,1
12724,suffoquer,1,1
12725,galèje,1,1
12726,remplira,1,1
12727,confectionne,1,1
12728,rere,1,1
12729,rouillé,1,1
12730,aiguisai,1,1
12731,éfiler,1,1
12732,étarit,1,1
12733,sulfatez,1,1
12734,meau,1,1
12735,percée,1,1
12736,inventorier,1,1
12737,raclez,1,1
12738,raider,1,1
12739,tulle,1,1
12740,iiiiiiiiiiiiiiiiiiiiiiiiiriiiiiiiiiiiiiiiiiiiiiiiiiiiriiiiiiiiiiiiiiiiimiiiiiiiiiiiiiiiiiiiiiiiiiiiiiiiiiiiiiiiiimiiiiiiiiiiiiimiiiiiiiiiiiiiiiii,1,1
12741,mancbe,1,1
12742,chimiquement,1,1
12743,monopole,1,1
12744,intervertir,1,1
12745,arbitr,1,1
12746,catholic,1,1
12747,ffeu,1,1
12748,égouttez,1,1
12749,arrosez,1,1
12750,rizotto,1,1
12751,bouillante,1,1
12752,pécune,1,1
12753,pâté,1,1
12754,délecter,1,1
12755,sablé,1,1
12756,graiss,1,1
12757,cocotte,1,1
12758,déficelez,1,1
12759,morvandeau,1,1
12760,terrine,1,1
12761,mélangez,1,1
12762,braiser,1,1
12763,décilitre,1,1
12764,béchamel,1,1
12765,coaguler,1,1
12766,pcutillagre,1,1
12767,ghapeau,1,1
12768,liletage,1,1
12769,renoh,1,1
12770,lar,1,1
12771,mdomadaire,1,1
12772,ëtamfe,1,1
12773,icoli,1,1
12774,fmco,1,1
12775,franger,1,1
12776,tfuconde,1,1
12777,iiimiiiiiiimiiimiimiiiiiiiiimiiiiimiiiiiiiiiiiiiimumiiiiiiimiiimiiiiiiiiiiiiiiiimiiiiiiiiiiiiiiiiiimiiiimiimmuimmmiu,1,1
12778,ragazzi,1,1
12779,conduirai,1,1
12780,crédule,1,1
12781,pérégrination,1,1
12782,lupetti,1,1
12783,baragouinent,1,1
12784,tanguer,1,1
12785,gazouillis,1,1
12786,trattoria,1,1
12787,expresso,1,1
12788,secpuer,1,1
12789,distintivo,1,1
12790,associazione,1,1
12791,palazzo,1,1
12792,pulluler,1,1
12793,marmaille,1,1
12794,explorati,1,1
12795,ironie,1,1
12796,tyrénienne,1,1
12797,girgenti,1,1
12798,grénédan,1,1
12799,linceul,1,1
12800,mutisme,1,1
12801,agrigente,1,1
12802,regorger,1,1
12803,cactus,1,1
12804,mélancoliquement,1,1
12805,mendier,1,1
12806,traditionnelle,1,1
12807,avanie,1,1
12808,épave,1,1
12809,kakieal,1,1
12810,riparto,1,1
12811,carillonner,1,1
12812,fasciste,1,1
12813,riposte,1,1
12814,aphorisme,1,1
12815,caresser,1,1
12816,scintiller,1,1
12817,léthargie,1,1
12818,taormine,1,1
12819,etna,1,1
12820,injonction,1,1
12821,algèbre,1,1
12822,iiiiiiiiimiiiiiiiiiiiiiiiiiiiiiiiiiiiiiimiiiiiiiiiiiiiiiiiiiiiiiiiiiiiiiiiitiiiiimiiiiiiiiiiiiiiiimiitiiiiimmmiiiiiiimiiiiiiiiiiiiimi,1,1
12823,inconvenant,1,1
12824,milard,1,1
12825,pab,1,1
12826,colège,1,1
12827,iiiiimmmiimmmimmiiiiiiiiiiiimiiuiiiiiiiiiiiiiiiiiiiiiiiimmimmmmiimimiiiiiiihimmiiiiiiiiiiiiiihiiiiiiimiliiliiliiiiin,1,1
12828,prédominant,1,1
12829,siffleur,1,1
12830,entrance,1,1
12831,verboten,1,1
12832,asseois,1,1
12833,résonance,1,1
12834,assourdit,1,1
12835,étriquer,1,1
12836,ténor,1,1
12837,hawaïen,1,1
12838,bouffée,1,1
12839,hospitaliter,1,1
12840,règn,1,1
12841,sassmtz,1,1
12842,visition,1,1
12843,emplace,1,1
12844,citern,1,1
12845,banqu,1,1
12846,scor,1,1
12847,extrème,1,1
12848,finlandais,1,1
12849,siovaque,1,1
12850,plongeoir,1,1
12851,iiiiiiiiihiiiiiiiiiiiiiiiiiiniiiiiiiiiiiiiih,1,1
12852,immoralité,1,1
12853,volley,1,1
12854,esthomen,1,1
12855,lithuanien,1,1
12856,symboliste,1,1
12857,inkiping,1,1
12858,coutellerie,1,1
12859,vsita,1,1
12860,naier,1,1
12861,cocarde,1,1
12862,goûtèrent,1,1
12863,speaker,1,1
12864,hongrojse,1,1
12865,igieux,1,1
12866,instigation,1,1
12867,dégauchir,1,1
12868,creusement,1,1
12869,ângoumoi,1,1
12870,angoulême,1,1
12871,rfterrit,1,1
12872,mandaille,1,1
12873,tousrite,1,1
12874,styler,1,1
12875,léon,1,1
12876,becqutance,1,1
12877,outrance,1,1
12878,jeux,1,1
12879,aumomer,1,1
12880,meyron,1,1
12881,framboisier,1,1
12882,avoisinant,1,1
12883,dogn,1,1
12884,dor,1,1
12885,charentais,1,1
12886,truyère,1,1
12887,simili,1,1
12888,favière,1,1
12889,miiiimmiiiiiiiiiiiiiiiimmiimiiiiimiimimiiimiiimimmiimiiiiiimiiimimiiiimmmimmmmmimiiiiimim,1,1
12890,filialement,1,1
12891,crci,1,1
12892,austère,1,1
12893,edelweiss,1,1
12894,contrefort,1,1
12895,fascine,1,1
12896,racontequ,1,1
12897,iiiiimiiiiiiiiiiiiiiiiiiiiiiiiiiiiiiiiiiiiiiiiiiiiimiihiiiiimimimtiiiiiiiiiimiiiiiiiiiiiiiiiiiiitiiiiiiiiiiiiiiiiiiiimiimiiiimmif,1,1
12898,brachyote,1,1
12899,ascalaphe,1,1
12900,tengmalm,1,1
12901,oural,1,1
12902,hulotte,1,1
12903,houhouhou,1,1
12904,kouvit,1,1
12905,mulot,1,1
12906,campagnol,1,1
12907,ouie,1,1
12908,qvi,1,1
12909,capricorne,1,1
12910,lamartine,1,1
12911,partoot,1,1
12912,debrouillard,1,1
12913,garnit,1,1
12914,imprimerib,1,1
12915,wol,1,1
12916,umum,1,1
12917,madeleim,1,1
12918,ronstrnit,1,1
12919,kotre,1,1
12920,élèvemer,1,1
12921,matter,1,1
12922,fact,1,1
12923,changeable,1,1
12924,mythe,1,1
12925,sculptur,1,1
12926,insignifiance,1,1
12927,avpir,1,1
12928,iiiimiiiiiiiiimiiiiiiiiiiiiiiiiiiiiiiiiiiiiiiiiiimiititiiiiiiiiiiiiiiiiiiiiiimiiiiiiiiiiiiiiiiiiiiiiiimimiiiiiiimiiiiiiiiimmiiiiim,1,1
12929,prédiction,1,1
12930,acerbe,1,1
12931,plâtrée,1,1
12932,panse,1,1
12933,dir,1,1
12934,plaisantant,1,1
12935,échaudé,1,1
12936,indisponible,1,1
12937,divira,1,1
12938,louanger,1,1
12939,caractérisait,1,1
12940,exquisse,1,1
12941,attitrer,1,1
12942,profès,1,1
12943,gouroo,1,1
12944,peintur,1,1
12945,tic,1,1
12946,onse,1,1
12947,tropper,1,1
12948,uvr,1,1
12949,écrasé,1,1
12950,carmin,1,1
12951,germa,1,1
12952,desjour,1,1
12953,iiiiiiiiiiiiiiiiiiiiiiiiiiiiiiiiiiiiiiiiiiiiiiiiiiiiiiiiiiiiiiiiimiiiiiiimiiiiiiimiiitiiiiiiiiiiiiiiiiiiiiiiiiimiiiiiiiiiiiiiiiiiiiiimiiiimii,1,1
12954,taxidermiste,1,1
12955,rémige,1,1
12956,rectrice,1,1
12957,organique,1,1
12958,gneusement,1,1
12959,pass,1,1
12960,reaut,1,1
12961,tarse,1,1
12962,commissure,1,1
12963,vulgariser,1,1
12964,commence,1,1
12965,meurtre,1,1
12966,fkateriité,1,1
12967,judicieux,1,1
12968,goûte,1,1
12969,iiiiinniiiimiiiiiiiiiiiiimiimiiiiiiiiiiiimiiiiithiiiiiiiiiiiiimmmiiimiimiiiihtimiimiiiiiimiiiimimiiiiimimimimii,1,1
12970,cîté,1,1
12971,couelle,1,1
12972,bicorne,1,1
12973,hussard,1,1
12974,lancier,1,1
12975,enrhumer,1,1
12976,actualiter,1,1
12977,mani,1,1
12978,festatier,1,1
12979,abonement,1,1
12980,habillement,1,1
12981,rnême,1,1
12982,beuveur,1,1
12983,régionaliste,1,1
12984,ziban,1,1
12985,domainial,1,1
12986,semestriel,1,1
12987,nefjer,1,1
12988,assaillant,1,1
12989,fanon,1,1
12990,reliqu,1,1
12991,détroit,1,1
12992,aboiement,1,1
12993,festival,1,1
12994,galéjade,1,1
12995,ceinturer,1,1
12996,socut,1,1
12997,jenli,1,1
12998,samer,1,1
12999,marmiton,1,1
13000,chaussé,1,1
13001,octobore,1,1
13002,salue,1,1
13003,arrageoi,1,1
13004,escompt,1,1
13005,montst,1,1
13006,maïc,1,1
13007,bliabl,1,1
13008,bénédction,1,1
13009,sécretaire,1,1
13010,fumee,1,1
13011,futuie,1,1
13012,layette,1,1
13013,professionel,1,1
13014,désirerion,1,1
13015,gazell,1,1
13016,pail,1,1
13017,jante,1,1
13018,nikeler,1,1
13019,emydo,1,1
13020,saurien,1,1
13021,crocodilien,1,1
13022,nilaticu,1,1
13023,robustu,1,1
13024,riensi,1,1
13025,àer,1,1
13026,egoïsme,1,1
13027,couardise,1,1
13028,tortue,1,1
13029,sagaie,1,1
13030,hiverne,1,1
13031,loiir,1,1
13032,blam,1,1
13033,légumer,1,1
13034,rissoler,1,1
13035,eencor,1,1
13036,iiiiiiiiiiii,1,1
13037,iiiiiisiiii,1,1
13038,andré,1,1
13039,trott,1,1
13040,utjuté,1,1
13041,paiexnent,1,1
13042,kevue,1,1
13043,ptthon,1,1
13044,rocker,1,1
13045,tachée,1,1
13046,habill,1,1
13047,neeuds,1,1
13048,bru,1,1
13049,scoat,1,1
13050,heroïquer,1,1
13051,bbiaiihississsïissiaiisiinimiibacdiitii,1,1
13052,yitolia,1,1
13053,llamiiomiil,1,1
13054,gra,1,1
13055,nco,1,1
13056,tdu,1,1
13057,présen,1,1
13058,etrennes,1,1
13059,condamné,1,1
13060,dixmude,1,1
13061,iiiiiiimiimiiiiiiiimiiiimiiiiiiiimiiiiiiimiiiiiiiiitiiiihsmiiiiiiiiiiiiiiiiiiiiiiiiminiiimiiimiiiiiiiiiiiiiiiiiiihiiiiiniiiiiiiiiiii,1,1
13062,vigile,1,1
13063,lout,1,1
13064,bossel,1,1
13065,opulence,1,1
13066,entresol,1,1
13067,maladif,1,1
13068,dorloter,1,1
13069,infatué,1,1
13070,brimade,1,1
13071,ostentation,1,1
13072,jrar,1,1
13073,mignature,1,1
13074,épronve,1,1
13075,chatouiller,1,1
13076,iiiiimiiiiiiiiiiiiiiimimiiiiiiiiiiiiiiiiiiiiiiiiiiiiiiiiiiiiiiiiiiiiiiiiiiiiiiiiiiiiiiiiiiiiiiiiiiiiiiiiiiiiiiiiiiiiiiiiiiiiiiiiiiiiiiiiiiiiimi,1,1
13077,retarderai,1,1
13078,mansarder,1,1
13079,pler,1,1
13080,oamarade,1,1
13081,songeât,1,1
13082,amaigrie,1,1
13083,tîr,1,1
13084,etend,1,1
13085,désobéissant,1,1
13086,ininmiiiiiiiiiiiimiiiiihiiiiiiiimimiiiiiiiiniiiimtiiiiiiiiiiiiiiiiiiiiiiiimiiiiminhiiiiiiiiiiiiiiiiiinimmiiimiimiiiiiiiiiiii,1,1
13087,tendrement,1,1
13088,rassasier,1,1
13089,sorr,1,1
13090,blasé,1,1
13091,imijj,1,1
13092,triment,1,1
13093,batte,1,1
13094,gober,1,1
13095,tracée,1,1
13096,pénalité,1,1
13097,exagéreraient,1,1
13098,raconle,1,1
13099,evénement,1,1
13100,assagir,1,1
13101,bizarrement,1,1
13102,tressaillement,1,1
13103,dogue,1,1
13104,apper,1,1
13105,rut,1,1
13106,aguets,1,1
13107,tiiiiiiiiii,1,1
13108,iiiiiiiiiiiiiiiiiiii,1,1
13109,brahement,1,1
13110,pugilat,1,1
13111,photographié,1,1
13112,esser,1,1
13113,leve,1,1
13114,affut,1,1
13115,béatement,1,1
13116,empaqueter,1,1
13117,pame,1,1
13118,revérifiez,1,1
13119,fritur,1,1
13120,membrane,1,1
13121,jxiur,1,1
13122,intermitter,1,1
13123,hcitee,1,1
13124,otan,1,1
13125,delsuc,1,1
13126,emment,1,1
13127,silènce,1,1
13128,marchait,1,1
13129,assourdi,1,1
13130,tâton,1,1
13131,suivi,1,1
13132,sinclair,1,1
13133,effraction,1,1
13134,passible,1,1
13135,insidieux,1,1
13136,chuchota,1,1
13137,grillager,1,1
13138,déveine,1,1
13139,marmotta,1,1
13140,effraya,1,1
13141,escalada,1,1
13142,entrechat,1,1
13143,mumura,1,1
13144,poigneé,1,1
13145,démeubler,1,1
13146,dressoir,1,1
13147,dépailler,1,1
13148,mobdier,1,1
13149,plaisanta,1,1
13150,édité,1,1
13151,illlllllllllllllllllllllllllllllliuillllllllllllllllllllllllllllllllllllllllllllllllllllllllllllllllllllllllllllllllllllllllllllllllllllllllllllllllllllllllllllllllllllllllllllllllllllllllllllllllllllllllllllllllilllllllllllllllllllllllllllllllllllllll,1,1
13152,oiir,1,1
13153,épluche,1,1
13154,beurr,1,1
13155,béchamelle,1,1
13156,eteigner,1,1
13157,râpé,1,1
13158,iiiiiiiiiiiiiiiiiiiiiiiiiiiiiiiiiiiiiiiiiiiiiiiiiiiiiiiiiiiiiiiimiiiiiiiiimiiiiiiiiiiiiiiiiiiiiiiiiiiiiiiiiiiiiiiiiiiiiiiiiiiiiiiiiimiiiiiiimir,1,1
13159,tvii,1,1
13160,luuit,1,1
13161,yan,1,1
13162,powilauitl,1,1
13163,vowiflu,1,1
13164,vid,1,1
13165,jûû,1,1
13166,rnlùucul,1,1
13167,allà,1,1
13168,wàa,1,1
13169,ttwho,1,1
13170,itfl,1,1
13171,ttjluwv,1,1
13172,refealivî,1,1
13173,uijt,1,1
13174,hnunt,1,1
13175,imu,1,1
13176,toaa,1,1
13177,rwu,1,1
13178,cwît,1,1
13179,mffit,1,1
13180,ljtujua,1,1
13181,loul,1,1
13182,radtufru,1,1
13183,ttoùf,1,1
13184,nulnul,1,1
13185,wviin,1,1
13186,imua,1,1
13187,umau,1,1
13188,rénovation,1,1
13189,coopérer,1,1
13190,bayard,1,1
13191,préalable,1,1
13192,survivance,1,1
13193,éternelle,1,1
13194,adaption,1,1
13195,coupo,1,1
13196,exposeriez,1,1
13197,cadrent,1,1
13198,plais,1,1
13199,primordial,1,1
13200,inchantable,1,1
13201,repoli,1,1
13202,rhymchite,1,1
13203,urbec,1,1
13204,becmare,1,1
13205,viticulteur,1,1
13206,coléoptère,1,1
13207,fane,1,1
13208,charançon,1,1
13209,rhynchite,1,1
13210,ressortant,1,1
13211,frivole,1,1
13212,fraude,1,1
13213,qelque,1,1
13214,epouvanter,1,1
13215,richissime,1,1
13216,transfert,1,1
13217,maîtrisa,1,1
13218,crucifix,1,1
13219,sentence,1,1
13220,dévotement,1,1
13221,spécifier,1,1
13222,famboree,1,1
13223,plagiat,1,1
13224,scission,1,1
13225,déplaisir,1,1
13226,ongulé,1,1
13227,antilopiné,1,1
13228,euchore,1,1
13229,dore,1,1
13230,errch,1,1
13231,liüiibiiiihmiüiiiiii,1,1
13232,irascible,1,1
13233,ouïe,1,1
13234,développé,1,1
13235,euchor,1,1
13236,water,1,1
13237,closet,1,1
13238,autom,1,1
13239,débarrer,1,1
13240,fair,1,1
13241,verbal,1,1
13242,veulette,1,1
13243,assidûment,1,1
13244,tonte,1,1
13245,réglé,1,1
13246,phonétique,1,1
13247,cnoble,1,1
13248,ferrer,1,1
13249,libanais,1,1
13250,paraîtron,1,1
13251,distrairont,1,1
13252,expérimentation,1,1
13253,incubation,1,1
13254,vidage,1,1
13255,macule,1,1
13256,ovomètre,1,1
13257,examine,1,1
13258,recueille,1,1
13259,gique,1,1
13260,cadenas,1,1
13261,quincailler,1,1
13262,limera,1,1
13263,itiiiiiimiiiiuiiiiiiiiiiiiiiiiiiiiiiiiiiiiiiiimiiiiiimrfmiiiiiiiiiiiuiiiiiiiiiiiiiimiiiiiiiuiiiiiiiiiiiiifiiiiiiiiiiimiiiimitiiiiiiiiiu,1,1
13264,émoulu,1,1
13265,chenet,1,1
13266,asphalte,1,1
13267,aiguiseur,1,1
13268,aspérité,1,1
13269,etablis,1,1
13270,signera,1,1
13271,peindra,1,1
13272,délimite,1,1
13273,abat,1,1
13274,géomètre,1,1
13275,proéminence,1,1
13276,liseré,1,1
13277,disperse,1,1
13278,fabuleux,1,1
13279,diversier,1,1
13280,intermittence,1,1
13281,élague,1,1
13282,déplace,1,1
13283,réglette,1,1
13284,cocasse,1,1
13285,clicherie,1,1
13286,mouler,1,1
13287,potache,1,1
13288,aurifère,1,1
13289,abberio,1,1
13290,emmailloter,1,1
13291,trottine,1,1
13292,kaler,1,1
13293,énergumène,1,1
13294,dénouement,1,1
13295,correctionnel,1,1
13296,amende,1,1
13297,veland,1,1
13298,imtërmatiomalë,1,1
13299,vaillament,1,1
13300,évacuer,1,1
13301,gner,1,1
13302,grasse,1,1
13303,bastide,1,1
13304,recensement,1,1
13305,poney,1,1
13306,duo,1,1
13307,berchoud,1,1
13308,publ,1,1
13309,ortt,1,1
13310,iiimiiiimiiihiiiiiiihhiiiiiitiiiiiimiiiiiiiiimiiiiiiiimiiiiiiiiiiiiiiiiiimiiiiiiimiiiiiiiiiiiiiiiiiiiiiiiiiiiiiniiiiiiiimimiihiiiim,1,1
13311,distrîct,1,1
13312,coblentz,1,1
13313,scoùt,1,1
13314,agglomérer,1,1
13315,eiçn,1,1
13316,iwm,1,1
13317,inei,1,1
13318,awi,1,1
13319,qualite,1,1
13320,ûoliveüx,1,1
13321,rocdiwnjji,1,1
13322,umjré,1,1
13323,rcgfem,1,1
13324,éflsséstérjgf,1,1
13325,vchel,1,1
13326,îsent,1,1
13327,auchèf,1,1
13328,pixrfçpîdu,1,1
13329,jadtiî,1,1
13330,ipificl,1,1
13331,cjieltlfc,1,1
13332,fto,1,1
13333,tlâlîma,1,1
13334,uîj,1,1
13335,piÿlir,1,1
13336,bîapkn,1,1
13337,eèrcl,1,1
13338,ifjfeipie,1,1
13339,nill,1,1
13340,cèrgle,1,1
13341,ûnftâjt,1,1
13342,dffmyfg,1,1
13343,attmuwsïk,1,1
13344,detwesiu,1,1
13345,drôàt,1,1
13346,schultz,1,1
13347,méditerrané,1,1
13348,enseignant,1,1
13349,miîi,1,1
13350,roqui,1,1
13351,dédicacer,1,1
13352,champigier,1,1
13353,faisander,1,1
13354,toxine,1,1
13355,vénéneuse,1,1
13356,indigeste,1,1
13357,toxique,1,1
13358,lactaire,1,1
13359,entérite,1,1
13360,entolome,1,1
13361,intoxication,1,1
13362,bulbeu,1,1
13363,nite,1,1
13364,vireux,1,1
13365,olivâtre,1,1
13366,quemorille,1,1
13367,girole,1,1
13368,fripouille,1,1
13369,tromp,1,1
13370,recéleur,1,1
13371,dénoncer,1,1
13372,recel,1,1
13373,héroïquement,1,1
13374,corruption,1,1
13375,admet,1,1
13376,aurai,1,1
13377,centrifuge,1,1
13378,pesanteur,1,1
13379,parfumerie,1,1
13380,dépeigné,1,1
13381,accroc,1,1
13382,miteux,1,1
13383,rouver,1,1
13384,camem,1,1
13385,coulom,1,1
13386,roquef,1,1
13387,démocratique,1,1
13388,déboire,1,1
13389,curseur,1,1
13390,détecteur,1,1
13391,ohm,1,1
13392,unifilaire,1,1
13393,trifilair,1,1
13394,adjonction,1,1
13395,gailliout,1,1
13396,thi,1,1
13397,interpreter,1,1
13398,baàge,1,1
13399,write,1,1
13400,aïn,1,1
13401,singç,1,1
13402,tarrière,1,1
13403,rougie,1,1
13404,barrique,1,1
13405,bourre,1,1
13406,allume,1,1
13407,attaqu,1,1
13408,fignolant,1,1
13409,cerclant,1,1
13410,iliillillllllllllllllllllllllilllllllillllllllllllllllllllllllllllllllllllm,1,1
13411,visitée,1,1
13412,présidense,1,1
13413,titine,1,1
13414,pid,1,1
13415,chaleureu,1,1
13416,retentissant,1,1
13417,essart,1,1
13418,pyrennée,1,1
13419,unification,1,1
13420,demandant,1,1
13421,chefontaine,1,1
13422,coracirostre,1,1
13423,croa,1,1
13424,ohlong,1,1
13425,engluer,1,1
13426,omnivore,1,1
13427,pronçncer,1,1
13428,sacristie,1,1
13429,dupont,1,1
13430,chirurgien,1,1
13431,répjté,1,1
13432,bmpiwmlfflilllil,1,1
13433,partent,1,1
13434,rchaqu,1,1
13435,excuson,1,1
13436,maga,1,1
13437,fontàinier,1,1
13438,caoutchouté,1,1
13439,réclam,1,1
13440,vitolia,1,1
13441,rager,1,1
13442,fleurira,1,1
13443,réunission,1,1
13444,transformable,1,1
13445,intenable,1,1
13446,excité,1,1
13447,tramer,1,1
13448,approvisionnemen,1,1
13449,cuisiner,1,1
13450,quadrillage,1,1
13451,chi,1,1
13452,contredit,1,1
13453,différemment,1,1
13454,synoptique,1,1
13455,decressendo,1,1
13456,mômer,1,1
13457,receuillis,1,1
13458,blook,1,1
13459,not,1,1
13460,rehausse,1,1
13461,pyrogravé,1,1
13462,bouiller,1,1
13463,imperméabilisation,1,1
13464,gélatin,1,1
13465,bichromate,1,1
13466,grimace,1,1
13467,godasse,1,1
13468,bleddard,1,1
13469,transportez,1,1
13470,chevalin,1,1
13471,décimètre,1,1
13472,middleman,1,1
13473,raie,1,1
13474,diagonal,1,1
13475,organeau,1,1
13476,gée,1,1
13477,massilion,1,1
13478,nécessite,1,1
13479,procede,1,1
13480,préhensible,1,1
13481,déviation,1,1
13482,tle,1,1
13483,erreuf,1,1
13484,jiiiiiiiiiiiiiiii,1,1
13485,iiiiiiimiiiiiiiiiiiiiiiiiiiiiiiiiiiiiiiiimiiitiiiiiiiiiiiiiüiiimiin,1,1
13486,qualificatif,1,1
13487,armoricain,1,1
13488,armor,1,1
13489,flatterie,1,1
13490,purer,1,1
13491,échalote,1,1
13492,poivrez,1,1
13493,onctueux,1,1
13494,ramollir,1,1
13495,mmqek,1,1
13496,poularde,1,1
13497,pilet,1,1
13498,pluvier,1,1
13499,écre,1,1
13500,visse,1,1
13501,écosser,1,1
13502,champig,1,1
13503,bondon,1,1
13504,respec,1,1
13505,villier,1,1
13506,coulpe,1,1
13507,instar,1,1
13508,conférencer,1,1
13509,districfou,1,1
13510,vancelle,1,1
13511,trement,1,1
13512,canaille,1,1
13513,mulhousoi,1,1
13514,restauration,1,1
13515,ubiquité,1,1
13516,orcine,1,1
13517,fiancer,1,1
13518,coutant,1,1
13519,vatabl,1,1
13520,echappement,1,1
13521,puygro,1,1
13522,reus,1,1
13523,directe,1,1
13524,rugby,1,1
13525,prorogation,1,1
13526,dunkerque,1,1
13527,enue,1,1
13528,parctour,1,1
13529,olympiade,1,1
13530,link,1,1
13531,curling,1,1
13532,ilium,1,1
13533,bète,1,1
13534,rlanc,1,1
13535,tiimmmimiimmimiimmimmiiiimmmmmimmiimmmmmmmmmmimmmmiimmmmmmmmiiimimimmmmmmmii,1,1
13536,urne,1,1
13537,glozellienne,1,1
13538,néolithique,1,1
13539,sommité,1,1
13540,paraphe,1,1
13541,embourber,1,1
13542,calleux,1,1
13543,dégénérer,1,1
13544,françaier,1,1
13545,langer,1,1
13546,électrocution,1,1
13547,installateur,1,1
13548,électrocuter,1,1
13549,iæh,1,1
13550,oiselet,1,1
13551,tionnellement,1,1
13552,cavernicole,1,1
13553,gratté,1,1
13554,serolle,1,1
13555,sitelle,1,1
13556,tichodrome,1,1
13557,réemployer,1,1
13558,préjudice,1,1
13559,ailée,1,1
13560,sublimer,1,1
13561,corrosif,1,1
13562,àir,1,1
13563,dessiccation,1,1
13564,déjection,1,1
13565,étagère,1,1
13566,bandelette,1,1
13567,store,1,1
13568,revêtement,1,1
13569,évaporation,1,1
13570,fermement,1,1
13571,effilé,1,1
13572,exagérément,1,1
13573,arreter,1,1
13574,amalgamé,1,1
13575,filasse,1,1
13576,giration,1,1
13577,rente,1,1
13578,siivr,1,1
13579,cuoitcsc,1,1
13580,tribun,1,1
13581,persécution,1,1
13582,déclanché,1,1
13583,tnagnifique,1,1
13584,byzantin,1,1
13585,guéranger,1,1
13586,alexandra,1,1
13587,supplicier,1,1
13588,littéral,1,1
13589,adaptée,1,1
13590,tressaillon,1,1
13591,apparer,1,1
13592,sam,1,1
13593,défendant,1,1
13594,seont,1,1
13595,posthume,1,1
13596,pommeau,1,1
13597,harratin,1,1
13598,humilier,1,1
13599,pister,1,1
13600,apocalyptique,1,1
13601,ahaggâr,1,1
13602,publicain,1,1
13603,tacha,1,1
13604,sourah,1,1
13605,vermale,1,1
13606,mausolée,1,1
13607,vacill,1,1
13608,hiératique,1,1
13609,émousser,1,1
13610,chamelier,1,1
13611,simoun,1,1
13612,sokkar,1,1
13613,poiir,1,1
13614,picquenard,1,1
13615,publiqeument,1,1
13616,persévèr,1,1
13617,larchant,1,1
13618,montereau,1,1
13619,iihiiiiiiiiimmiuiiiiiiiiiiiinniiiiminiimmiiiiiiiiiiniiiiimiiiiiiiiiiiiiiiiimmimmmiiihiiimiiiiiimiiiiiiiiiiimiiiiiiiin,1,1
13620,inspecte,1,1
13621,excellente,1,1
13622,communicative,1,1
13623,inpérissabl,1,1
13624,palmarès,1,1
13625,proince,1,1
13626,hermite,1,1
13627,dral,1,1
13628,antibe,1,1
13629,àxcanne,1,1
13630,dûe,1,1
13631,devinette,1,1
13632,équation,1,1
13633,illlllllllllllllllllllllllllllllllllllllllllillllilllülilllllllllllllllllllllllllllitlilllllllllilm,1,1
13634,ïiivre,1,1
13635,fuye,1,1
13636,illlll,1,1
13637,mousae,1,1
13638,ijsj,1,1
13639,utilite,1,1
13640,vareus,1,1
13641,mannequin,1,1
13642,poatau,1,1
13643,mmi,1,1
13644,iniiniiiiiiiiiiiimiiiiiiiiihiiiiiiimiiiiiiimiiiiiiiiiiiiiiiiiiifflmiimiiim,1,1
13645,institu,1,1
13646,triage,1,1
13647,élargissement,1,1
13648,embouteillage,1,1
13649,honneuravait,1,1
13650,baignera,1,1
13651,rap,1,1
13652,régionnal,1,1
13653,compromis,1,1
13654,laconisme,1,1
13655,mêmeen,1,1
13656,rachat,1,1
13657,départisser,1,1
13658,cachottier,1,1
13659,innexécutable,1,1
13660,obli,1,1
13661,quement,1,1
13662,saignée,1,1
13663,élonger,1,1
13664,amorti,1,1
13665,gorlaj,1,1
13666,exploser,1,1
13667,comptere,1,1
13668,ndu,1,1
13669,secretariat,1,1
13670,fromag,1,1
13671,depuisle,1,1
13672,pétition,1,1
13673,licencieux,1,1
13674,john,1,1
13675,tchéco,1,1
13676,slovaque,1,1
13677,falsifier,1,1
13678,freyssinge,1,1
13679,epteuve,1,1
13680,combativité,1,1
13681,chronométerer,1,1
13682,rectifiant,1,1
13683,hospitalet,1,1
13684,toro,1,1
13685,doyenne,1,1
13686,apprêteront,1,1
13687,rejeton,1,1
13688,gobert,1,1
13689,tressaille,1,1
13690,brochette,1,1
13691,sauge,1,1
13692,graissant,1,1
13693,mamier,1,1
13694,morille,1,1
13695,joffre,1,1
13696,rrièr,1,1
13697,jlbelé,1,1
13698,eurœe,1,1
13699,entiere,1,1
13700,chipee,1,1
13701,supradjne,1,1
13702,inv,1,1
13703,œur,1,1
13704,cyclo,1,1
13705,encombrante,1,1
13706,sûre,1,1
13707,lambia,1,1
13708,renforcement,1,1
13709,infailliblement,1,1
13710,indéniable,1,1
13711,aid,1,1
13712,iiain,1,1
13713,qeeeiæ,1,1
13714,tapisserie,1,1
13715,canevas,1,1
13716,essorer,1,1
13717,enroulement,1,1
13718,ang,1,1
13719,peindrez,1,1
13720,repousserez,1,1
13721,entaillerez,1,1
13722,enroulerez,1,1
13723,sculpt,1,1
13724,osier,1,1
13725,vannerie,1,1
13726,embèllira,1,1
13727,individualiser,1,1
13728,chevrier,1,1
13729,huilelest,1,1
13730,azotique,1,1
13731,borax,1,1
13732,ptu,1,1
13733,dégal,1,1
13734,deïin,1,1
13735,auss,1,1
13736,nement,1,1
13737,dcuze,1,1
13738,pihin,1,1
13739,délité,1,1
13740,pïeil,1,1
13741,are,1,1
13742,tenuina,1,1
13743,étuit,1,1
13744,léposée,1,1
13745,llibou,1,1
13746,iui,1,1
13747,éloqueninmiit,1,1
13748,raternité,1,1
13749,ooliveux,1,1
13750,llevue,1,1
13751,hecre,1,1
13752,defjfrance,1,1
13753,her,1,1
13754,obligé,1,1
13755,coma,1,1
13756,bénie,1,1
13757,scoutise,1,1
13758,minier,1,1
13759,sacristine,1,1
13760,lhand,1,1
13761,archipêtre,1,1
13762,vigil,1,1
13763,prêche,1,1
13764,marmot,1,1
13765,chaudron,1,1
13766,plantureux,1,1
13767,psalmodiée,1,1
13768,pacifiant,1,1
13769,sagamore,1,1
13770,finiel,1,1
13771,nelli,1,1
13772,scarabée,1,1
13773,émule,1,1
13774,saviez,1,1
13775,sabir,1,1
13776,émigration,1,1
13777,combe,1,1
13778,xent,1,1
13779,notariat,1,1
13780,daumesml,1,1
13781,emiqu,1,1
13782,pina,1,1
13783,blamc,1,1
13784,fondue,1,1
13785,ardennais,1,1
13786,tubercule,1,1
13787,emincer,1,1
13788,ciboul,1,1
13789,frit,1,1
13790,tanche,1,1
13791,crabe,1,1
13792,maq,1,1
13793,yooüooooooq,1,1
13794,hisioire,1,1
13795,lisation,1,1
13796,ceal,1,1
13797,tographi,1,1
13798,payot,1,1
13799,htsue,1,1
13800,ulul,1,1
13801,iiiêi,1,1
13802,êéviÿnè,1,1
13803,âssst,1,1
13804,èareet,1,1
13805,hante,1,1
13806,éaàü,1,1
13807,pignoa,1,1
13808,boyea,1,1
13809,extr,1,1
13810,gara,1,1
13811,granéta,1,1
13812,vdleetpmie,1,1
13813,eemiee,1,1
13814,toyage,1,1
13815,onnemer,1,1
13816,annu,1,1
13817,cuisin,1,1
13818,ooooococcooooooocoocoooooooocooo,1,1
13819,oocoococooooooooooo,1,1
13820,oooooooaocooooooooooooqtmmxmiflnflnnnnrrmifm,1,1
13821,ooqo,1,1
13822,qqon,1,1
13823,oooooo,1,1
13824,ooqq,1,1
13825,vacancer,1,1
13826,danö,1,1
13827,bonneô,1,1
13828,cbapellerleü,1,1
13829,scoutn,1,1
13830,guête,1,1
13831,imii,1,1
13832,iniiliiiiiin,1,1
13833,iiiiiiilliiiliililiiiiiiiliiiiiiiiiitliiiilliiiliiiiliiiiiiiiiiiiitlliiiiiliiiiiiiiiiiiimiiiiliiiiiiiiiililiiimiiiiimiiiiiiiiiiiiiiiiiiiiiiiiiiii,1,1
13834,paller,1,1
13835,coréen,1,1
13836,rascal,1,1
13837,tlie,1,1
13838,contemplatif,1,1
13839,priere,1,1
13840,rnoi,1,1
13841,ena,1,1
13842,cùi,1,1
13843,saî,1,1
13844,energie,1,1
13845,intuitif,1,1
13846,tanémènt,1,1
13847,jetion,1,1
13848,schismatique,1,1
13849,orthodoxe,1,1
13850,requête,1,1
13851,mitiiiiiiiiiiiiiiiiiiiiiiiimitiiiiiiiiitiiiiiiiiiiiiiiiiiiiiiiiiiimiiiiiiimiiiiiiiiiiiiiiiiiiiiiiiiiiiiiiiitiiiiiiiiiiiiiiimmiiimiimiin,1,1
13852,insalubre,1,1
13853,salubre,1,1
13854,perchoir,1,1
13855,mangeoire,1,1
13856,inversable,1,1
13857,excrément,1,1
13858,recommandable,1,1
13859,becquètent,1,1
13860,ornithophile,1,1
13861,désinfecter,1,1
13862,insolation,1,1
13863,nicheur,1,1
13864,congénère,1,1
13865,acclimater,1,1
13866,attrapent,1,1
13867,conformation,1,1
13868,destine,1,1
13869,caga,1,1
13870,tenebrio,1,1
13871,molitor,1,1
13872,blatte,1,1
13873,cafard,1,1
13874,rafraîchie,1,1
13875,niger,1,1
13876,alpiste,1,1
13877,plantain,1,1
13878,séneçon,1,1
13879,grandisse,1,1
13880,époper,1,1
13881,insist,1,1
13882,persist,1,1
13883,cotiser,1,1
13884,iiiiiiiiiiuiiiimiiiiiimimiiiiiiiiiiiiiiiiiiiimiiiiiiiiiiiiiiiiiiimiiiiiiifiiimiiiimiiiiiiiiiiimiiiiiiiiiiiiiiiiiiimiiiimmmtiiti,1,1
13885,dispendieux,1,1
13886,décolleté,1,1
13887,déchirure,1,1
13888,pliez,1,1
13889,fixez,1,1
13890,froncé,1,1
13891,brandebourg,1,1
13892,malborgouh,1,1
13893,tricorne,1,1
13894,bouffette,1,1
13895,jup,1,1
13896,imiiiimiiiiiiiiiiiiiiiiiiiiiiiiiiiiiiiiiiiiiiiiiiiiiiiiiitriiiiiiiiiimiiiiiiiiiiiiiiiiiiiiiiiiiiiiiiiiiiiiiliiiiiiiiiiiiiiiiiiiiiiiiiiiiiiiiiiiiiii,1,1
13897,acwerc,1,1
13898,observ,1,1
13899,ateur,1,1
13900,indiqu,1,1
13901,fartai,1,1
13902,bénin,1,1
13903,iiiiiiiiiiiiiiiiiiiiiiiiiiiiiiiiiiiiiiiiiiiiiiiiiiiiiiiiiiiiiiiiiiiiiiiiiiiiiiiiiitiiiiiiiiiiiiiiiiiiiiiiiiiiiaiiiiiiiiiiiiiiiiiiiifiiiiiiiiiiiiiiiiiii,1,1
13904,iwiliikk,1,1
13905,escroquerie,1,1
13906,infiltrer,1,1
13907,millésime,1,1
13908,reparu,1,1
13909,assureur,1,1
13910,cramant,1,1
13911,masquin,1,1
13912,pussay,1,1
13913,chalette,1,1
13914,inhabitable,1,1
13915,dépourvoir,1,1
13916,vîte,1,1
13917,districit,1,1
13918,anthomologiste,1,1
13919,angevin,1,1
13920,puygre,1,1
13921,iiiiiiiiiiiiiiiiiiiiiiifiiiimiiiiimiiiiiiiiiiiiiimmiiiiiiiiiimiiiiiiiiiiiiiiiiiiiiiiiiiiiiiiiimiiiiiiiiiiiiiiiiimiiiiiiiiiiiiiiiiiiiiintifi,1,1
13922,muer,1,1
13923,arrosoir,1,1
13924,indomptable,1,1
13925,terrair,1,1
13926,blay,1,1
13927,massèrent,1,1
13928,levêque,1,1
13929,balliot,1,1
13930,poirée,1,1
13931,ililllliillllllllllllllllllllllllllilllllllllllllllllllllitlilllllllllilhlillllllllllllllllllllllllllllllllllllllilllllllllllllllllllllllllillllllllll,1,1
13932,mant,1,1
13933,eveu,1,1
13934,blésois,1,1
13935,juieeet,1,1
13936,tanch,1,1
13937,pourpier,1,1
13938,mirabelle,1,1
13939,iiiiiiiiiiiiiiiiiiiiiiiiiiimiiiiiiiiiiiiiiiiiimiiiiiiiiiiiiiiiiiiiiiiiiiiiitiiiiiiiiiiiiiiiiiiiiiiiiiimmiiiiiiihiiiimiiiimiiiiiiiiiiiiiiii,1,1
13940,vallonné,1,1
13941,cioud,1,1
13942,avecjmlie,1,1
13943,igogne,1,1
13944,desj,1,1
13945,bonvoisin,1,1
13946,belperron,1,1
13947,marie,1,1
13948,cadémie,1,1
13949,hcmjeot,1,1
13950,fitampe,1,1
13951,aimé,1,1
13952,aout,1,1
13953,doe,1,1
13954,ento,1,1
13955,qooomom,1,1
13956,villeneuve,1,1
13957,pourrec,1,1
13958,étal,1,1
13959,qooa,1,1
13960,vivent,1,1
13961,pensionnair,1,1
13962,persister,1,1
13963,pinc,1,1
13964,prédestination,1,1
13965,spécifiquement,1,1
13966,revùer,1,1
13967,suffisamrrent,1,1
13968,perquisition,1,1
13969,scoutisrne,1,1
13970,croir,1,1
13971,saient,1,1
13972,appeliez,1,1
13973,operer,1,1
13974,crémer,1,1
13975,nationalement,1,1
13976,internationalement,1,1
13977,iri,1,1
13978,pénétration,1,1
13979,christianiser,1,1
13980,fufant,1,1
13981,liver,1,1
13982,salissant,1,1
13983,découdre,1,1
13984,tapette,1,1
13985,égaliser,1,1
13986,recule,1,1
13987,adjoin,1,1
13988,paternité,1,1
13989,tandem,1,1
13990,ascensionner,1,1
13991,systématiquement,1,1
13992,hexagonal,1,1
13993,looping,1,1
13994,atmopshère,1,1
13995,voliste,1,1
13996,volantiste,1,1
13997,discrédit,1,1
13998,coutumier,1,1
13999,assyrien,1,1
14000,phénicien,1,1
14001,oerf,1,1
14002,assiégier,1,1
14003,tsa,1,1
14004,iiiiiiiiiiiiiiiiiiimo,1,1
14005,euler,1,1
14006,aéronaute,1,1
14007,polytechnique,1,1
14008,innovateur,1,1
14009,tressée,1,1
14010,encordage,1,1
14011,endommagée,1,1
14012,rigolo,1,1
14013,lesfadhésier,1,1
14014,erroner,1,1
14015,préjuger,1,1
14016,ploux,1,1
14017,ternau,1,1
14018,physiqù,1,1
14019,exigible,1,1
14020,transférer,1,1
14021,tropie,1,1
14022,germanisation,1,1
14023,évier,1,1
14024,excentrique,1,1
14025,descendaierît,1,1
14026,accourru,1,1
14027,admirative,1,1
14028,prez,1,1
14029,statter,1,1
14030,rebourg,1,1
14031,jetée,1,1
14032,pîymouth,1,1
14033,tigny,1,1
14034,lennelle,1,1
14035,afilliation,1,1
14036,latour,1,1
14037,desjdistricts,1,1
14038,équestre,1,1
14039,figuration,1,1
14040,eloge,1,1
14041,buron,1,1
14042,maridat,1,1
14043,goulêm,1,1
14044,renouvela,1,1
14045,abandonnée,1,1
14046,participez,1,1
14047,illlustré,1,1
14048,hàt,1,1
14049,tyotno,1,1
14050,natt,1,1
14051,tecteun,1,1
14052,iact,1,1
14053,vrogen,1,1
14054,tajine,1,1
14055,ynanale,1,1
14056,fioui,1,1
14057,faouoiei,1,1
14058,nexx,1,1
14059,czvinjer,1,1
14060,netc,1,1
14061,couj,1,1
14062,dejalte,1,1
14063,eltlcontcx,1,1
14064,ovu,1,1
14065,tesftaietiu,1,1
14066,vaifl,1,1
14067,ptembre,1,1
14068,flambant,1,1
14069,uaa,1,1
14070,afe,1,1
14071,lçoit,1,1
14072,qun,1,1
14073,nota,1,1
14074,boussard,1,1
14075,cheque,1,1
14076,lïtt,1,1
14077,oqooiboececicboabocwnooueoewoccoeeeoccoooeooooeeeeooooeeoooooooocoaooooeoeoeoeueooeoaogaeaooooojoeaooooacoqoooeooooqoooaooooaooooooqoogoo,1,1
14078,ittf,1,1
14079,frahce,1,1
14080,lpa,1,1
14081,dignalure,1,1
14082,bonneâ,1,1
14083,cbapellcneù,1,1
14084,oeur,1,1
14085,ferrie,1,1
14086,estival,1,1
14087,destiné,1,1
14088,administéateur,1,1
14089,êèt,1,1
14090,fce,1,1
14091,ptàr,1,1
14092,iian,1,1
14093,itence,1,1
14094,delliière,1,1
14095,napoléonnienn,1,1
14096,romanesque,1,1
14097,parbè,1,1
14098,couturé,1,1
14099,biscaïenné,1,1
14100,éperonner,1,1
14101,conspiration,1,1
14102,conver,1,1
14103,rider,1,1
14104,sembla,1,1
14105,délié,1,1
14106,rêvai,1,1
14107,conventuel,1,1
14108,tant,1,1
14109,tournoyante,1,1
14110,guichetier,1,1
14111,eternel,1,1
14112,lenez,1,1
14113,hrère,1,1
14114,qvaotut,1,1
14115,camja,1,1
14116,nfint,1,1
14117,jaser,1,1
14118,bonn,1,1
14119,empêch,1,1
14120,fourniment,1,1
14121,trinqu,1,1
14122,salu,1,1
14123,faisai,1,1
14124,baoulé,1,1
14125,infrangible,1,1
14126,fondrière,1,1
14127,veill,1,1
14128,parlementer,1,1
14129,murmurant,1,1
14130,crover,1,1
14131,acquerrerer,1,1
14132,aumgenterer,1,1
14133,volist,1,1
14134,poirier,1,1
14135,shirting,1,1
14136,effrange,1,1
14137,identiquement,1,1
14138,gousset,1,1
14139,incidence,1,1
14140,emmêler,1,1
14141,postillon,1,1
14142,voyez,1,1
14143,frénétique,1,1
14144,piolet,1,1
14145,montenver,1,1
14146,aliter,1,1
14147,inspectorat,1,1
14148,incompatibler,1,1
14149,assiter,1,1
14150,ded,1,1
14151,aum,1,1
14152,sudre,1,1
14153,manifesté,1,1
14154,kil,1,1
14155,vieillerie,1,1
14156,vocelle,1,1
14157,affilièrent,1,1
14158,regretton,1,1
14159,concluant,1,1
14160,accueillanter,1,1
14161,chronométré,1,1
14162,exode,1,1
14163,beauceron,1,1
14164,empiètement,1,1
14165,vogue,1,1
14166,biésoise,1,1
14167,ritournelle,1,1
14168,caillé,1,1
14169,ooooj,1,1
14170,carat,1,1
14171,qqoo,1,1
14172,adaper,1,1
14173,bronza,1,1
14174,ccinlare,1,1
14175,vacamcer,1,1
14176,changhaï,1,1
14177,oursjblanc,1,1
14178,iiiiiiiiiimmiiiiiiiiiiiiiiiiiiiniiiiiiiiiiihiiiiiiiiiiiitiiiiiiiiiiiiiiiiiiniiiiiiiiiiiiiiiiiiiiiiiiiiiiiiiiiiiiiiiiiiiiiiiiiiiiiiiiiiiiiiiiiiiiiiiiiiiiiiiiiiiiiiiiiiiiiiiiiiiiiiiiiiiiiiiiiimniititititiiiiiniiiitiiiiiiiiiiiiiiiitiiiiiimiiiiiiiiiii,1,1
14179,tarasque,1,1
14180,job,1,1
14181,impudence,1,1
14182,rosse,1,1
14183,désesjooir,1,1
14184,vieilless,1,1
14185,forfait,1,1
14186,courbaturer,1,1
14187,rodrigu,1,1
14188,fiston,1,1
14189,poker,1,1
14190,ressentiment,1,1
14191,auzfycouteé,1,1
14192,everest,1,1
14193,vhagiographie,1,1
14194,épilepsie,1,1
14195,chell,1,1
14196,guérissez,1,1
14197,justification,1,1
14198,lassant,1,1
14199,yoici,1,1
14200,impartir,1,1
14201,iin,1,1
14202,antagoniste,1,1
14203,prématurément,1,1
14204,intérifur,1,1
14205,rous,1,1
14206,mitradleur,1,1
14207,indentifier,1,1
14208,explos,1,1
14209,cafouillage,1,1
14210,soufré,1,1
14211,choir,1,1
14212,pisteur,1,1
14213,concourant,1,1
14214,quadrilatère,1,1
14215,tachez,1,1
14216,couvrepied,1,1
14217,biqu,1,1
14218,laiteron,1,1
14219,epervière,1,1
14220,nénuphar,1,1
14221,ficoide,1,1
14222,avoine,1,1
14223,fart,1,1
14224,desserer,1,1
14225,granité,1,1
14226,tranchet,1,1
14227,couperet,1,1
14228,éguiser,1,1
14229,emploie,1,1
14230,calque,1,1
14231,hypoténuse,1,1
14232,consécutivement,1,1
14233,lucarne,1,1
14234,salissure,1,1
14235,aciérie,1,1
14236,epine,1,1
14237,veneur,1,1
14238,hippique,1,1
14239,subordonner,1,1
14240,nettoiement,1,1
14241,encourir,1,1
14242,exonérer,1,1
14243,malveillant,1,1
14244,suspecter,1,1
14245,honorabilité,1,1
14246,emballa,1,1
14247,ruade,1,1
14248,regrettant,1,1
14249,aiiiiiiiiiiiiiiiiiiiiiiiiiiiiiiiiiiiiiiiiiiiiiiiiiiiiiiiiiiimiiiiiiiiiiiiiimiiiiiiiiiiiiiiiiiiiiiiiiiiiimiiiiiiiiiiiiiiiiiiimiiiiiiiiiiiiiiiiii,1,1
14250,toyez,1,1
14251,enveloppez,1,1
14252,coulommiers,1,1
14253,brie,1,1
14254,verrue,1,1
14255,correr,1,1
14256,damatte,1,1
14257,cheviljotte,1,1
14258,batignolle,1,1
14259,etjvl,1,1
14260,étu,1,1
14261,xdoocoooooooooooooooooooooooooocoooocooooooooooc,1,1
14262,seol,1,1
14263,excursicn,1,1
14264,saphir,1,1
14265,liadio,1,1
14266,jnaliter,1,1
14267,eri,1,1
14268,fèadiola,1,1
14269,toiissaiit,1,1
14270,canaliser,1,1
14271,gesté,1,1
14272,fleurit,1,1
14273,incription,1,1
14274,impureté,1,1
14275,ébarber,1,1
14276,caressant,1,1
14277,établît,1,1
14278,impréparation,1,1
14279,ulrich,1,1
14280,miribel,1,1
14281,berck,1,1
14282,eoljveteatj,1,1
14283,prématurer,1,1
14284,classejqu,1,1
14285,louveteal,1,1
14286,etjheureux,1,1
14287,roncevait,1,1
14288,voitjpwsser,1,1
14289,struc,1,1
14290,guerroyer,1,1
14291,rougeoyer,1,1
14292,hâton,1,1
14293,aboi,1,1
14294,rouei,1,1
14295,mézy,1,1
14296,chaland,1,1
14297,ventru,1,1
14298,recharger,1,1
14299,bonnière,1,1
14300,ravitailler,1,1
14301,éclusier,1,1
14302,chorégraphique,1,1
14303,environne,1,1
14304,desmeux,1,1
14305,châtelaine,1,1
14306,persistante,1,1
14307,iikiiii,1,1
14308,teind,1,1
14309,laçant,1,1
14310,poissé,1,1
14311,bourrelier,1,1
14312,chevrette,1,1
14313,préparée,1,1
14314,îeosûv,1,1
14315,emploient,1,1
14316,anatomique,1,1
14317,paléontologique,1,1
14318,fossile,1,1
14319,iiiiiiiiiiiiiiimii,1,1
14320,jaunir,1,1
14321,sapinière,1,1
14322,perce,1,1
14323,décore,1,1
14324,plaqué,1,1
14325,voltage,1,1
14326,parallélépipède,1,1
14327,raccordement,1,1
14328,iiiiiiiiiiiiiiiiiiiiiiiiiiiiiiiiiiiiiiiiiiiiiiiminiiiiiiiimiiiiiiiiiimiiiuiiiiiiiiiiiiiiiiiiiiiiniiiiiuiniiiiiiiiimiimniiiiiiiiiiiiiiiii,1,1
14329,eda,1,1
14330,mce,1,1
14331,alinéa,1,1
14332,dûer,1,1
14333,scholiste,1,1
14334,circulante,1,1
14335,bourboule,1,1
14336,bédarieu,1,1
14337,liérain,1,1
14338,explorationsj,1,1
14339,etchefs,1,1
14340,sagnon,1,1
14341,mimiiiiimiiitiiiiiiiiimimi,1,1
14342,fleurine,1,1
14343,toph,1,1
14344,ultra,1,1
14345,bliquetuit,1,1
14346,soutmestre,1,1
14347,présidait,1,1
14348,frimousse,1,1
14349,mordoré,1,1
14350,treille,1,1
14351,inculte,1,1
14352,ratifier,1,1
14353,orédon,1,1
14354,aure,1,1
14355,etjmaintenant,1,1
14356,mrviennent,1,1
14357,bourgeonnante,1,1
14358,lpar,1,1
14359,prémontrer,1,1
14360,montagnette,1,1
14361,thyn,1,1
14362,lavande,1,1
14363,romarin,1,1
14364,clôtura,1,1
14365,lépara,1,1
14366,ligotté,1,1
14367,rande,1,1
14368,hab,1,1
14369,préhistoire,1,1
14370,débardeur,1,1
14371,baragouin,1,1
14372,palmerai,1,1
14373,couverte,1,1
14374,anti,1,1
14375,nul,1,1
14376,grouillement,1,1
14377,tchinkt,1,1
14378,dérision,1,1
14379,séchant,1,1
14380,palmeraie,1,1
14381,havre,1,1
14382,décharner,1,1
14383,triomphateur,1,1
14384,pygmée,1,1
14385,bestiole,1,1
14386,acceptation,1,1
14387,iiiiiinniui,1,1
14388,oiv,1,1
14389,potiron,1,1
14390,mier,1,1
14391,pollu,1,1
14392,verseau,1,1
14393,vextension,1,1
14394,radan,1,1
14395,ambrosie,1,1
14396,llllihhibhiahibfllihbbi,1,1
14397,value,1,1
14398,tuzèbe,1,1
14399,arfefeujc,1,1
14400,ôcoutü,1,1
14401,appcenxdce,1,1
14402,connalsôajajûeà,1,1
14403,cfevobos,1,1
14404,iinelettïc,1,1
14405,tôonneuemerær,1,1
14406,apxèö,1,1
14407,ajptuüdeô,1,1
14408,psôfcxu,1,1
14409,couic,1,1
14410,cbuxö,1,1
14411,saö,1,1
14412,couxà,1,1
14413,etoêj,1,1
14414,voàc,1,1
14415,portable,1,1
14416,typewriter,1,1
14417,concessionnaire,1,1
14418,trudaine,1,1
14419,victor,1,1
14420,pèch,1,1
14421,acoustique,1,1
14422,écartelé,1,1
14423,veur,1,1
14424,horairer,1,1
14425,proyi,1,1
14426,sçrer,1,1
14427,déu,1,1
14428,sviariage,1,1
14429,rèrc,1,1
14430,ïrackodrosne,1,1
14431,dation,1,1
14432,cbassée,1,1
14433,oernière,1,1
14434,irès,1,1
14435,brinquebaler,1,1
14436,ücsuweile,1,1
14437,spaghetti,1,1
14438,cake,1,1
14439,paokodrom,1,1
14440,trackoclrome,1,1
14441,drapeaiu,1,1
14442,révolter,1,1
14443,gouvernemental,1,1
14444,monivong,1,1
14445,ambassade,1,1
14446,cambriolage,1,1
14447,carabinier,1,1
14448,admissibilité,1,1
14449,transitoire,1,1
14450,inclusivement,1,1
14451,trembleur,1,1
14452,papauté,1,1
14453,maqulée,1,1
14454,vocable,1,1
14455,mônier,1,1
14456,jug,1,1
14457,radiation,1,1
14458,oubeiez,1,1
14459,surnaturelle,1,1
14460,géologipe,1,1
14461,bekimsette,1,1
14462,spjet,1,1
14463,cigrandeur,1,1
14464,enter,1,1
14465,indisposer,1,1
14466,escoteiro,1,1
14467,poriuguese,1,1
14468,giat,1,1
14469,espirito,1,1
14470,irmao,1,1
14471,cese,1,1
14472,patriotismo,1,1
14473,isso,1,1
14474,saudann,1,1
14475,rido,1,1
14476,irman,1,1
14477,vez,1,1
14478,unem,1,1
14479,conne,1,1
14480,unirann,1,1
14481,guerra,1,1
14482,vivamu,1,1
14483,riwièhe,1,1
14484,stalactite,1,1
14485,cir,1,1
14486,orotte,1,1
14487,tfoyei,1,1
14488,aoùt,1,1
14489,lied,1,1
14490,remporterai,1,1
14491,boni,1,1
14492,tue,1,1
14493,interminablement,1,1
14494,heasre,1,1
14495,plèine,1,1
14496,éparpill,1,1
14497,patauge,1,1
14498,carquillent,1,1
14499,interallié,1,1
14500,sviarjji,1,1
14501,dqliveu,1,1
14502,cpie,1,1
14503,ine,1,1
14504,irop,1,1
14505,scolaiie,1,1
14506,nuuige,1,1
14507,top,1,1
14508,îeunesse,1,1
14509,moussac,1,1
14510,uall,1,1
14511,fasse,1,1
14512,baloo,1,1
14513,elan,1,1
14514,raire,1,1
14515,géographe,1,1
14516,drogue,1,1
14517,éniouvant,1,1
14518,mégaphoniqu,1,1
14519,ripolin,1,1
14520,vements,1,1
14521,taiîleur,1,1
14522,paning,1,1
14523,féérique,1,1
14524,ariège,1,1
14525,propose,1,1
14526,automobilist,1,1
14527,homicide,1,1
14528,ümoelle,1,1
14529,europa,1,1
14530,ousser,1,1
14531,insurrection,1,1
14532,alacti,1,1
14533,berhadeyte,1,1
14534,prè,1,1
14535,louinient,1,1
14536,maimtacture,1,1
14537,meaifagne,1,1
14538,necessair,1,1
14539,voyerie,1,1
14540,ïilîtl,1,1
14541,modelé,1,1
14542,ressemblant,1,1
14543,scoüt,1,1
14544,utiiiiiiiiiiiiiiiiiiitiiiiiiiiiiiiiiiiiiiiiiiiiiiiiiiiiiiiiiiuiiiiiiutiiiiiiiiiiiiikuuiiiiiiiimiiiuiikiiiiiiimiiiiiiiiiiiiiiiiimimiiiii,1,1
14545,mjilleur,1,1
14546,vœux,1,1
14547,ingénie,1,1
14548,liarlbihiiilllllllllüllllllllllllllllllibhsah,1,1
14549,fraicb,1,1
14550,chevauchee,1,1
14551,valetaille,1,1
14552,infamie,1,1
14553,bourreau,1,1
14554,briel,1,1
14555,veulerie,1,1
14556,chej,1,1
14557,aumoiier,1,1
14558,géiéral,1,1
14559,dei,1,1
14560,pontife,1,1
14561,ititlliiifiiiiiiilitiiiimiiiiiiiiiiimimiiiiiiiiiiiiiiiiiimiiiiiiiiiiimiiiiiiuiiimiiiiiiiiiiimiiiiiiiiitihiiiiiiiittmtihwiiimiiiin,1,1
14562,irrésistiblement,1,1
14563,inadaptation,1,1
14564,transcrit,1,1
14565,eventuellement,1,1
14566,resserrement,1,1
14567,antérieur,1,1
14568,tont,1,1
14569,musicalement,1,1
14570,littérairement,1,1
14571,secondairement,1,1
14572,ïwïlfr,1,1
14573,icû,1,1
14574,cinquième,1,1
14575,îrf,1,1
14576,vova,1,1
14577,cotutj,1,1
14578,iien,1,1
14579,rto,1,1
14580,penson,1,1
14581,inopportun,1,1
14582,inexistant,1,1
14583,intentionné,1,1
14584,affligeant,1,1
14585,inchantabler,1,1
14586,planement,1,1
14587,sustentateurs,1,1
14588,hargrave,1,1
14589,calibrer,1,1
14590,pourvfair,1,1
14591,iljjd,1,1
14592,immimii,1,1
14593,mitunu,1,1
14594,miimhini,1,1
14595,décemrre,1,1
14596,orale,1,1
14597,rûcher,1,1
14598,courtoisement,1,1
14599,atni,1,1
14600,jamho,1,1
14601,chanjp,1,1
14602,maréchale,1,1
14603,illllllllllll,1,1
14604,imnmmumimimi,1,1
14605,carroi,1,1
14606,attirait,1,1
14607,alité,1,1
14608,barbarie,1,1
14609,jormation,1,1
14610,jre,1,1
14611,hartmannwillerskopf,1,1
14612,tambourinaire,1,1
14613,biniou,1,1
14614,ovomaitine,1,1
14615,ovonaitip,1,1
14616,iiimimuimuiiiuiiitiuim,1,1
14617,bibliophile,1,1
14618,cont,1,1
14619,nental,1,1
14620,yirement,1,1
14621,riuvci,1,1
14622,accélér,1,1
14623,classeset,1,1
14624,ari,1,1
14625,ifi,1,1
14626,ooubel,1,1
14627,presto,1,1
14628,elégant,1,1
14629,chèquea,1,1
14630,cbêque,1,1
14631,atsocsùiion,1,1
14632,uiiuter,1,1
14633,publlwsej,1,1
14634,lfi,1,1
14635,ilt,1,1
14636,foutre,1,1
14637,pourchassée,1,1
14638,attendue,1,1
14639,analytique,1,1
14640,qoo,1,1
14641,awoœooooooaeoooeocpjeooctyxiocooüeoixcooooooooeooooeoceoeooootxxioceoeoooceeooaoeooa,1,1
14642,yaeeam,1,1
14643,rot,1,1
14644,civ,1,1
14645,iiiiiiiiiiiiiiiiiiiiiiiiiiiiiiiiiiiiiiiiiiiiiiiiiiiiiiiiiiiiiuiiiiiiiiiiiiiiiiiiiiiiiiiiiiiiiiiiuiiiiiiiiiiiiiiiiiiiiiiihiitiiiiiiiiiiiiiiiiiiiiiiiiiiiiiiiiiiiiiiiniiiiiiiiiiiiiiiiiiiiiiiiiiiiniiiiiiiiimiimimiimiiitimiiiiiiiimiiinhiiiiiiii,1,1
14646,peccable,1,1
14647,enfuiraient,1,1
14648,tortiller,1,1
14649,soupira,1,1
14650,lampée,1,1
14651,gosier,1,1
14652,nigaud,1,1
14653,dision,1,1
14654,johnson,1,1
14655,lionn,1,1
14656,llllllllllllllllllllllllllllllllllllllllllllilllllllllllllllllllllllllllllllllllllllllllulllllllllllllllllllllllllllllllllllllllllllllllillllllllllllli,1,1
14657,consenti,1,1
14658,deman,1,1
14659,niiiiiiiiiiiiiiiiiiiiiiiiiiiiiihiiuiiiiiiiiiiinii,1,1
14660,chaitoi,1,1
14661,scanda,1,1
14662,souer,1,1
14663,pal,1,1
14664,nee,1,1
14665,treg,1,1
14666,scand,1,1
14667,entendit,1,1
14668,ahan,1,1
14669,avili,1,1
14670,hallali,1,1
14671,spéciment,1,1
14672,prosodie,1,1
14673,proportionne,1,1
14674,rouan,1,1
14675,chrorotrikothérion,1,1
14676,compta,1,1
14677,stupéfier,1,1
14678,paléontologu,1,1
14679,enveloppant,1,1
14680,filiforme,1,1
14681,palper,1,1
14682,distraitement,1,1
14683,cantonade,1,1
14684,glousser,1,1
14685,entrebâiller,1,1
14686,huis,1,1
14687,contigu,1,1
14688,osa,1,1
14689,ronchonner,1,1
14690,manipuler,1,1
14691,can,1,1
14692,barricader,1,1
14693,méninge,1,1
14694,sgout,1,1
14695,découvreur,1,1
14696,moulure,1,1
14697,cubism,1,1
14698,disposion,1,1
14699,basting,1,1
14700,derri,1,1
14701,lmi,1,1
14702,habilete,1,1
14703,toille,1,1
14704,iiiiiiiiiiiiiiiiiiiiiiiiiiiiiiiimiiiiiiiiiiiiiiiiiiiiiiiiiiiiiiiiiiiiiiiuiiiiiiiiiiiiiuiiiiiiiiiiiiiiiiiiiiiiiiiiiiiiiiiiiiiiiiiiiiiimiiiiiiiib,1,1
14705,oesterreichische,1,1
14706,triche,1,1
14707,exploratore,1,1
14708,gergelv,1,1
14709,rusz,1,1
14710,fraternison,1,1
14711,montion,1,1
14712,senone,1,1
14713,etival,1,1
14714,lamai,1,1
14715,ribauvillé,1,1
14716,luxembourgeois,1,1
14717,bron,1,1
14718,montbron,1,1
14719,continuez,1,1
14720,richemont,1,1
14721,coubre,1,1
14722,adoublement,1,1
14723,iiiiiiiiiiiiiiiiiiiiiiiiiiiiiiiiiiiiiiiiiiiiiiiiiiiiiiiiimiiiiiiiiiiiiiiiiiiiiiiiiiiiiiiiiiiiiiiiiiiiiiiiiiiiiiiimmiiiiuiimiiinihiiiiiimii,1,1
14724,lamalou,1,1
14725,prêchée,1,1
14726,parvulis,1,1
14727,léchèrent,1,1
14728,érection,1,1
14729,montluçon,1,1
14730,synjpathiqu,1,1
14731,wash,1,1
14732,tourniquet,1,1
14733,hémmoragie,1,1
14734,aviatric,1,1
14735,encyclopédique,1,1
14736,monal,1,1
14737,plane,1,1
14738,goûtera,1,1
14739,vatlantide,1,1
14740,anisée,1,1
14741,evue,1,1
14742,bii,1,1
14743,vient,1,1
14744,îame,1,1
14745,radium,1,1
14746,oooq,1,1
14747,toopooconoooa,1,1
14748,oacûcotac,1,1
14749,faitlademande,1,1
14750,pjsrviendrer,1,1
14751,iiiiiimmiim,1,1
14752,traînant,1,1
14753,déshonneur,1,1
14754,lemot,1,1
14755,brider,1,1
14756,persuasif,1,1
14757,essoufler,1,1
14758,bouleveisélecœur,1,1
14759,devision,1,1
14760,plastron,1,1
14761,mondain,1,1
14762,veuillion,1,1
14763,déprimant,1,1
14764,fondon,1,1
14765,ïfym,1,1
14766,valauder,1,1
14767,fcî,1,1
14768,nmçut,1,1
14769,troupez,1,1
14770,troupon,1,1
14771,routez,1,1
14772,routon,1,1
14773,rout,1,1
14774,françon,1,1
14775,munit,1,1
14776,vappel,1,1
14777,payen,1,1
14778,iniiiuiin,1,1
14779,invariablement,1,1
14780,traditionnellement,1,1
14781,patrouieue,1,1
14782,ildonne,1,1
14783,détérioration,1,1
14784,emboîtement,1,1
14785,vilebrequin,1,1
14786,habilet,1,1
14787,rassemnler,1,1
14788,use,1,1
14789,jouriee,1,1
14790,océanographique,1,1
14791,chamaré,1,1
14792,héréditaire,1,1
14793,palma,1,1
14794,australien,1,1
14795,japonais,1,1
14796,samouraï,1,1
14797,vigneron,1,1
14798,thome,1,1
14799,pectueux,1,1
14800,suppléèrent,1,1
14801,apathie,1,1
14802,déve,1,1
14803,loppement,1,1
14804,joulie,1,1
14805,reconduire,1,1
14806,pauline,1,1
14807,jecompter,1,1
14808,catégorique,1,1
14809,occa,1,1
14810,joa,1,1
14811,conchard,1,1
14812,âaner,1,1
14813,grângeneuve,1,1
14814,neegebmmeaaalmaoctogooflnonflonrkioeooooooiioixiobooooooooaoaixiooeojooooonoaoocbooofxlooooeogixto,1,1
14815,farmor,1,1
14816,escola,1,1
14817,noumt,1,1
14818,viê,1,1
14819,spéciao,1,1
14820,variée,1,1
14821,chère,1,1
14822,niitininmnrnniimntiiiiinirmtntttttt,1,1
14823,nmuritritinnnwmil,1,1
14824,iqq,1,1
14825,ude,1,1
14826,romjif,1,1
14827,vessik,1,1
14828,méihode,1,1
14829,vousavez,1,1
14830,èlève,1,1
14831,vièm,1,1
14832,fion,1,1
14833,foeêt,1,1
14834,jumée,1,1
14835,tepee,1,1
14836,mesquite,1,1
14837,espèc,1,1
14838,mural,1,1
14839,sybarite,1,1
14840,adirondack,1,1
14841,portraitiste,1,1
14842,ébauche,1,1
14843,retouche,1,1
14844,psychologique,1,1
14845,surélevé,1,1
14846,paquetage,1,1
14847,nettoyez,1,1
14848,bossué,1,1
14849,frappez,1,1
14850,fsan,1,1
14851,couperez,1,1
14852,grisonné,1,1
14853,maintenez,1,1
14854,enfoncez,1,1
14855,moutonneux,1,1
14856,unjjpassager,1,1
14857,pagayeur,1,1
14858,exultez,1,1
14859,personnifier,1,1
14860,défensive,1,1
14861,permetttre,1,1
14862,ehromotrikothebioi,1,1
14863,alfredine,1,1
14864,mêlât,1,1
14865,iser,1,1
14866,couaquer,1,1
14867,ereinter,1,1
14868,buvette,1,1
14869,campagnarder,1,1
14870,tub,1,1
14871,accordéonisé,1,1
14872,enle,1,1
14873,mâchonner,1,1
14874,rendormir,1,1
14875,cornue,1,1
14876,solidariser,1,1
14877,saver,1,1
14878,postérité,1,1
14879,iiiiiiiiiiiiiiiiiiiimiiiiiiiiiimiiiiiiiiiiiiiiiiiiiiimiiiiiiiiiiiiiiiiiiiiiiiihimiiiiiiiiiiiiiiimiiiiimiiiiiiimmimiiiimiiiiiimi,1,1
14880,laissér,1,1
14881,lardit,1,1
14882,présumer,1,1
14883,motrikothérion,1,1
14884,zoulou,1,1
14885,étrangla,1,1
14886,hémicycle,1,1
14887,bourbonien,1,1
14888,bagarre,1,1
14889,perruque,1,1
14890,lampion,1,1
14891,insidieusement,1,1
14892,inouïe,1,1
14893,jbianc,1,1
14894,isbihsloilh,1,1
14895,clownesque,1,1
14896,follet,1,1
14897,brownie,1,1
14898,vissage,1,1
14899,vilbrequin,1,1
14900,buteront,1,1
14901,cmâécméeé,1,1
14902,satyrique,1,1
14903,benêt,1,1
14904,rougiron,1,1
14905,analogie,1,1
14906,tirade,1,1
14907,ordonnancer,1,1
14908,duches,1,1
14909,ancillaire,1,1
14910,commère,1,1
14911,potin,1,1
14912,cancan,1,1
14913,convoler,1,1
14914,apprit,1,1
14915,infortun,1,1
14916,dilapider,1,1
14917,tricotage,1,1
14918,gigogne,1,1
14919,régulariser,1,1
14920,finistère,1,1
14921,desbruyère,1,1
14922,saille,1,1
14923,télémétrie,1,1
14924,iiiliiimiiiiiiiiiiihiiiiiiiimiiiiiiiiiiiiiiiiiiiiiiiiiiiiiiiiiiiiiiiimiiiiiiiitiiiiiiiiiimiiiiiiiiiiiiiiiiiiiiiiiiiiiiiiiiiiiiiiiiiiiiiiiiiiiiii,1,1
14925,payeur,1,1
14926,franmission,1,1
14927,repu,1,1
14928,faula,1,1
14929,maurer,1,1
14930,mequer,1,1
14931,paolini,1,1
14932,récollet,1,1
14933,rettei,1,1
14934,rulleau,1,1
14935,serlautern,1,1
14936,pel,1,1
14937,prenante,1,1
14938,satsifaction,1,1
14939,reconnaisasnce,1,1
14940,router,1,1
14941,ligue,1,1
14942,limar,1,1
14943,uon,1,1
14944,iiiiuiiii,1,1
14945,anthropometrie,1,1
14946,ïiiiiiiiiiiiiiiiiiiiiiiiiiiiiiiiiiiiiiiiiiiiiiiiiiifiiiiiiiiiiiiiiiimmiiiiiiiihiiimmiiiiiiiiiiiiimmmiiiimiiiiimimmiiimiuiiimiiiimmiiiiiit,1,1
14947,javouhey,1,1
14948,apotre,1,1
14949,marc,1,1
14950,eleu,1,1
14951,palestine,1,1
14952,morau,1,1
14953,extialie,1,1
14954,catapulte,1,1
14955,iiiiiiiiiiiiiiiiiiiiiiiiiiiiiiiiiiiiiiiiiiiiiiiiiiiiiiiiiiiiiiiiiiiiiiiiiiiiiiiiiiiiiiiiiiiiiiiiiiiiiiiiiiiiiiiiiiiiihiiiiiiiiiiiiiiiiiiiiiiiiiiiiiiiiiiaiimiiiiiiiiiiiiiiiuiiiiiiiiiiiiiiiiiiiiiiiiniiiiiiiiiiiiiiiiiiiiiiiiiiiiiiiiiiiiiiiiiiiiiiiiiiiik,1,1
14956,émouvante,1,1
14957,relèvement,1,1
14958,restion,1,1
14959,forte,1,1
14960,inspirateur,1,1
14961,inexpérimenté,1,1
14962,disséquer,1,1
14963,monse,1,1
14964,ghef,1,1
14965,tonner,1,1
14966,berne,1,1
14967,glas,1,1
14968,directrice,1,1
14969,accoutumé,1,1
14970,marais,1,1
14971,adjurer,1,1
14972,poterne,1,1
14973,retranchement,1,1
14974,grêle,1,1
14975,garriau,1,1
14976,délace,1,1
14977,cetu,1,1
14978,deferre,1,1
14979,ruffi,1,1
14980,distiibution,1,1
14981,monf,1,1
14982,accablé,1,1
14983,courtine,1,1
14984,brûlot,1,1
14985,tumultuairement,1,1
14986,humiliant,1,1
14987,honteusement,1,1
14988,estoc,1,1
14989,emmi,1,1
14990,harnaché,1,1
14991,mignarde,1,1
14992,braquemart,1,1
14993,gaillardement,1,1
14994,îiiiiiiu,1,1
14995,iiniiiuii,1,1
14996,iiiiiiiiiiu,1,1
14997,tiiiiiiiiiut,1,1
14998,iiiiiiuikiim,1,1
14999,joute,1,1
15000,oncqu,1,1
15001,mollesse,1,1
15002,noblaillon,1,1
15003,genouillère,1,1
15004,vêture,1,1
15005,angelot,1,1
15006,bouffir,1,1
15007,potelé,1,1
15008,faintise,1,1
15009,chutait,1,1
15010,ckots,1,1
15011,ckaa,1,1
15012,taittr,1,1
15013,acu,1,1
15014,détruir,1,1
15015,vacher,1,1
15016,filaient,1,1
15017,dahlia,1,1
15018,biner,1,1
15019,rempotage,1,1
15020,bouture,1,1
15021,greffe,1,1
15022,herbacée,1,1
15023,orangerie,1,1
15024,cravater,1,1
15025,iib,1,1
15026,numérique,1,1
15027,nominatif,1,1
15028,pensum,1,1
15029,emu,1,1
15030,simolement,1,1
15031,magnifier,1,1
15032,coucour,1,1
15033,martyriser,1,1
15034,récréa,1,1
15035,oree,1,1
15036,hospitalisation,1,1
15037,kerqu,1,1
15038,rationnaire,1,1
15039,officiera,1,1
15040,surérogatoire,1,1
15041,maîtris,1,1
15042,respectueuse,1,1
15043,récité,1,1
15044,glacis,1,1
15045,tourâine,1,1
15046,jne,1,1
15047,appr,1,1
15048,leç,1,1
15049,prat,1,1
15050,aygu,1,1
15051,beuf,1,1
15052,glandiére,1,1
15053,iiiiiiiiiiiiiiiiiiiiiiimmiiiim,1,1
15054,seton,1,1
15055,célébré,1,1
15056,flaneur,1,1
15057,hudson,1,1
15058,dévelcppenrment,1,1
15059,desservent,1,1
15060,chemir,1,1
15061,arlistique,1,1
15062,lannion,1,1
15063,écutée,1,1
15064,touri,1,1
15065,désillusionner,1,1
15066,savairnt,1,1
15067,intéré,1,1
15068,reseau,1,1
15069,geor,1,1
15070,crozant,1,1
15071,montcocu,1,1
15072,mey,1,1
15073,départementau,1,1
15074,tique,1,1
15075,dispositio,1,1
15076,ïçtpç,1,1
15077,daq,1,1
15078,olyu,1,1
15079,licsrio,1,1
15080,oubliex,1,1
15081,gette,1,1
15082,mousqyeton,1,1
15083,juta,1,1
15084,marchez,1,1
15085,tailtfdm,1,1
15086,eîj,1,1
15087,iljtcc,1,1
15088,jhtddluc,1,1
15089,claire,1,1
15090,albert,1,1
15091,mtioial,1,1
15092,feuillu,1,1
15093,rampon,1,1
15094,bourlonnai,1,1
15095,lesfchant,1,1
15096,iiiiiimiiiitniiiigiililiiiiiniiiiiilhlmiitliiiliiiilihiiiiiiillliiiliiiiiiiiilitihitlillililliililliilllililiiliiliilliiiiiiiiiliiiiii,1,1
15097,terite,1,1
15098,lart,1,1
15099,plie,1,1
15100,hippodrome,1,1
15101,carrousel,1,1
15102,yalhambra,1,1
15103,jacil,1,1
15104,vulguer,1,1
15105,désignant,1,1
15106,sign,1,1
15107,language,1,1
15108,barricade,1,1
15109,kotérion,1,1
15110,démission,1,1
15111,terrifié,1,1
15112,ammal,1,1
15113,carillon,1,1
15114,aristocratique,1,1
15115,prétendu,1,1
15116,laj,1,1
15117,iiiiiiiiiiiiiiiiiiiiiiiiiiiiiiiiiiiiiiiiiiiiiiiiiiiiiiiiiiiiiiiiiiiiiiiiiiiiiiiiiiiiiiiiiiiiiiiiiiiiiiiiiiiiiiiiiiiiiiiiiiiiiiiiiiiiiiiiiiiiiiiiiiiihd,1,1
15118,térion,1,1
15119,plomber,1,1
15120,ponctuellement,1,1
15121,proviser,1,1
15122,demaison,1,1
15123,appelle,1,1
15124,grasset,1,1
15125,implication,1,1
15126,ligure,1,1
15127,faub,1,1
15128,poissonnière,1,1
15129,trévise,1,1
15130,larousse,1,1
15131,fleuriste,1,1
15132,bournaire,1,1
15133,orfèvre,1,1
15134,cérémoni,1,1
15135,von,1,1
15136,apollmair,1,1
15137,senior,1,1
15138,patr,1,1
15139,priquenard,1,1
15140,serrand,1,1
15141,accüeil,1,1
15142,viennent,1,1
15143,gardant,1,1
15144,etain,1,1
15145,tete,1,1
15146,craquelé,1,1
15147,piéta,1,1
15148,carlègle,1,1
15149,nament,1,1
15150,paÿê,1,1
15151,tneluswement,1,1
15152,tefil,1,1
15153,noua,1,1
15154,octolr,1,1
15155,parattrer,1,1
15156,reeevre,1,1
15157,implicité,1,1
15158,concerne,1,1
15159,abonne,1,1
15160,fêté,1,1
15161,noirot,1,1
15162,menthe,1,1
15163,msmmànêm,1,1
15164,totmltead,1,1
15165,mmmaîmmimmn,1,1
15166,eamcrruqu,1,1
15167,jteoieru,1,1
15168,eniûnaâ,1,1
15169,éiectricien,1,1
15170,epouvantabl,1,1
15171,chromotrikotliérion,1,1
15172,recueill,1,1
15173,iimiiiiiiiiiiiiiiiiiiiiiiiiiiiimiiiiiiiumiiiiiiiiiiiiiiiiiiiiiiiiiiiiiiiiiiiiiiiiiiiiiiiiiiiiiiiiiiiiiiiiiiiiiiiiiiiiiiiiiiiiiiiiiiiiiiiiiiiir,1,1
15174,irou,1,1
15175,viuvr,1,1
15176,styjl,1,1
15177,populariser,1,1
15178,pisé,1,1
15179,enduite,1,1
15180,architectural,1,1
15181,rierime,1,1
15182,pyramidale,1,1
15183,pharaon,1,1
15184,mâiougous,1,1
15185,fruste,1,1
15186,nigérien,1,1
15187,sectateur,1,1
15188,amohade,1,1
15189,prophète,1,1
15190,iiiiiiiiiiiiiiimiiiiiiiiiiimiiuiiiiiiiiitii,1,1
15191,fêlé,1,1
15192,gauchement,1,1
15193,guéridon,1,1
15194,gesticulation,1,1
15195,shake,1,1
15196,hand,1,1
15197,traîn,1,1
15198,serin,1,1
15199,nègie,1,1
15200,sottement,1,1
15201,dérouter,1,1
15202,tortueux,1,1
15203,lai,1,1
15204,feuill,1,1
15205,eté,1,1
15206,solei,1,1
15207,ierôe,1,1
15208,circulairement,1,1
15209,pointée,1,1
15210,tecpee,1,1
15211,figt,1,1
15212,cheyenne,1,1
15213,centim,1,1
15214,tourbillonnant,1,1
15215,rivier,1,1
15216,ondulant,1,1
15217,annulaire,1,1
15218,poiirine,1,1
15219,aiiiiiiiiiiiiiiiiiiiiuiiiiiiiiiimmiiiiiiiiiiiiiiiimiiiimiiiiiiiiiiiiiiiininiiiiiiiiiiiiiiiiiiiiiiiiiiiiiiiiiiiiiiiiiiiiiiiiiiiiiiiiiiiiiiuni,1,1
15220,grouperont,1,1
15221,savoi,1,1
15222,anat,1,1
15223,niiiiiiiiiiiiiiiiiiiiiiiiiiiiiiiiiiiiiiiiiiiiiiiiiiiiiiiiiiiiiiiiiiiiiiiiiiiiiiiiiiiiiiiiiiiiiiiiiiiiiiiiiiiiiniiiiiimiiiiiiiiiiiiiiiiiiiiiliiinin,1,1
15224,etjla,1,1
15225,complier,1,1
15226,intertroupe,1,1
15227,podium,1,1
15228,vocal,1,1
15229,pentier,1,1
15230,chahuter,1,1
15231,canapé,1,1
15232,fauteils,1,1
15233,zainer,1,1
15234,sjcréation,1,1
15235,réaccréditer,1,1
15236,iiniiiiiiiiiinit,1,1
15237,iiiiiiiiiiiiiiiiiiini,1,1
15238,iiiimniiiii,1,1
15239,iiiiiiiiiimtui,1,1
15240,iiiiiiiiiiiiiiiiiiiiiiiiiiiiiiiiiiiiiiiiiiiiiiu,1,1
15241,bordjien,1,1
15242,sétifien,1,1
15243,luculhen,1,1
15244,quiproquo,1,1
15245,adapté,1,1
15246,miatto,1,1
15247,personnification,1,1
15248,saugrenu,1,1
15249,salve,1,1
15250,dussai,1,1
15251,récite,1,1
15252,quelqué,1,1
15253,amalgame,1,1
15254,badin,1,1
15255,fourbu,1,1
15256,candidature,1,1
15257,hautmont,1,1
15258,interparoissial,1,1
15259,haugou,1,1
15260,adrer,1,1
15261,nécrologie,1,1
15262,financièrement,1,1
15263,percepteur,1,1
15264,enseignt,1,1
15265,tilhe,1,1
15266,dem,1,1
15267,partenair,1,1
15268,veston,1,1
15269,glaire,1,1
15270,ribeauvillé,1,1
15271,mte,1,1
15272,unamim,1,1
15273,scoutde,1,1
15274,rcvner,1,1
15275,rftupn,1,1
15276,boutet,1,1
15277,bailli,1,1
15278,chezt,1,1
15279,ylvec,1,1
15280,pcnopcc,1,1
15281,liu,1,1
15282,otofiiltile,1,1
15283,impkessioi,1,1
15284,iruw,1,1
15285,répliqu,1,1
15286,napoléonien,1,1
15287,frémissante,1,1
15288,quittion,1,1
15289,roulante,1,1
15290,illnillliiiiiiiiiiiimiiiuiiillllllluiiiiiiiiiiiiiiiitlilllllllllllliiiiuiiilllllllulliiiiiiiiiiiiililllllllllllllllllllllllilllulllllillllllllllllitltlilillillllllllllllllllllililllitlilliulliiiiiiihiiiiiiiiiiiliiilullilliiiiiiiimiiilliiiiihii,1,1
15291,trempé,1,1
15292,synthétiser,1,1
15293,iiimiiiiiiiiiiiiiiiiiiiiiiiiiiiiiiiuiuiiiiiiiiiiimiiiiiiiiiiiiiiiiimiiiiiiiiiiiimiiiiniiiiiimiiiiiiiiiiiiiiiiiiiuiniiiiiiiiiiiiniiiiiii,1,1
15294,bruissant,1,1
15295,bruime,1,1
15296,passerell,1,1
15297,dormant,1,1
15298,paqnebot,1,1
15299,ironiste,1,1
15300,policeman,1,1
15301,cadencer,1,1
15302,chronologie,1,1
15303,induer,1,1
15304,palestinien,1,1
15305,cashire,1,1
15306,iiiiimiiiiiiiiiiiiiiiiiiiiiiimiiiiiiiiiiiiiiiiiiiiiiiiiiiimii,1,1
15307,adopté,1,1
15308,ilu,1,1
15309,lonrgeron,1,1
15310,iiiiiniimiiiihmniiiiiiiiiiiihiihiiiiiiiiiiiiiihhiiiiiihiiiiiniiiiiiimiimiiiiiiiiiiiiitihiuiiiiiihniimhiiiihiiiimiiilinhiiiii,1,1
15311,cphoto,1,1
15312,iiiiiiiiihiiiminiihiiiiiiiiiiiiiiiiiiiiiiiiiiiiwiiiiimiiiiiiiiiiiiiimiiiiiiiiimiiiiiiiiihiiiiiiiiiiiiiiiii,1,1
15313,tiliré,1,1
15314,volage,1,1
15315,santel,1,1
15316,hilarant,1,1
15317,josquin,1,1
15318,lite,1,1
15319,hostia,1,1
15320,moyennageux,1,1
15321,émigrer,1,1
15322,annonciateur,1,1
15323,infructueux,1,1
15324,placidement,1,1
15325,registre,1,1
15326,ferre,1,1
15327,bourbier,1,1
15328,thérion,1,1
15329,apothéose,1,1
15330,phérique,1,1
15331,cieus,1,1
15332,fratelîini,1,1
15333,rubiconde,1,1
15334,râble,1,1
15335,insensé,1,1
15336,cevoir,1,1
15337,irlandais,1,1
15338,porcherie,1,1
15339,verte,1,1
15340,tçnte,1,1
15341,diversement,1,1
15342,transformabler,1,1
15343,troc,1,1
15344,hindou,1,1
15345,gent,1,1
15346,soignant,1,1
15347,barème,1,1
15348,voisinant,1,1
15349,room,1,1
15350,cheschire,1,1
15351,contingeni,1,1
15352,exbubérant,1,1
15353,chetoill,1,1
15354,huy,1,1
15355,aviori,1,1
15356,excédent,1,1
15357,tériel,1,1
15358,interfédérale,1,1
15359,afhchage,1,1
15360,complimenta,1,1
15361,ivent,1,1
15362,mnnihhihmiiiiiiihmimnmihhiiiiimiihimhimmiimiiniiiimiiniiiimmiiiimiimiiiiiiiiiiiiiiiihiiiiriiimitmniiin,1,1
15363,fter,1,1
15364,mariagesgg,1,1
15365,rian,1,1
15366,carme,1,1
15367,rart,1,1
15368,ellement,1,1
15369,méningite,1,1
15370,mémento,1,1
15371,tailcqm,1,1
15372,choco,1,1
15373,aken,1,1
15374,laken,1,1
15375,delle,1,1
15376,inter,1,1
15377,terlaken,1,1
15378,surbai,1,1
15379,erc,1,1
15380,recommcndé,1,1
15381,etfr,1,1
15382,lleutaud,1,1
15383,sévlgnéet,1,1
15384,légèr,1,1
15385,ppuge,1,1
15386,gtamwa,1,1
15387,dolivblhl,1,1
15388,wihilluhsiuluuhilni,1,1
15389,succe,1,1
15390,boller,1,1
15391,ljqdoué,1,1
15392,qénéral,1,1
15393,ncadpcc,1,1
15394,llu,1,1
15395,tttü,1,1
15396,déaet,1,1
15397,minisir,1,1
15398,dirigé,1,1
15399,konne,1,1
15400,adressé,1,1
15401,iiiiiiiiiiiiiiiiiiiimimiiiiiimiiiiimiiiimiiiiiiiiiiiiiiiiiiiiiiiiiiiiiitiiiiiiiiiiiiiiimmiiiiiiimiiiiiiiiiiiiiiiiiiiiiiiiiiiiiiiiimw,1,1
15402,quidam,1,1
15403,penaud,1,1
15404,toubib,1,1
15405,assommant,1,1
15406,little,1,1
15407,bagnole,1,1
15408,shelling,1,1
15409,grignoté,1,1
15410,faw,1,1
15411,iimiiiiiiiiiiiiiiiiiiiiiiiiiiiiiiiiiiiiiiiiii,1,1
15412,iniiimiiiiiiiiiiiiiiiiiiiiiiiiiiiiiiiiiiiiiiiiiiiiiiiiiimiiiiiiiiiiiiiiiiiimiiiiiiiiiiiiiiiin,1,1
15413,croisée,1,1
15414,ficulté,1,1
15415,crèmt,1,1
15416,ilseréveill,1,1
15417,rene,1,1
15418,exotisme,1,1
15419,clignotant,1,1
15420,voilée,1,1
15421,tibériade,1,1
15422,âpre,1,1
15423,elévation,1,1
15424,affirmerai,1,1
15425,humainement,1,1
15426,quifn,1,1
15427,sudation,1,1
15428,scientifico,1,1
15429,yldaùtalion,1,1
15430,vonl,1,1
15431,scii,1,1
15432,voneoer,1,1
15433,kahno,1,1
15434,tjciuat,1,1
15435,tatj,1,1
15436,cjuï,1,1
15437,puih,1,1
15438,frèr,1,1
15439,lajarte,1,1
15440,berline,1,1
15441,jambo,1,1
15442,convia,1,1
15443,ckler,1,1
15444,tonsuré,1,1
15445,nideck,1,1
15446,ambleteus,1,1
15447,arque,1,1
15448,chasubl,1,1
15449,premiersizainier,1,1
15450,âmi,1,1
15451,ebauche,1,1
15452,piègn,1,1
15453,crotoy,1,1
15454,iiiiiiiiiiiiiiiiiiiiiiiiiimiiiiiiiiiiiiiiiiiiiiisiiimiiiiiiiiiiiiiiiiiiiiiiiiiiiiiiiiiiiiiiiiiimiiiiiiiiiiimiiiiiiiiimiiiiiiiiiiiiiiiiiitt,1,1
15455,nourrice,1,1
15456,implantation,1,1
15457,interprovincial,1,1
15458,reurs,1,1
15459,çennebière,1,1
15460,ranteignementi,1,1
15461,nécesiairet,1,1
15462,carnot,1,1
15463,sio,1,1
15464,moi,1,1
15465,jjdmlnislration,1,1
15466,bàle,1,1
15467,rao,1,1
15468,tapide,1,1
15469,styiograph,1,1
15470,épreu,1,1
15471,éra,1,1
15472,ble,1,1
15473,gasüght,1,1
15474,relie,1,1
15475,del,1,1
15476,epou,1,1
15477,gdihibiieb,1,1
15478,caiidiml,1,1
15479,compréhensive,1,1
15480,episcopat,1,1
15481,doctrine,1,1
15482,apjorobativ,1,1
15483,bienveillanc,1,1
15484,fluctuer,1,1
15485,sombrer,1,1
15486,itm,1,1
15487,iiiiim,1,1
15488,clccher,1,1
15489,malle,1,1
15490,avalera,1,1
15491,instruira,1,1
15492,aiguilfe,1,1
15493,généralisa,1,1
15494,campana,1,1
15495,noler,1,1
15496,coulage,1,1
15497,oxydable,1,1
15498,alliage,1,1
15499,iiiiiiiiiiiiiiiiiiiieiiiiiiiiigiiiiiiiiiiiiiiiiiiiiiiiiiiiiiiiiiiiiiiimiiiiviiiiiiiiiiiimiiiiiiiiiiiiiiiiiiiiiiiiiiiiimiiiiiiiiiiiiiiiiiiiiiiiid,1,1
15500,vereto,1,1
15501,treizième,1,1
15502,habitante,1,1
15503,échancrure,1,1
15504,ternon,1,1
15505,vanciers,1,1
15506,brèves,1,1
15507,monie,1,1
15508,avertisseuse,1,1
15509,aigre,1,1
15510,enrager,1,1
15511,bougon,1,1
15512,espiègle,1,1
15513,désobéir,1,1
15514,polissonner,1,1
15515,ponctuel,1,1
15516,üiiiüiiiiiiibbi,1,1
15517,miséricordieux,1,1
15518,costumé,1,1
15519,jiiiiiiiiiiiiiiiiiiiimiiiiiminiiiiiiiimiiiitimiihiiiiiiiiiuiiiiiifiiiiiiiiillilllllllliii,1,1
15520,pythonisse,1,1
15521,inexploiter,1,1
15522,pervertit,1,1
15523,ruineux,1,1
15524,affronte,1,1
15525,calcule,1,1
15526,cheminé,1,1
15527,définitive,1,1
15528,broussailleux,1,1
15529,pétarade,1,1
15530,impur,1,1
15531,sollicite,1,1
15532,terreau,1,1
15533,givrer,1,1
15534,entrelacement,1,1
15535,manne,1,1
15536,darder,1,1
15537,épieux,1,1
15538,ennoblir,1,1
15539,iniquité,1,1
15540,paria,1,1
15541,hallier,1,1
15542,fantomatique,1,1
15543,cristalliser,1,1
15544,iiiiiiiiiiiiiiiiiiiiiiiiiiiiiiiiiiimiimiiiiiiiuuiiiiiiiiiiiiiiiiiiiiiiiiiiiiiiiiiiiiiiiiiiiiiiiiiiiiiiiiiiiiiiiiiiiuiiiinniiiiiiiiiiiiiiihid,1,1
15545,vendange,1,1
15546,infirmer,1,1
15547,béguinette,1,1
15548,gastronome,1,1
15549,motacillidé,1,1
15550,sylviidé,1,1
15551,nemrod,1,1
15552,scandaleu,1,1
15553,outarde,1,1
15554,motteux,1,1
15555,turdiié,1,1
15556,piègeur,1,1
15557,insouciant,1,1
15558,pingouin,1,1
15559,alcider,1,1
15560,zane,1,1
15561,paradoxe,1,1
15562,exagération,1,1
15563,carnassier,1,1
15564,entomophage,1,1
15565,semis,1,1
15566,surestimer,1,1
15567,endiguer,1,1
15568,révélateur,1,1
15569,puceron,1,1
15570,diptère,1,1
15571,suc,1,1
15572,gastrique,1,1
15573,privât,1,1
15574,remercîment,1,1
15575,détermination,1,1
15576,prai,1,1
15577,chuchotte,1,1
15578,episcopal,1,1
15579,visitant,1,1
15580,chaillol,1,1
15581,félicition,1,1
15582,méritée,1,1
15583,illlllll,1,1
15584,viller,1,1
15585,appert,1,1
15586,oberhof,1,1
15587,réunitavec,1,1
15588,vine,1,1
15589,tigne,1,1
15590,agj,1,1
15591,marguerit,1,1
15592,mayence,1,1
15593,verlingue,1,1
15594,vargue,1,1
15595,reaivce,1,1
15596,iüæ,1,1
15597,ïeu,1,1
15598,léyend,1,1
15599,rièr,1,1
15600,riiveau,1,1
15601,temp,1,1
15602,gardai,1,1
15603,chargea,1,1
15604,épinglée,1,1
15605,devojr,1,1
15606,eéoemoe,1,1
15607,feefeier,1,1
15608,étula,1,1
15609,ondoyant,1,1
15610,albe,1,1
15611,satin,1,1
15612,alanguissement,1,1
15613,têtard,1,1
15614,verge,1,1
15615,prénommer,1,1
15616,similitude,1,1
15617,samare,1,1
15618,champêtre,1,1
15619,saucière,1,1
15620,vénitien,1,1
15621,céladon,1,1
15622,vacuité,1,1
15623,appendice,1,1
15624,transpercé,1,1
15625,cérébosse,1,1
15626,pouponne,1,1
15627,célibataire,1,1
15628,ouit,1,1
15629,trouvèrer,1,1
15630,carpathe,1,1
15631,apennin,1,1
15632,jaque,1,1
15633,sinople,1,1
15634,arçon,1,1
15635,surcot,1,1
15636,lambrequin,1,1
15637,lobe,1,1
15638,croupe,1,1
15639,senestre,1,1
15640,bétuline,1,1
15641,déférence,1,1
15642,floconneux,1,1
15643,trembl,1,1
15644,dog,1,1
15645,gémi,1,1
15646,châtiment,1,1
15647,cotonneu,1,1
15648,drez,1,1
15649,emballement,1,1
15650,inconsidérer,1,1
15651,ricaner,1,1
15652,obséquieux,1,1
15653,iflflbbbbbbesflfll,1,1
15654,possède,1,1
15655,hibiiibh,1,1
15656,doubli,1,1
15657,prolifération,1,1
15658,régression,1,1
15659,monoculture,1,1
15660,assèchement,1,1
15661,marécage,1,1
15662,résiduel,1,1
15663,sévérité,1,1
15664,repeuplement,1,1
15665,nichon,1,1
15666,nourrissage,1,1
15667,piégeant,1,1
15668,pénal,1,1
15669,réglementation,1,1
15670,chimiste,1,1
15671,fédérateur,1,1
15672,magaud,1,1
15673,lité,1,1
15674,cbacun,1,1
15675,iveiller,1,1
15676,bruant,1,1
15677,ortolan,1,1
15678,perpétré,1,1
15679,atlantique,1,1
15680,illlmbilbihillibbihbiiiibibbniibiihihhbbflilii,1,1
15681,rieu,1,1
15682,oredle,1,1
15683,confesseur,1,1
15684,austérité,1,1
15685,tableïdan,1,1
15686,transparaître,1,1
15687,hésitantsfen,1,1
15688,réconforte,1,1
15689,imitable,1,1
15690,suroît,1,1
15691,scoutîde,1,1
15692,tomobile,1,1
15693,bridg,1,1
15694,ratif,1,1
15695,déchiffraient,1,1
15696,contribution,1,1
15697,meer,1,1
15698,castelbroussien,1,1
15699,ffamille,1,1
15700,bénéfi,1,1
15701,ciera,1,1
15702,unexcellent,1,1
15703,rixmerie,1,1
15704,olïrit,1,1
15705,boreau,1,1
15706,desjpoint,1,1
15707,grenoblois,1,1
15708,judicieuse,1,1
15709,caure,1,1
15710,épri,1,1
15711,btiviti,1,1
15712,héritage,1,1
15713,fàtoute,1,1
15714,partfde,1,1
15715,fean,1,1
15716,faunéer,1,1
15717,barr,1,1
15718,quesn,1,1
15719,furnu,1,1
15720,sévignéat,1,1
15721,roui,1,1
15722,lavedan,1,1
15723,lemire,1,1
15724,fournet,1,1
15725,courthion,1,1
15726,jésu,1,1
15727,aseto,1,1
15728,iovembrë,1,1
15729,iourer,1,1
15730,jaequea,1,1
15731,dçssin,1,1
15732,avez,1,1
15733,loigner,1,1
15734,iait,1,1
15735,emphatique,1,1
15736,medecine,1,1
15737,redressaient,1,1
15738,iiiiiiiiiiiiiiiuiiiiiiiiiiiiiiiiiiiiiiiiiiiiiiiriiiiiiiiiiiiiiiiiiuiiiiiiiiiiiiiiiiiiiiiiiiiiiiiiiiiiiiiiiiiiiiiiiiiiiiidiiiiiiiiiiiiiiiiiiiiiiiiiiii,1,1
15739,ldorrevr,1,1
15740,avou,1,1
15741,phobie,1,1
15742,phraséologie,1,1
15743,vaine,1,1
15744,parlotte,1,1
15745,enfantine,1,1
15746,mish,1,1
15747,vantage,1,1
15748,absurdité,1,1
15749,histcire,1,1
15750,dejjt,1,1
15751,terloo,1,1
15752,loo,1,1
15753,depanmem,1,1
15754,révérence,1,1
15755,capelag,1,1
15756,dise,1,1
15757,accepte,1,1
15758,dormirai,1,1
15759,régidier,1,1
15760,enjoué,1,1
15761,immatriculer,1,1
15762,sentencieu,1,1
15763,iiiiiiiiiiiiiiiiiiiiiiiiuiiiiiiiiiiiimiiiiiimiiiiiuiiiiiiimiiiiiiiiiiiiiiiiiiiimiiniiiiiiiiiimiiiiiimiiiiiiiiiimiiiiiiiimiiiiiiiiiiiiii,1,1
15764,badaud,1,1
15765,explicite,1,1
15766,marionnette,1,1
15767,impoli,1,1
15768,ramasse,1,1
15769,sifflotte,1,1
15770,blesséfpeut,1,1
15771,unfgarçon,1,1
15772,foulé,1,1
15773,affolee,1,1
15774,voit,1,1
15775,locomotif,1,1
15776,exubérant,1,1
15777,entouie,1,1
15778,embroudl,1,1
15779,tiquement,1,1
15780,parcourant,1,1
15781,banalité,1,1
15782,plnchon,1,1
15783,revee,1,1
15784,coopération,1,1
15785,core,1,1
15786,prééminence,1,1
15787,iiiiiiiiiiiiiiiiiiiiiiiiiiiiiiiiiiiiiiiiiiiiiiiiiiiiiiiiiiiiiiiiiimiiiiiiiiiiiiiiiiiiiiiiiiiiiiiiiiiiiiiiimiiiiiiiiiiiiiiiiiiiiiiiiiiiiiiiiiiiiiim,1,1
15788,fluctuation,1,1
15789,viedlie,1,1
15790,simplet,1,1
15791,chromatisme,1,1
15792,tonalité,1,1
15793,exceller,1,1
15794,allusion,1,1
15795,alourdir,1,1
15796,caricaturé,1,1
15797,bluette,1,1
15798,sautillante,1,1
15799,campiou,1,1
15800,affliction,1,1
15801,spiritualité,1,1
15802,kstacion,1,1
15803,calle,1,1
15804,imiiitiiiiiiiiiiiiimmimiiiimiihiiiiiiimiimiiiiiiiiiiiiiiiiiiiiiiiiiiiiimiiiiiiimiiiiiiiiiiiiiiiimiimiiiiiimiiiuiiiiiiiiiiim,1,1
15805,londonien,1,1
15806,bruvante,1,1
15807,poussiéreuse,1,1
15808,schako,1,1
15809,cirée,1,1
15810,plazza,1,1
15811,campanile,1,1
15812,nen,1,1
15813,iiiiiiiiiiiiiiiiiiiiiiiiiiiiiiiiiijiiiiiiiiiiiniiiiiiiiiiiiiiiiiiiiiiiniiiiiiiniiiiiiiiiiiiiiiiiiiiiiiiiiiiiiiiiiiiiiiiiiiiiiiiiiiiiimiiiiiiiiiiiiiiiiiiiiiiiiiiiiiiiiiiniiiiiiiniiiiiiiiiiiiiiiiiiiiiiiiiiiiiiimimiiiimiiiiiiiimiiiiiiiiiiimm,1,1
15814,marbrerie,1,1
15815,mosaïque,1,1
15816,descamp,1,1
15817,willoqueau,1,1
15818,fîtaisp,1,1
15819,pec,1,1
15820,tîæ,1,1
15821,malaisément,1,1
15822,mêlé,1,1
15823,miroiter,1,1
15824,oisif,1,1
15825,pimpant,1,1
15826,serépandit,1,1
15827,conccrtsur,1,1
15828,traînée,1,1
15829,yoler,1,1
15830,butiner,1,1
15831,faucher,1,1
15832,bétonné,1,1
15833,moutonnement,1,1
15834,rabougri,1,1
15835,myrtille,1,1
15836,sat,1,1
15837,sommte,1,1
15838,ffhoto,1,1
15839,epater,1,1
15840,piton,1,1
15841,utopiste,1,1
15842,lemieux,1,1
15843,épissésl,1,1
15844,capeler,1,1
15845,épatamment,1,1
15846,earguent,1,1
15847,garcette,1,1
15848,approchera,1,1
15849,headquater,1,1
15850,malaise,1,1
15851,paradoxal,1,1
15852,yener,1,1
15853,fédérer,1,1
15854,concierge,1,1
15855,annuelle,1,1
15856,indisponibler,1,1
15857,mutilé,1,1
15858,torride,1,1
15859,avaht,1,1
15860,roulis,1,1
15861,amoncellement,1,1
15862,clairsemé,1,1
15863,barré,1,1
15864,juriste,1,1
15865,fameu,1,1
15866,limpidité,1,1
15867,atmosphèie,1,1
15868,lazariste,1,1
15869,catholicisme,1,1
15870,salem,1,1
15871,frousse,1,1
15872,opnï,1,1
15873,ocuu,1,1
15874,froide,1,1
15875,dente,1,1
15876,descriptif,1,1
15877,hâteront,1,1
15878,tie,1,1
15879,ftfoftloe,1,1
15880,ftuxordb,1,1
15881,eîer,1,1
15882,forgé,1,1
15883,gofidet,1,1
15884,aecesaoiÿé,1,1
15885,plu,1,1
15886,masseur,1,1
15887,ladouë,1,1
15888,fzofl,1,1
15889,boit,1,1
15890,kautomotule,1,1
15891,îrànco,1,1
15892,xvhi,1,1
15893,falqty,1,1
15894,sérigaéet,1,1
15895,arenae,1,1
15896,oarg,1,1
15897,jalon,1,1
15898,ardez,1,1
15899,ésoler,1,1
15900,pdur,1,1
15901,savoureu,1,1
15902,pate,1,1
15903,lun,1,1
15904,phiuppeville,1,1
15905,donjjon,1,1
15906,rrindille,1,1
15907,tiqu,1,1
15908,lue,1,1
15909,apostolatus,1,1
15910,etonnée,1,1
15911,retravailler,1,1
15912,iiniiii,1,1
15913,polytechnicien,1,1
15914,ergoter,1,1
15915,déplaise,1,1
15916,aventureuse,1,1
15917,loisible,1,1
15918,embroussaillée,1,1
15919,castillan,1,1
15920,amont,1,1
15921,smala,1,1
15922,oasis,1,1
15923,vanter,1,1
15924,iiiiiiiiiiiiitliiiiiiiiiiiiiibiiiiiiiiiiiiiiiiiiibhiiillllllillllllllllllillllilililliilillllliiiiiiiiiiiiiiiiiiiiiiilililliiiiiiiiihiiiiiiiiilllllim,1,1
15925,fastueux,1,1
15926,armorié,1,1
15927,cristallin,1,1
15928,bâille,1,1
15929,boudeur,1,1
15930,fronde,1,1
15931,choucas,1,1
15932,empanacher,1,1
15933,insipide,1,1
15934,conjecture,1,1
15935,fusiller,1,1
15936,parcheminer,1,1
15937,avidité,1,1
15938,démesuré,1,1
15939,gur,1,1
15940,machiavélique,1,1
15941,illico,1,1
15942,abdomen,1,1
15943,déjeuné,1,1
15944,rron,1,1
15945,accourrai,1,1
15946,dispos,1,1
15947,volubile,1,1
15948,acquiescement,1,1
15949,souffla,1,1
15950,fliuiiiiuiiiiiiiiiiiiiiiiiiiiiiiiiiiiiiiiiiiiiiiiiiiiiiiiiiiiiiimiiiiiiiiiiiiiiiiiiiiiiiiiiiiiitiiiimiiiiiiiimiimiiiiiiiitiiiiiiiiimiiiiiiii,1,1
15951,gâche,1,1
15952,féconder,1,1
15953,retrouve,1,1
15954,arbitraire,1,1
15955,spéculation,1,1
15956,ressaisir,1,1
15957,indéfinier,1,1
15958,corporal,1,1
15959,passivité,1,1
15960,iiiifiiiiiiiiiiniiiiiiiiiiiiiiiiiiniiiiiiiiiiiiiiiiiiiiiiiiiiiiiiiiiiiiiiiiiiiiiiiiiiiiiiiiiiiiiiiiiiiiiiimiiiiniiiiiiiiiiiiiiiiiiiiiiiiiiiiiiiiiii,1,1
15961,approximative,1,1
15962,encoch,1,1
15963,effiler,1,1
15964,aini,1,1
15965,desserre,1,1
15966,frictionne,1,1
15967,iiiiitiiitiiiiiiiiiiiipiiitiiiiiiiiiiiiiiiiiiiiiiiiiiiiiiiiiiiiiiiiiiiiiiiiiiiiiiiiiiiiiiiiiiiiiiimiiiiiiiiiiiiiiiiiiiiiiiiiitiiuiiiiiiiiiiiiiiiiiiir,1,1
15968,polychromie,1,1
15969,processionnellement,1,1
15970,sentie,1,1
15971,contente,1,1
15972,dsstrict,1,1
15973,sall,1,1
15974,cacahouète,1,1
15975,propagand,1,1
15976,atrocement,1,1
15977,niqueetdu,1,1
15978,affermie,1,1
15979,collecte,1,1
15980,enthousiaster,1,1
15981,verla,1,1
15982,acta,1,1
15983,réunionne,1,1
15984,trict,1,1
15985,anticipé,1,1
15986,fiancée,1,1
15987,poilroux,1,1
15988,âdsïm,1,1
15989,kloi,1,1
15990,rurwmi,1,1
15991,bourdin,1,1
15992,ipilllliiilillllllllllillilililllllllliliuuiiiiiiihillllllllllllllllllliiiiiiiiiiiiiiiiiih,1,1
15993,cartonaé,1,1
15994,tave,1,1
15995,eeance,1,1
15996,leh,1,1
15997,phègne,1,1
15998,rnpide,1,1
15999,octave,1,1
16000,hallebarde,1,1
16001,tuyauter,1,1
16002,casquer,1,1
16003,romaine,1,1
16004,sedia,1,1
16005,obédience,1,1
16006,suit,1,1
16007,bientot,1,1
16008,déraciner,1,1
16009,balafrer,1,1
16010,bondissant,1,1
16011,torrentueux,1,1
16012,impétuosité,1,1
16013,ruissèau,1,1
16014,transparence,1,1
16015,ruisselet,1,1
16016,barreront,1,1
16017,seyler,1,1
16018,nécer,1,1
16019,saire,1,1
16020,ura,1,1
16021,mitoyen,1,1
16022,poussion,1,1
16023,retardé,1,1
16024,déchiqueter,1,1
16025,agoniser,1,1
16026,sinueux,1,1
16027,feudlée,1,1
16028,exhausser,1,1
16029,tortueuse,1,1
16030,tempérer,1,1
16031,escapade,1,1
16032,vaient,1,1
16033,bouillonnant,1,1
16034,versant,1,1
16035,excursionnist,1,1
16036,éloignât,1,1
16037,squelettique,1,1
16038,ascensionniste,1,1
16039,malencontreux,1,1
16040,morfondre,1,1
16041,éponger,1,1
16042,congestionnée,1,1
16043,rattrapon,1,1
16044,tarrha,1,1
16045,balafré,1,1
16046,deçà,1,1
16047,conspirateur,1,1
16048,mûrissant,1,1
16049,foudroyante,1,1
16050,épitaphe,1,1
16051,alpestre,1,1
16052,gentille,1,1
16053,chèvr,1,1
16054,mangea,1,1
16055,pleutre,1,1
16056,bravade,1,1
16057,hamadryade,1,1
16058,dirigea,1,1
16059,irréel,1,1
16060,guenille,1,1
16061,morgue,1,1
16062,aiguillonnée,1,1
16063,indompter,1,1
16064,pastour,1,1
16065,bredouiller,1,1
16066,droitement,1,1
16067,coudée,1,1
16068,tanel,1,1
16069,lloi,1,1
16070,textuel,1,1
16071,banderole,1,1
16072,armoirie,1,1
16073,seç,1,1
16074,priât,1,1
16075,moiteur,1,1
16076,repo,1,1
16077,thode,1,1
16078,désabusé,1,1
16079,relâchement,1,1
16080,paum,1,1
16081,aubade,1,1
16082,fivec,1,1
16083,méttod,1,1
16084,pbnûanr,1,1
16085,sajou,1,1
16086,eatt,1,1
16087,otl,1,1
16088,cunustn,1,1
16089,asphyxié,1,1
16090,mucosité,1,1
16091,disserté,1,1
16092,pseudonyme,1,1
16093,étaien,1,1
16094,parvenue,1,1
16095,fromageau,1,1
16096,vatican,1,1
16097,onfiant,1,1
16098,dégarnir,1,1
16099,désemplir,1,1
16100,bagheera,1,1
16101,saremarquabl,1,1
16102,résidencè,1,1
16103,teu,1,1
16104,trèt,1,1
16105,embellir,1,1
16106,frise,1,1
16107,iournau,1,1
16108,interess,1,1
16109,oour,1,1
16110,janrier,1,1
16111,etrenne,1,1
16112,curer,1,1
16113,vilu,1,1
16114,polychromer,1,1
16115,garant,1,1
16116,noméroi,1,1
16117,directenr,1,1
16118,tamedit,1,1
16119,luchon,1,1
16120,dépité,1,1
16121,pastoureau,1,1
16122,implorant,1,1
16123,repaître,1,1
16124,tournoiement,1,1
16125,nuuiiiiiiiiiiiiiuiiuiiiiiiiiiiiiiiiiiiiimiiiiiiibiiiiiiiiiiiiiiiiiiiiiiiiiiiiiiiiiiiiiiiiiiiiiiiiiiimiiiiiiiiiiiiiiiifiiiiiiiiiiiiiiiiiifno,1,1
16126,apercevoirfle,1,1
16127,vajl,1,1
16128,insomnie,1,1
16129,ampant,1,1
16130,enveloppa,1,1
16131,torpeur,1,1
16132,hébété,1,1
16133,palpa,1,1
16134,terroriser,1,1
16135,bouc,1,1
16136,nausée,1,1
16137,ricochet,1,1
16138,penaude,1,1
16139,dussè,1,1
16140,démarcation,1,1
16141,chétive,1,1
16142,devra,1,1
16143,indéfini,1,1
16144,progiè,1,1
16145,influencent,1,1
16146,jgeorge,1,1
16147,dirimé,1,1
16148,syndical,1,1
16149,usme,1,1
16150,allocation,1,1
16151,iiiiiiiiiiimiiiitiiiiiiiiiiiiiiiiiiiiiiiiiiiiiiiiiiiiiiiiiiiiiiiihiiiiiiiiiiiiiiimiiiiiihiiiiiiiiimiiiiiimiiiiiiimiiiiummniiiiiiiiir,1,1
16152,communisme,1,1
16153,trahisse,1,1
16154,iiiiiiiiiiiimiiiiiiiiiiiiiiiiiiiiiiiiiiiiiiiiiiiuiuiiiiiiiiiiiiiihiiiiiiiiiiiiiiiiiiiiiiiiiiiiiiiiiiiiiiiiiiiiiiiiuiiiiiiiiiiiiiiniiuiiiiuiin,1,1
16155,àero,1,1
16156,montj,1,1
16157,tientî,1,1
16158,détaché,1,1
16159,désolant,1,1
16160,targui,1,1
16161,juîleville,1,1
16162,iiiiiuiiiiiiiiiiiiiiiiiiiiiiiiiiiiiiiiiiiiiiiiiiiuiiiiiiiiiiiiiiiiiiiiiiiiiiiiiiiiiiiiiiiiiiiuiiiiiiiiiiiiiiiiiiuiiimiiiiiiiiiiiiuuhiiihnm,1,1
16163,initiateur,1,1
16164,fondatrice,1,1
16165,pleinjusqu,1,1
16166,deuxtra,1,1
16167,poissonnerie,1,1
16168,enguirland,1,1
16169,vitrée,1,1
16170,affubler,1,1
16171,mousqu,1,1
16172,cove,1,1
16173,bpua,1,1
16174,charmeur,1,1
16175,hidalgo,1,1
16176,mandataire,1,1
16177,citrouille,1,1
16178,interpellation,1,1
16179,oblat,1,1
16180,nard,1,1
16181,cjo,1,1
16182,dot,1,1
16183,riception,1,1
16184,vouvrir,1,1
16185,arnwkuntîttxi,1,1
16186,attto,1,1
16187,itallé,1,1
16188,sévigné,1,1
16189,iiiminaiinninïïmtmaiiittiiiiiuimiiiiiimiiiiiiiiiiiiiiiiiiuihiuiiiiiiiiinmiiiiiiiiiiiiiiiiiiiiiiiiiniiiiniiiiiiiiiiiiiiiiiiiiiiini,1,1
16190,fluer,1,1
16191,etage,1,1
16192,rez,1,1
16193,secourant,1,1
16194,totémiser,1,1
16195,bizarrerie,1,1
16196,transi,1,1
16197,dioit,1,1
16198,faisait,1,1
16199,sop,1,1
16200,apothicaire,1,1
16201,clystère,1,1
16202,dentiste,1,1
16203,contrebande,1,1
16204,dénonciation,1,1
16205,confortabl,1,1
16206,manet,1,1
16207,appréhension,1,1
16208,iiiiiiiiiiiiiiiiiiiiiiiiiiiiiiiiiiiiiiiiiiillilllmiiiiitliiiiiiiiiiiiiiiiiihiiiiitliiiiiüiiiiiiiiill,1,1
16209,surmenage,1,1
16210,excelsior,1,1
16211,abyssin,1,1
16212,copte,1,1
16213,mémoir,1,1
16214,priseur,1,1
16215,lettré,1,1
16216,ostracisme,1,1
16217,sourciller,1,1
16218,venin,1,1
16219,derniei,1,1
16220,scripturer,1,1
16221,ethiopien,1,1
16222,lécheront,1,1
16223,rallonger,1,1
16224,chandeleur,1,1
16225,gatte,1,1
16226,jatte,1,1
16227,picotin,1,1
16228,glaçon,1,1
16229,dissuader,1,1
16230,blagueur,1,1
16231,chahuteur,1,1
16232,iiviiiiiiiiiiiiiiiiiiiiiiiiiiiiiiiiiiiiiiuiiiiiiiiiimlillllllllllllllllllllllllllllllllllllllllllllllllllllillllllllllllllllllllllllillimllllllllil,1,1
16233,rou,1,1
16234,malloti,1,1
16235,rablement,1,1
16236,fangeu,1,1
16237,pouilleux,1,1
16238,démanteler,1,1
16239,dentelée,1,1
16240,clapier,1,1
16241,taudis,1,1
16242,concitoyen,1,1
16243,ingénia,1,1
16244,scorie,1,1
16245,bouillabaisse,1,1
16246,inconsistant,1,1
16247,mugissait,1,1
16248,impavidum,1,1
16249,jcrier,1,1
16250,ruina,1,1
16251,pis,1,1
16252,probabilité,1,1
16253,prétentieux,1,1
16254,anticiper,1,1
16255,encyclique,1,1
16256,scourt,1,1
16257,paque,1,1
16258,iîe,1,1
16259,corse,1,1
16260,nel,1,1
16261,réclamatier,1,1
16262,redaction,1,1
16263,sitsse,1,1
16264,niiiiimiiiiiiimiimiihiniiiiiiimiiiiiiiiiiimniiiiiiiimiiiiiiiiiiiiiiimiiiiiiiiiiiiiiiiiiiiiiimiiiiiiiiiiiimiimiiiiiiiiiiiiimn,1,1
16265,groupage,1,1
16266,métré,1,1
16267,béat,1,1
16268,scoutent,1,1
16269,conciliabule,1,1
16270,rétif,1,1
16271,caousou,1,1
16272,dalbade,1,1
16273,demesle,1,1
16274,pria,1,1
16275,dcnner,1,1
16276,justifient,1,1
16277,gui,1,1
16278,cantal,1,1
16279,samaritaine,1,1
16280,couturier,1,1
16281,gastineau,1,1
16282,cier,1,1
16283,gambetta,1,1
16284,orfèvr,1,1
16285,maroq,1,1
16286,éventailliste,1,1
16287,verr,1,1
16288,rateau,1,1
16289,balença,1,1
16290,charbonneau,1,1
16291,fourn,1,1
16292,manchelle,1,1
16293,const,1,1
16294,métall,1,1
16295,waramda,1,1
16296,déchu,1,1
16297,trouverai,1,1
16298,opprimer,1,1
16299,rancœur,1,1
16300,décadence,1,1
16301,bleux,1,1
16302,argenteuil,1,1
16303,duval,1,1
16304,assomptioniste,1,1
16305,latent,1,1
16306,panoplie,1,1
16307,réchauffante,1,1
16308,teeomua,1,1
16309,pælgmji,1,1
16310,parî,1,1
16311,liiie,1,1
16312,esterai,1,1
16313,sasfe,1,1
16314,ahonntmenl,1,1
16315,pssüenl,1,1
16316,choque,1,1
16317,rédactiaa,1,1
16318,pujne,1,1
16319,eest,1,1
16320,timbra,1,1
16321,sseise,1,1
16322,fseser,1,1
16323,éral,1,1
16324,édo,1,1
16325,sacré,1,1
16326,ater,1,1
16327,suède,1,1
16328,fernand,1,1
16329,animaüîtsauvager,1,1
16330,annam,1,1
16331,vure,1,1
16332,iebustrer,1,1
16333,routeur,1,1
16334,éoét,1,1
16335,eüs,1,1
16336,eoc,1,1
16337,mrdurgg,1,1
16338,ôùr,1,1
16339,nniiifiiiiiiiiiiiiiiiiiiiiihiiiiiiiiniiiiiiiiiiiiniiiiiiiiiiiiiiiiiiiiiiiiiiiiiiiitiiiiiiiiiiiiniiimiitimiiittmitiffninnmiifinhitn,1,1
16340,aveuglette,1,1
16341,enfreindre,1,1
16342,excusable,1,1
16343,spadassin,1,1
16344,médire,1,1
16345,dissipé,1,1
16346,aiguillage,1,1
16347,licou,1,1
16348,fougueu,1,1
16349,bernique,1,1
16350,détaler,1,1
16351,escamillo,1,1
16352,engourdissement,1,1
16353,torlésienn,1,1
16354,régla,1,1
16355,rétrograder,1,1
16356,chambellan,1,1
16357,mnintmimiiiiibiiitiiiiiiiiiiiiiiiiiiiiiiiiiiiiiiiiiiiiiiiiiiiiiiiiiiiiiisiiiiiiiiiiiiiiiiiiiiiiiiiiiiiimiiiiiiiiiiini,1,1
16358,chado,1,1
16359,flagrant,1,1
16360,délit,1,1
16361,diplomatie,1,1
16362,aliéner,1,1
16363,palefrenier,1,1
16364,souffrante,1,1
16365,chamarrer,1,1
16366,fustiger,1,1
16367,placide,1,1
16368,notair,1,1
16369,mathé,1,1
16370,matique,1,1
16371,mousquetaire,1,1
16372,blocus,1,1
16373,arpent,1,1
16374,voltaire,1,1
16375,idyllique,1,1
16376,inimaginable,1,1
16377,mettantà,1,1
16378,malouine,1,1
16379,rétrocéda,1,1
16380,cession,1,1
16381,salaison,1,1
16382,scorbut,1,1
16383,décime,1,1
16384,boudeuse,1,1
16385,eclairant,1,1
16386,gloutonnement,1,1
16387,consentit,1,1
16388,ëden,1,1
16389,humanisèrent,1,1
16390,comblé,1,1
16391,confiner,1,1
16392,tracasser,1,1
16393,yère,1,1
16394,cer,1,1
16395,frasque,1,1
16396,collé,1,1
16397,orteil,1,1
16398,elever,1,1
16399,penserà,1,1
16400,hardiess,1,1
16401,abasourdir,1,1
16402,poch,1,1
16403,grever,1,1
16404,déficit,1,1
16405,feston,1,1
16406,noyade,1,1
16407,bit,1,1
16408,dynamite,1,1
16409,stoïquement,1,1
16410,réprimander,1,1
16411,installé,1,1
16412,provient,1,1
16413,adre,1,1
16414,reprend,1,1
16415,assist,1,1
16416,biiiiiiiiiiiiiiiiiiiiiiiiiiiiiiiiiiiiiiiiiiiiiiiiiiiiiiiiiiiiiitiiiiiiitiiiiiiiiiiiiiiiiiiiiiiifiiiiiiiitiiiiiiiitiiiiiiiiimimiiiiiiiiimtinans,1,1
16417,imnutie,1,1
16418,citée,1,1
16419,chantourner,1,1
16420,transformée,1,1
16421,boiserie,1,1
16422,quatorzième,1,1
16423,achèvement,1,1
16424,mageau,1,1
16425,résident,1,1
16426,flamba,1,1
16427,rabel,1,1
16428,pontificalement,1,1
16429,prédication,1,1
16430,carbone,1,1
16431,fissure,1,1
16432,logeur,1,1
16433,marmandai,1,1
16434,agenais,1,1
16435,jrenard,1,1
16436,supersensationnel,1,1
16437,etgoyon,1,1
16438,ttul,1,1
16439,teiz,1,1
16440,biotimat,1,1
16441,épreuv,1,1
16442,inalt,1,1
16443,bloceuo,1,1
16444,gaalight,1,1
16445,cvcncnieiit,1,1
16446,iormiflalile,1,1
16447,perplexité,1,1
16448,érudit,1,1
16449,pampoldarisation,1,1
16450,iiiiiiiiiiiiiiiiiiiiiiiiiniiiiiiiiitiiiiiiiiiiiiiiiiiiiiiiiiiiiiiiiiiiiiiiiiiiiiiiiiiiiiiiiiiiiiiiiiiiiiiiiiiiiiiiiiiiiiiiiiiiiiiiiiiiiiiniiiiiiiiiiii,1,1
16451,intégrité,1,1
16452,pathologie,1,1
16453,adroitement,1,1
16454,logiquement,1,1
16455,dénouer,1,1
16456,prépondérer,1,1
16457,hydrographie,1,1
16458,géologie,1,1
16459,kèclëment,1,1
16460,mande,1,1
16461,aiiiiiiiiiiiiiiiiiiiiiiiiiiiiiiiiiiiitiiiiiiiiiiiiiiiiiiiiiiiiiiiiiiiiiiiiiiiiiiiiiiiihiiiiiiiiiiiiimiiiiiiiiiiiiiiiiiiiiimiiiiiiiiiiiiiiiiiimn,1,1
16462,séquestration,1,1
16463,lence,1,1
16464,truche,1,1
16465,échine,1,1
16466,aboyez,1,1
16467,escarcelle,1,1
16468,genèse,1,1
16469,ànotr,1,1
16470,platoniquemer,1,1
16471,hhinmiimiiiiiimiiinimiiiiimiiiuiiiimiimiiihmmimiiiiimiinmiiiiiiiiinmiihimmimiimimiiinmiimiiimiiiiiiii,1,1
16472,imbroglio,1,1
16473,vertueux,1,1
16474,évidence,1,1
16475,chassât,1,1
16476,parcimonieux,1,1
16477,courbaturé,1,1
16478,évapora,1,1
16479,bélier,1,1
16480,echerche,1,1
16481,charo,1,1
16482,dessa,1,1
16483,bourdette,1,1
16484,pradère,1,1
16485,estiver,1,1
16486,cner,1,1
16487,netto,1,1
16488,giasse,1,1
16489,reparai,1,1
16490,perezoso,1,1
16491,dio,1,1
16492,bougonner,1,1
16493,entretuer,1,1
16494,creo,1,1
16495,sopa,1,1
16496,carrier,1,1
16497,alto,1,1
16498,ahi,1,1
16499,bueno,1,1
16500,vki,1,1
16501,trottiner,1,1
16502,brebi,1,1
16503,chercha,1,1
16504,plausible,1,1
16505,rassénéré,1,1
16506,sevré,1,1
16507,baldaquin,1,1
16508,berg,1,1
16509,ers,1,1
16510,enrichie,1,1
16511,jeü,1,1
16512,anomalie,1,1
16513,chiffonnier,1,1
16514,khaki,1,1
16515,interrompt,1,1
16516,délicatemer,1,1
16517,microscopique,1,1
16518,feuillette,1,1
16519,omo,1,1
16520,iiiiiiviiiiiiiiittiiiiiiiiiiiiiiiiiiiiiiiiiiiiiiiiiiiiiiiiiiiitiiiiiiiiiiiiiiiiiiiiiiiiiiiiiiiiiiiiiiiiiiiiiiiiiiiiiiitiiiiiiiiiiiiiiiiiiiiiiiiiiiiiiiii,1,1
16521,obture,1,1
16522,inclure,1,1
16523,hypertrophie,1,1
16524,panacher,1,1
16525,réglure,1,1
16526,blanchisseus,1,1
16527,brouillon,1,1
16528,quadrillée,1,1
16529,tenaill,1,1
16530,parenté,1,1
16531,satisfai,1,1
16532,remanier,1,1
16533,récrire,1,1
16534,dépotoir,1,1
16535,faillible,1,1
16536,intéressante,1,1
16537,transportable,1,1
16538,utilise,1,1
16539,désencombrement,1,1
16540,pécumer,1,1
16541,pellicufe,1,1
16542,iiiiiiiiiiimiiiiiiiiiiiiiimiiiiiiimiiiiiiiiiiiiiiiiiimiiiiiiniiiiimmimiiiiiiiiiimiiimiiiimmiiiiiiiiiiiiiiiiiiimiiiiimmiiiiiir,1,1
16543,iiiiiiiiiiiiiiiikiiiiiiiiiiiiiitiiiiiiii,1,1
16544,pendantdixjour,1,1
16545,pyrèthre,1,1
16546,filtrer,1,1
16547,salicylate,1,1
16548,méthyle,1,1
16549,vaporiser,1,1
16550,ressemelage,1,1
16551,pourquié,1,1
16552,tondre,1,1
16553,immatriculée,1,1
16554,droguerie,1,1
16555,tmutirirriiiiiiiiiiiiiiiiiiiiiiiiiiiiiititiiiiiiiiiiiiiiiiiiiiiiiiiiiiiiiiiiiiiiiiiiiiiiiiiiiisiiiiiiiiiiiiiiiiiiiiiiiiiiiiiiiiiiiiiiiiiiiiiiiiiiiiimiiiiiiiiiiiiiiiiiiiiiiiiiiiiiiiiiiiiiiiiiiuuiiiiiiiiiiiiiiiifiiiiiiiiiiiiimiiiiuikiiiiiiiiiiiih,1,1
16556,algerie,1,1
16557,charg,1,1
16558,passëger,1,1
16559,gavarni,1,1
16560,pelerinag,1,1
16561,prévention,1,1
16562,iiiiütimimiiiiiiiiiiiiniiiiiiiiiiiiiiiiiimiiihiiiiiiiiiiiiiimmiiimiiiiihiiiiiiiiiiimiiiiiiiiiiiiiiiiiimiiiiiiiiiiiiiiiiiiiiiiiiiiiiiiii,1,1
16563,fray,1,1
16564,muron,1,1
16565,manuelht,1,1
16566,bellenger,1,1
16567,assista,1,1
16568,obernai,1,1
16569,pavois,1,1
16570,jiuméro,1,1
16571,rajouter,1,1
16572,bancaire,1,1
16573,intronisation,1,1
16574,narghilé,1,1
16575,chirwàl,1,1
16576,tripolitain,1,1
16577,assourdissant,1,1
16578,découpent,1,1
16579,colore,1,1
16580,protocole,1,1
16581,documentée,1,1
16582,arrosage,1,1
16583,monocle,1,1
16584,domoi,1,1
16585,toupe,1,1
16586,darieux,1,1
16587,cei,1,1
16588,ftsars,1,1
16589,ifilustréc,1,1
16590,bdomadaihe,1,1
16591,latge,1,1
16592,présenlaiion,1,1
16593,iiimiiiimimmiiiiiimimimmimiii,1,1
16594,souscrit,1,1
16595,rcutis,1,1
16596,élive,1,1
16597,kode,1,1
16598,affirmative,1,1
16599,fréquentation,1,1
16600,périmé,1,1
16601,tionné,1,1
16602,oet,1,1
16603,vene,1,1
16604,broohure,1,1
16605,ooupon,1,1
16606,oontre,1,1
16607,nino,1,1
16608,calice,1,1
16609,chandelier,1,1
16610,utlllti,1,1
16611,pauf,1,1
16612,neri,1,1
16613,àsjgbga,1,1
16614,sagsbx,1,1
16615,tgcéea,1,1
16616,iiiiiiiiiiiiiiiiiiiiiiuiiiiiniiiiiiiiiiiiiiiiiiiiiuiiiiiiiiiiiiiiiiitiiiiiiiiiiiiiiiiiiiiiiiiiiiiiiiiiiiiiiiiiiiiiiiiiiiiiiiiiiiiiiiiiiiiiiitiiiiiiit,1,1
16617,lajîloi,1,1
16618,défection,1,1
16619,mésaventure,1,1
16620,mécompte,1,1
16621,assortiment,1,1
16622,battoir,1,1
16623,ffure,1,1
16624,verroterie,1,1
16625,anormalement,1,1
16626,impitoyablement,1,1
16627,clémence,1,1
16628,bagde,1,1
16629,corver,1,1
16630,asservir,1,1
16631,suf,1,1
16632,firaier,1,1
16633,ironiquement,1,1
16634,desserte,1,1
16635,lustre,1,1
16636,affichage,1,1
16637,iiiiiiiiiiiiiimiiiiitiiiiiiiiiiiiiiiiiiiiiiihiiiiiiiiimtiiiiiiiiimiimimiijiiiiiiiiiiiiiire,1,1
16638,griège,1,1
16639,querolle,1,1
16640,monstrueux,1,1
16641,bolle,1,1
16642,embarcadère,1,1
16643,bobolle,1,1
16644,fourbir,1,1
16645,feuilletée,1,1
16646,spiral,1,1
16647,scoutmaîtnse,1,1
16648,rictus,1,1
16649,résor,1,1
16650,chaquepatrouille,1,1
16651,fébrilement,1,1
16652,insoupçonner,1,1
16653,hourrah,1,1
16654,conversant,1,1
16655,quinzième,1,1
16656,ébouriffé,1,1
16657,hululement,1,1
16658,oppresser,1,1
16659,embrouillé,1,1
16660,ombrageaient,1,1
16661,gambader,1,1
16662,hut,1,1
16663,recompte,1,1
16664,aviv,1,1
16665,haletante,1,1
16666,regardent,1,1
16667,équarrie,1,1
16668,auréoler,1,1
16669,moustic,1,1
16670,futile,1,1
16671,croquant,1,1
16672,iiiiiiiiiiiiiiiiiiiiiiiiiiiiiiiuiiiuiiiiiiiiiiiiiiiiiiiiiiiiiiiiiiiiiiiiiiiiiiiiiiiiiiiiiiiiiiiiiiiiiiiiiiiiiiiiiiiiiiiiiiiiiiiihiiiiiimiimiiiiii,1,1
16673,éventualité,1,1
16674,phono,1,1
16675,bientôtune,1,1
16676,sen,1,1
16677,râbler,1,1
16678,equilibre,1,1
16679,physiologique,1,1
16680,moyennement,1,1
16681,circonspect,1,1
16682,potentiel,1,1
16683,archéologie,1,1
16684,vagabonder,1,1
16685,guerie,1,1
16686,hilare,1,1
16687,pétillante,1,1
16688,prospecteur,1,1
16689,mii,1,1
16690,appointer,1,1
16691,désagrément,1,1
16692,sobriété,1,1
16693,sentimentalité,1,1
16694,flegme,1,1
16695,appartiennent,1,1
16696,rivalité,1,1
16697,spahi,1,1
16698,boutiquier,1,1
16699,iimiiiiiiimmiiimimiiiiiiimmiiiiimiiiiiiiiiiiimimiiimiiiimmmiimiiiiümimiimmmmiiiiiimiiimiiiiiinmiiiiih,1,1
16700,distanter,1,1
16701,jute,1,1
16702,fendu,1,1
16703,nouera,1,1
16704,rosette,1,1
16705,incurver,1,1
16706,sécheront,1,1
16707,plioto,1,1
16708,décroître,1,1
16709,hurter,1,1
16710,orthochromatique,1,1
16711,luminosité,1,1
16712,emulsion,1,1
16713,surexposer,1,1
16714,rate,1,1
16715,posemètre,1,1
16716,avantagé,1,1
16717,rateur,1,1
16718,contrejour,1,1
16719,jjîein,1,1
16720,bénigne,1,1
16721,soigne,1,1
16722,savonnée,1,1
16723,anfractueuser,1,1
16724,tousseur,1,1
16725,invétérer,1,1
16726,rhumatisant,1,1
16727,lobule,1,1
16728,glande,1,1
16729,gargarisme,1,1
16730,antiseptique,1,1
16731,diphtérie,1,1
16732,scarlatine,1,1
16733,articulaire,1,1
16734,fébrile,1,1
16735,migraineux,1,1
16736,préventif,1,1
16737,constiper,1,1
16738,bismuth,1,1
16739,élixir,1,1
16740,potion,1,1
16741,palpation,1,1
16742,tenaillé,1,1
16743,cloque,1,1
16744,bulbe,1,1
16745,dédoubler,1,1
16746,épiderm,1,1
16747,goménolé,1,1
16748,ambrine,1,1
16749,entame,1,1
16750,violacer,1,1
16751,centrer,1,1
16752,abortif,1,1
16753,iodé,1,1
16754,contaminer,1,1
16755,carder,1,1
16756,adhésif,1,1
16757,ucoiiteé,1,1
16758,acolytant,1,1
16759,grêleux,1,1
16760,vendangeur,1,1
16761,iiiiinihhhhniiiiiiiimiiiiimimiiiiiiimimimiiihiiiimihmiiiiiiiimiiiiiiiiiiiiiiiuimiiiiiiiiiiiiiiiiiiimiimtimmiiitmm,1,1
16762,pjar,1,1
16763,jioioi,1,1
16764,jouom,1,1
16765,désimperméabilisent,1,1
16766,carthage,1,1
16767,centra,1,1
16768,liser,1,1
16769,annemasse,1,1
16770,iiiiiiiiiniimiimimiimiiiimiiiiiiiiiiiiiimiiimiiiiiiiiiiiiiiiiiimmmiiimiiiiiiiiiiiiimimiiiiiiiiiimmimiiiiiiiiimiiiitmi,1,1
16771,jfeu,1,1
16772,barette,1,1
16773,montenott,1,1
16774,naissante,1,1
16775,triumph,1,1
16776,fiancé,1,1
16777,blendecque,1,1
16778,lestat,1,1
16779,giiihimiiiiiiiiiiiiiiiiiiiiiiiiimiiiiiiuiiiiiiiiiiiuiiiiiiiiiiiihiiiiiiiiiiiiiiiiiiiiiiiiiiiiiiiiiiiiiiiiiiiiiiiiiiiiiii,1,1
16780,disquer,1,1
16781,ftap,1,1
16782,loms,1,1
16783,ierbe,1,1
16784,feanc,1,1
16785,scobt,1,1
16786,palefroi,1,1
16787,doublant,1,1
16788,effaroucher,1,1
16789,griser,1,1
16790,cabra,1,1
16791,esbaudir,1,1
16792,rotin,1,1
16793,ventripotente,1,1
16794,bourgeonnée,1,1
16795,mignard,1,1
16796,martin,1,1
16797,banneret,1,1
16798,amenuisa,1,1
16799,orna,1,1
16800,lança,1,1
16801,sécha,1,1
16802,damoiseal,1,1
16803,séant,1,1
16804,iiiiiiiiiiiiiiimiiiiiiiiiiiuiiiiimimiiiiiiimiiiiiiiiiiiiiiiimiiiiiiiiiiiiiimiiiiiitiiiiiiiiiiiiiiiiimimuiiiiiiiiiimiiiiiiitiiiiiin,1,1
16805,geébkiait,1,1
16806,reculé,1,1
16807,défricheur,1,1
16808,peuplé,1,1
16809,boxérisme,1,1
16810,becquée,1,1
16811,blanchi,1,1
16812,gémissante,1,1
16813,riki,1,1
16814,coco,1,1
16815,lente,1,1
16816,fascinateur,1,1
16817,engeance,1,1
16818,grommelafle,1,1
16819,bandar,1,1
16820,sing,1,1
16821,cocotier,1,1
16822,mangerèz,1,1
16823,tavi,1,1
16824,muuuuumummummuu,1,1
16825,symbolisme,1,1
16826,angulaire,1,1
16827,leviîle,1,1
16828,chapiteau,1,1
16829,perse,1,1
16830,juvénd,1,1
16831,chape,1,1
16832,antienne,1,1
16833,suavité,1,1
16834,souda,1,1
16835,biiiiiiiiiiilllllllhllllllilllllllllllllllilllllllllillilulllllllllllllllllllulllllimilulllllllllilllllliluluitlutliluiiiiiuiiiiiiiiiiiu,1,1
16836,torlà,1,1
16837,hoé,1,1
16838,devinèrent,1,1
16839,enthousiasmait,1,1
16840,accepjo,1,1
16841,ascendre,1,1
16842,négligeron,1,1
16843,adossèrent,1,1
16844,émotivité,1,1
16845,chardon,1,1
16846,retourna,1,1
16847,iimiiiiih,1,1
16848,haque,1,1
16849,allât,1,1
16850,séditieux,1,1
16851,nuitamment,1,1
16852,effaçât,1,1
16853,devanture,1,1
16854,sourde,1,1
16855,véhément,1,1
16856,rébarbatif,1,1
16857,évincer,1,1
16858,dagure,1,1
16859,séquestré,1,1
16860,dictature,1,1
16861,illégitime,1,1
16862,tllllllllllllllllllllllllllllllllllllllllllllllllllllllllllllllllllllllllllllllllllllllllllllllllllllllllillllllllllltllllltllllllllllllllllllllllllll,1,1
16863,imaginable,1,1
16864,explosif,1,1
16865,transpiré,1,1
16866,borgne,1,1
16867,akalor,1,1
16868,dilatable,1,1
16869,thermique,1,1
16870,accaparement,1,1
16871,mainmise,1,1
16872,saccager,1,1
16873,flairer,1,1
16874,tourment,1,1
16875,ballotter,1,1
16876,caisson,1,1
16877,déchirant,1,1
16878,innommable,1,1
16879,ensevelir,1,1
16880,atterrer,1,1
16881,exhala,1,1
16882,agenouillé,1,1
16883,iiiiiiiiiiiiiiiiiiiiiiiiiilliiiiiuiiiiitiiiii,1,1
16884,culot,1,1
16885,dissolver,1,1
16886,affectionné,1,1
16887,étreignirent,1,1
16888,exalta,1,1
16889,consortium,1,1
16890,carbu,1,1
16891,rant,1,1
16892,dollariser,1,1
16893,bouleversement,1,1
16894,sape,1,1
16895,panthéon,1,1
16896,limier,1,1
16897,veilla,1,1
16898,porphyre,1,1
16899,pierier,1,1
16900,torchère,1,1
16901,iilwâwv,1,1
16902,mxue,1,1
16903,cao,1,1
16904,ali,1,1
16905,înij,1,1
16906,franscout,1,1
16907,linotypiste,1,1
16908,typographe,1,1
16909,emboutissage,1,1
16910,ajusteur,1,1
16911,upe,1,1
16912,belen,1,1
16913,plénier,1,1
16914,paitout,1,1
16915,rantzau,1,1
16916,districude,1,1
16917,latgé,1,1
16918,utom,1,1
16919,obile,1,1
16920,romainière,1,1
16921,ussé,1,1
16922,itnp,1,1
16923,sâc,1,1
16924,chên,1,1
16925,caneter,1,1
16926,crépon,1,1
16927,lancette,1,1
16928,nitrate,1,1
16929,taffetas,1,1
16930,étamé,1,1
16931,bandoulièr,1,1
16932,sanglée,1,1
16933,éinii,1,1
16934,ste,1,1
16935,bùr,1,1
16936,ovorrialtme,1,1
16937,laù,1,1
16938,accoutumer,1,1
16939,bey,1,1
16940,réformer,1,1
16941,brusquer,1,1
16942,bureaucrate,1,1
16943,fossiliser,1,1
16944,magistrature,1,1
16945,doigté,1,1
16946,codifier,1,1
16947,illusionner,1,1
16948,stagiaire,1,1
16949,evangélisation,1,1
16950,prosaïque,1,1
16951,rabougrie,1,1
16952,recroqueviller,1,1
16953,vivoter,1,1
16954,servile,1,1
16955,trer,1,1
16956,implanter,1,1
16957,biennie,1,1
16958,oued,1,1
16959,blottie,1,1
16960,aufdémontage,1,1
16961,avouon,1,1
16962,raisonner,1,1
16963,maillon,1,1
16964,quun,1,1
16965,veilleuse,1,1
16966,entrave,1,1
16967,tun,1,1
16968,indiciblement,1,1
16969,filtré,1,1
16970,clarine,1,1
16971,tintèrent,1,1
16972,rythmé,1,1
16973,damasquiner,1,1
16974,manetto,1,1
16975,tatuero,1,1
16976,queso,1,1
16977,branler,1,1
16978,puent,1,1
16979,effleurer,1,1
16980,modéron,1,1
16981,ressentit,1,1
16982,créneler,1,1
16983,décontenancer,1,1
16984,iiimmimiiiiiiiiiiiiimmiiiiiiiiiiiiiiiiiiiiiiiiiiiiiiiimiiiitiiiiimiiiiiiiiiimiiiiiiiiiiiiimiiiiiiiimiiiitiiiiiimiiitmiitiiiiuii,1,1
16985,oubhe,1,1
16986,portillon,1,1
16987,défaillant,1,1
16988,épingler,1,1
16989,émeute,1,1
16990,fantasmagorie,1,1
16991,ordonnateur,1,1
16992,plaza,1,1
16993,lèse,1,1
16994,put,1,1
16995,disgrâce,1,1
16996,berner,1,1
16997,fyxtsn,1,1
16998,jpmirve,1,1
16999,isom,1,1
17000,vse,1,1
17001,ciar,1,1
17002,zta,1,1
17003,jjaib,1,1
17004,iiiinimniniiinumiiiiiuiiiiniiiiiiiiiiuiiiiiiiiiiiiiimiiiiiiiniiihnmiiiiiiiiiiiiiiiiiiiiiiiiiiiiiimiiiiiiiiiiiiiiiiiiimiiiiiiiiiiiiiiiiiiiiiiiiiiiiiiiiiiiiiiiiiiiiiiiiiiiiiiiiiiiiiiiiiiiiiiiiiiiiiiiiiiiiiiiiiiiiiiiiiiiiiiiiiiiiiiiiiiiiniiiiiiiiiiiiiiiiik,1,1
17005,seychelle,1,1
17006,libéral,1,1
17007,idéologie,1,1
17008,intimidation,1,1
17009,rassembleur,1,1
17010,apanage,1,1
17011,méticuleusement,1,1
17012,flotta,1,1
17013,contrépaule,1,1
17014,afiiqu,1,1
17015,equ,1,1
17016,tonal,1,1
17017,enclave,1,1
17018,barie,1,1
17019,peville,1,1
17020,replanter,1,1
17021,veraie,1,1
17022,eden,1,1
17023,phosphate,1,1
17024,ressac,1,1
17025,nunc,1,1
17026,faidherbe,1,1
17027,chevillé,1,1
17028,prodigalement,1,1
17029,oppresseur,1,1
17030,gémissant,1,1
17031,germ,1,1
17032,choléra,1,1
17033,famine,1,1
17034,fanatisme,1,1
17035,provocant,1,1
17036,prôner,1,1
17037,prescrit,1,1
17038,primatial,1,1
17039,cupidité,1,1
17040,commeit,1,1
17041,ébrouer,1,1
17042,siffloter,1,1
17043,réjoui,1,1
17044,infuser,1,1
17045,déterroir,1,1
17046,empilerai,1,1
17047,filetée,1,1
17048,poreux,1,1
17049,classeur,1,1
17050,étiqueter,1,1
17051,primulacée,1,1
17052,primevère,1,1
17053,primula,1,1
17054,flor,1,1
17055,dant,1,1
17056,chapitrer,1,1
17057,chagriner,1,1
17058,insolite,1,1
17059,filière,1,1
17060,jdanton,1,1
17061,indéterminé,1,1
17062,consommateur,1,1
17063,chronomètre,1,1
17064,molaire,1,1
17065,sculptural,1,1
17066,plain,1,1
17067,uber,1,1
17068,dédire,1,1
17069,chromo,1,1
17070,manipulateur,1,1
17071,omment,1,1
17072,meilleuie,1,1
17073,retoucher,1,1
17074,casl,1,1
17075,éclairant,1,1
17076,intercal,1,1
17077,diffuseur,1,1
17078,lamelle,1,1
17079,édicter,1,1
17080,photographiquement,1,1
17081,ortochromatique,1,1
17082,jauni,1,1
17083,laboratoir,1,1
17084,iiiiiiiiiiiiiiiiiiiiiimiiiiiiiiiiiiiiiiiiiiiiiiiiiiiiiiiiiiiiimiiiiiiiiiiiiihiniiiiiiiiiiiiiiiiiiiiiiiiihiiiiiiiiitiiiiiiiiiiiisiiiiiiiiiiiimh,1,1
17085,surplus,1,1
17086,vuolsi,1,1
17087,cosi,1,1
17088,cola,1,1
17089,dove,1,1
17090,puote,1,1
17091,cio,1,1
17092,vuole,1,1
17093,dimandar,1,1
17094,bouillai,1,1
17095,esclandre,1,1
17096,indou,1,1
17097,aigl,1,1
17098,encoller,1,1
17099,spleen,1,1
17100,sarcasme,1,1
17101,léoi,1,1
17102,crapouillot,1,1
17103,iiiiiiiiiiimiiiimuiiiiniiniiimiimiiiitithiiiiiimimmtiimnmiiiiiiiiiiiiiiitiiiiiiiiiiimimiiiiimmmiiimmiiiiimtimi,1,1
17104,catéchise,1,1
17105,sermonner,1,1
17106,contracté,1,1
17107,ouaille,1,1
17108,viliet,1,1
17109,deîage,1,1
17110,unimiiiiiiiiiiiiiiiiiiiiiiiiiiiiiihuiiiiiiiimiiiiriiiiiiiiiiiiiihiiiiiiiiiiiiiiiniiiiiiiiiiiiiiiiiiiiiiiiiiiiiiiiiiiiiiiiiiiiiiiiiiiiiiiiiiiiiiuiiiiiiiiiiiiiiiiiiiiiiiiiiiiiiniiiiiiiiiiiiihiiiiiiiiiiiiiiiiiiiiiiiiiiiiiiiiiiiiiiiiiiiiiiiiiiiiiiu,1,1
17111,furt,1,1
17112,artich,1,1
17113,semeur,1,1
17114,haï,1,1
17115,croisièr,1,1
17116,ldackson,1,1
17117,laurentide,1,1
17118,phénoménal,1,1
17119,conformité,1,1
17120,quois,1,1
17121,buveur,1,1
17122,luiniiiiiiiiiiiuiiiiiiiiiiiiiiiiiiiiiiiiiiiiiiiiiiiiiiiuiiiiiiiiisiiiiiiiiuiiaiiiiiiiiiiiiiiiiiiiiiiiiiiiiiiiiiiiiiiiiiiiiuiiiiiiiiiiiiiiiiu,1,1
17123,moose,1,1
17124,vorignal,1,1
17125,camoufle,1,1
17126,répète,1,1
17127,embouch,1,1
17128,appeau,1,1
17129,évaporer,1,1
17130,chassez,1,1
17131,uiimiiiiimiimiiiiiiimimimmiisiiiiiihiimiiiimtmiiiiiinnihiiiiiiiituiinmiumiiimimmmmimmmiii,1,1
17132,babine,1,1
17133,victorieu,1,1
17134,crosscountry,1,1
17135,affûtée,1,1
17136,caribou,1,1
17137,empile,1,1
17138,flap,1,1
17139,enrober,1,1
17140,cade,1,1
17141,malaxer,1,1
17142,pilon,1,1
17143,égde,1,1
17144,boeuf,1,1
17145,grès,1,1
17146,affûter,1,1
17147,géhnotte,1,1
17148,mariner,1,1
17149,rassir,1,1
17150,jaour,1,1
17151,arrosant,1,1
17152,enlevez,1,1
17153,entrailles,1,1
17154,paver,1,1
17155,fayot,1,1
17156,iiiiiimmiiiiiiiiiiiiiiiimmiiiiimiiiiiiiimiiniiimiiiimimiiimiimiiiiiiimiiiiiiiiiiiniiiiiuiiiiiiitiiiiiiiimimiimiiini,1,1
17157,signent,1,1
17158,abenaki,1,1
17159,animosité,1,1
17160,éterniser,1,1
17161,admire,1,1
17162,cyniquement,1,1
17163,algonquine,1,1
17164,illinoi,1,1
17165,enfumé,1,1
17166,énuméra,1,1
17167,hist,1,1
17168,aiuiiiiiiuiiuiimiiiiiiiimiiiiiiiiiiiiiimiiiiiiiiiiiiiiiiiiiiiiiiiiiiimiiiiiiiiiiiiiiiiiiiiiiiiiiiiuiiiiiiniuiiiihimiiiiiuuiniiœt,1,1
17169,sauvagerie,1,1
17170,îei,1,1
17171,apache,1,1
17172,pist,1,1
17173,rêv,1,1
17174,péjoratif,1,1
17175,fleure,1,1
17176,terroir,1,1
17177,chenil,1,1
17178,alaskain,1,1
17179,musher,1,1
17180,aboyer,1,1
17181,givre,1,1
17182,étincèlante,1,1
17183,yorignal,1,1
17184,sanscrit,1,1
17185,pékan,1,1
17186,épidémie,1,1
17187,gente,1,1
17188,impunément,1,1
17189,épagneul,1,1
17190,whoa,1,1
17191,ançai,1,1
17192,dempsey,1,1
17193,inutilité,1,1
17194,attelé,1,1
17195,cook,1,1
17196,gigue,1,1
17197,éprendre,1,1
17198,jom,1,1
17199,gilex,1,1
17200,religieusement,1,1
17201,ïécuell,1,1
17202,oiignal,1,1
17203,interstice,1,1
17204,garnirent,1,1
17205,bante,1,1
17206,voleta,1,1
17207,réchauffa,1,1
17208,epie,1,1
17209,wesi,1,1
17210,mouflon,1,1
17211,jbouleer,1,1
17212,epausvmin,1,1
17213,cle,1,1
17214,résinage,1,1
17215,iimiiimum,1,1
17216,iiiiiiiih,1,1
17217,cuique,1,1
17218,suum,1,1
17219,ouvnt,1,1
17220,brassard,1,1
17221,goisse,1,1
17222,victimer,1,1
17223,chloroforme,1,1
17224,rouer,1,1
17225,froidement,1,1
17226,levée,1,1
17227,fédé,1,1
17228,accrochoir,1,1
17229,pionnerisme,1,1
17230,vilpion,1,1
17231,îemplis,1,1
17232,herborisation,1,1
17233,pionnérisme,1,1
17234,cramer,1,1
17235,expéditif,1,1
17236,entreprenant,1,1
17237,iiiiiiiiiiiiiiiiiiiiiiii,1,1
17238,allumon,1,1
17239,déjeu,1,1
17240,relai,1,1
17241,précède,1,1
17242,séma,1,1
17243,trakodrome,1,1
17244,perplexe,1,1
17245,piéparer,1,1
17246,hospice,1,1
17247,hivernale,1,1
17248,urmatt,1,1
17249,propiiété,1,1
17250,fischhutte,1,1
17251,tiavail,1,1
17252,collégiale,1,1
17253,dictrict,1,1
17254,maculer,1,1
17255,tnontèrent,1,1
17256,concoure,1,1
17257,leür,1,1
17258,maladroitement,1,1
17259,épuisé,1,1
17260,mortifier,1,1
17261,difféient,1,1
17262,hatez,1,1
17263,iiiiiiiiiiiiiiiiiiiiiimiiiiiiiiiiiiiiiiiiiiiiiiiiiiiiiiifiiiiiiiitiiiiimiiiiiiiiiiiiiiiiiiiiiiiiiiimiiiiiiiiiiiiiiiiiitiiiiimiiimiimiimii,1,1
17264,lemarquier,1,1
17265,arvor,1,1
17266,comp,1,1
17267,çuendar,1,1
17268,zeau,1,1
17269,elysee,1,1
17270,puklhut,1,1
17271,mayacse,1,1
17272,itjir,1,1
17273,faftis,1,1
17274,aialutra,1,1
17275,arese,1,1
17276,ruur,1,1
17277,monobloc,1,1
17278,noimal,1,1
17279,împerméa,1,1
17280,zola,1,1
17281,électriciert,1,1
17282,broyer,1,1
17283,cerne,1,1
17284,méabilise,1,1
17285,npohn,1,1
17286,yhuile,1,1
17287,logeable,1,1
17288,guépard,1,1
17289,avoii,1,1
17290,ammoniaque,1,1
17291,alcali,1,1
17292,lav,1,1
17293,rince,1,1
17294,acétone,1,1
17295,dégraisse,1,1
17296,luumiiiiiiiiiiiiiiiiiiimiimiuiiiiiimiiihimuuiiiiiimmmmmiiliiiimiimumiummiimiimmimiiiuiuimuiiiuiiin,1,1
17297,embaucher,1,1
17298,maunce,1,1
17299,gavroche,1,1
17300,aubergiste,1,1
17301,guêtre,1,1
17302,elevé,1,1
17303,eespagnol,1,1
17304,échapj,1,1
17305,perspicacité,1,1
17306,amèrement,1,1
17307,îiiiiiiimiiimmiiiiminiiiiiimiirmiiimiimiiiimimniniiimimimimminiiiiiiuiiiimhiimiiiinimiiiiimiiiiiiiiiiiiiiii,1,1
17308,élégamment,1,1
17309,adressa,1,1
17310,véra,1,1
17311,carburant,1,1
17312,câblogramme,1,1
17313,pitale,1,1
17314,rnée,1,1
17315,îepa,1,1
17316,souc,1,1
17317,economie,1,1
17318,déguisé,1,1
17319,caverneux,1,1
17320,desjardin,1,1
17321,gallienn,1,1
17322,abeill,1,1
17323,targuer,1,1
17324,certifier,1,1
17325,châtai,1,1
17326,veillesd,1,1
17327,scoutement,1,1
17328,prestidigitation,1,1
17329,assassinat,1,1
17330,sciemment,1,1
17331,routinier,1,1
17332,decamp,1,1
17333,iiiiiiiiiiiiiiiiiiiiiiiiiiiiiiiiiiiiiiiiiiiiiiiiiiiiiiiiiiiiiitiiiiiriiiiiiiiiiiiiiiiiiiiiiiiiiiiiiiiiiiiiiiiiiiiiiiiiiiiiiiiiiiiiiiiiiiiiiiiiiiiiiiiiii,1,1
17334,vour,1,1
17335,mettoit,1,1
17336,occire,1,1
17337,carnage,1,1
17338,fuyard,1,1
17339,ledit,1,1
17340,merille,1,1
17341,cogneu,1,1
17342,dudit,1,1
17343,icelui,1,1
17344,cognaistre,1,1
17345,audit,1,1
17346,mevillé,1,1
17347,esgailler,1,1
17348,riser,1,1
17349,chasteau,1,1
17350,minimeté,1,1
17351,lèrent,1,1
17352,esbaubi,1,1
17353,mettoier,1,1
17354,brusloient,1,1
17355,périodiquement,1,1
17356,propagateur,1,1
17357,agente,1,1
17358,juim,1,1
17359,poaré,1,1
17360,remiser,1,1
17361,rembourrer,1,1
17362,dirrrection,1,1
17363,requiescat,1,1
17364,llü,1,1
17365,brouhaha,1,1
17366,stupidement,1,1
17367,adjacer,1,1
17368,trise,1,1
17369,concour,1,1
17370,nmiiiiimiiniiiiiiiiiiiii,1,1
17371,immaculer,1,1
17372,grim,1,1
17373,congratuler,1,1
17374,amertume,1,1
17375,contempl,1,1
17376,enjamber,1,1
17377,écorché,1,1
17378,iiuiiiumuiiiiiiiiiiiiiiuiiiiiuiiiiiiiiiiiuuiiiiiiiiiiiiiiiiiiiiiiiiiiiiimiiiiiiiiiiiiniiiiiiiiimiiimiiiiiimiiiiiiiiiiiiiiiiiiiiiu,1,1
17379,queur,1,1
17380,fibreux,1,1
17381,contemplent,1,1
17382,ruiné,1,1
17383,hermétique,1,1
17384,pitlion,1,1
17385,papadikilalaco,1,1
17386,dégluti,1,1
17387,somnolence,1,1
17388,frangeaient,1,1
17389,rabâcheur,1,1
17390,caï,1,1
17391,rondeur,1,1
17392,chuter,1,1
17393,compression,1,1
17394,étirement,1,1
17395,corollaire,1,1
17396,épinière,1,1
17397,humus,1,1
17398,fermentation,1,1
17399,goinfre,1,1
17400,fflilliililliiiiiiiiiiiiiiiiiiiiiiiiiiiiiiiiiiiiiiiiiiiiiiriiiiiiiiiimiiiliiimiiiiiiiiiiiiimiiiiiiiiiiiiiitiiiiiiiiiiiiiiiiiiiiimiiiiiiiiiiiii,1,1
17401,exorbité,1,1
17402,papadikilalacos,1,1
17403,sombra,1,1
17404,modé,1,1
17405,meil,1,1
17406,enfourchure,1,1
17407,iiiiiiiiilinii,1,1
17408,iimmimiimiiiimii,1,1
17409,iiiimiiiiiinin,1,1
17410,octogénaire,1,1
17411,lingère,1,1
17412,oublié,1,1
17413,atour,1,1
17414,rog,1,1
17415,cust,1,1
17416,curt,1,1
17417,rjo,1,1
17418,cub,1,1
17419,erg,1,1
17420,ccerp,1,1
17421,eug,1,1
17422,cui,1,1
17423,toc,1,1
17424,ifh,1,1
17425,imfiiihhimmimiimmmiiiuimmmiiiimmtmiiimmimiimiiiiimra,1,1
17426,hideur,1,1
17427,éperdu,1,1
17428,violacée,1,1
17429,brouilla,1,1
17430,tenailler,1,1
17431,exacerber,1,1
17432,sardonique,1,1
17433,évanouissement,1,1
17434,rampant,1,1
17435,aiifiiiniiiiiiiiiiiini,1,1
17436,muiiiiiiiiiiiiiiiiiiiiiiii,1,1
17437,îiiniiiiii,1,1
17438,iinmimmiiimmiimii,1,1
17439,joe,1,1
17440,emmenc,1,1
17441,gracieusfe,1,1
17442,crawler,1,1
17443,écrasement,1,1
17444,gentleman,1,1
17445,présenlh,1,1
17446,iiiiiiiiihiiiiiimiimiiiimiiiiimiiiiiiiiimihiiiimiiiiimiiiiiiiimiiiimiimiimiiiiiiiiiiiiiiiiiiiiiiiiiiiiiliilliililiiillillliiiilini,1,1
17447,xiuc,1,1
17448,rouir,1,1
17449,fiimni,1,1
17450,stalking,1,1
17451,stallcer,1,1
17452,approchez,1,1
17453,prèle,1,1
17454,silice,1,1
17455,encrassée,1,1
17456,ëloge,1,1
17457,choual,1,1
17458,abser,1,1
17459,ffde,1,1
17460,collectivné,1,1
17461,iiiiimiiiiimiiiithhiiiiiiiiiiiiiimiiiiiiiiiiiniiii,1,1
17462,enteno,1,1
17463,àmvi,1,1
17464,tànt,1,1
17465,courbant,1,1
17466,murmur,1,1
17467,niiiuiiiimiiiiiiuuiiiimmimmiiiiiiiiiiiiiiiiimmiiimiimiüimimiiiiiiiiiiiiimiiiiiiiiiiiiiimimiiimiiiiiiiiiimiiiiiiiik,1,1
17468,pompadour,1,1
17469,rêt,1,1
17470,agreste,1,1
17471,troupesme,1,1
17472,reur,1,1
17473,ctti,1,1
17474,patrorfal,1,1
17475,réuriiùh,1,1
17476,relevée,1,1
17477,superhe,1,1
17478,iiiiiiimiiiiiiiiiiiiiiiiiiiiiiiiimiiiiiiiiiiiiiiiiiiiiiiiiiiiiti,1,1
17479,monufnent,1,1
17480,gym,1,1
17481,clique,1,1
17482,etandard,1,1
17483,convièrent,1,1
17484,approvisionné,1,1
17485,réconfortante,1,1
17486,jprécieu,1,1
17487,seccnd,1,1
17488,helle,1,1
17489,agon,1,1
17490,sux,1,1
17491,opulent,1,1
17492,couronnée,1,1
17493,luxembourg,1,1
17494,romantique,1,1
17495,vieur,1,1
17496,prestigieux,1,1
17497,cyclopéen,1,1
17498,inné,1,1
17499,dictai,1,1
17500,dessinez,1,1
17501,tcte,1,1
17502,ciller,1,1
17503,caticn,1,1
17504,bro,1,1
17505,chure,1,1
17506,asaqssaeaasssbbsasaqatbbtbossqa,1,1
17507,varinette,1,1
17508,galalithe,1,1
17509,treillis,1,1
17510,pastl,1,1
17511,lavance,1,1
17512,tflptîïp,1,1
17513,lidllta,1,1
17514,ücout,1,1
17515,framce,1,1
17516,tfflci,1,1
17517,coudoyer,1,1
17518,fellah,1,1
17519,crucifier,1,1
17520,royauté,1,1
17521,mpi,1,1
17522,cifié,1,1
17523,ego,1,1
17524,acclamion,1,1
17525,adorion,1,1
17526,imatial,1,1
17527,rden,1,1
17528,glorifiant,1,1
17529,qve,1,1
17530,indéfectible,1,1
17531,àcœur,1,1
17532,démériter,1,1
17533,zerte,1,1
17534,eussi,1,1
17535,batailleront,1,1
17536,fluiiiuiiiiiiiuuiiiiiiiuiiiiiiiiiiuiiiiiiihuiiimimuuiiiiuiiiumiiüuiiiummiiiiiiiimiiiiiuiiiiuuiuuiiuiiiiiiiiiiiiiumi,1,1
17537,fesse,1,1
17538,amplitude,1,1
17539,simultaner,1,1
17540,innmmn,1,1
17541,ininwitwnwmwiwwimfnwwwiwnfitiftirtwnrottwymwiwiwiwiwwiwmin,1,1
17542,dissymétrique,1,1
17543,eflort,1,1
17544,arriére,1,1
17545,bombé,1,1
17546,nageoire,1,1
17547,ibnbeüi,1,1
17548,déprimer,1,1
17549,abêtir,1,1
17550,commotion,1,1
17551,ébranlement,1,1
17552,sextupl,1,1
17553,couleuvre,1,1
17554,blindé,1,1
17555,malédiction,1,1
17556,ramassa,1,1
17557,délibérer,1,1
17558,rinquatorre,1,1
17559,etle,1,1
17560,biquetaver,1,1
17561,piédestal,1,1
17562,atout,1,1
17563,inverser,1,1
17564,thénon,1,1
17565,désarroi,1,1
17566,manhauser,1,1
17567,ethnologie,1,1
17568,ministration,1,1
17569,complaisamment,1,1
17570,illlllllllllllllllllllllllllllllllllllllllllllllllllllllllllllllllllllllllllllllllllllllllllllllllllllllllllllllh,1,1
17571,wallon,1,1
17572,dynastie,1,1
17573,armunère,1,1
17574,décent,1,1
17575,répéton,1,1
17576,règlementation,1,1
17577,dêmaine,1,1
17578,florissante,1,1
17579,indiqaunt,1,1
17580,creed,1,1
17581,imposteur,1,1
17582,danoff,1,1
17583,mman,1,1
17584,explicative,1,1
17585,polybra,1,1
17586,unf,1,1
17587,eléska,1,1
17588,doser,1,1
17589,gignante,1,1
17590,iiiiimiiiiiiiiimnimifmiiiiimiiiiiiiiiiiiiiiiiiiiiiiiiiiiiiiuiiiiiiiiiiimmiiiiiiuiiiiiibiiiiiiiiiiiiiiiiiiiuiiiiiiiisiiimiiiiiinm,1,1
17591,équité,1,1
17592,ideniqu,1,1
17593,rouspétance,1,1
17594,énervement,1,1
17595,rouspéter,1,1
17596,oijt,1,1
17597,affecter,1,1
17598,iiiimiiinif,1,1
17599,iiniiiiii,1,1
17600,iiiim,1,1
17601,iiiiiinii,1,1
17602,comoni,1,1
17603,teïhnique,1,1
17604,lèn,1,1
17605,servannai,1,1
17606,maloin,1,1
17607,personnic,1,1
17608,règlementair,1,1
17609,déléguant,1,1
17610,cérémoniede,1,1
17611,infatigabl,1,1
17612,hiblilhbbdihi,1,1
17613,iibaihihbiihbllhiib,1,1
17614,bbbibbbbi,1,1
17615,fyîlle,1,1
17616,navey,1,1
17617,pirticiper,1,1
17618,vron,1,1
17619,lotte,1,1
17620,kmile,1,1
17621,niaeliinc,1,1
17622,prépafatcir,1,1
17623,diplômt,1,1
17624,stereo,1,1
17625,télêph,1,1
17626,pho,1,1
17627,grisa,1,1
17628,gorger,1,1
17629,rusticité,1,1
17630,industrieux,1,1
17631,profiteur,1,1
17632,portèfiï,1,1
17633,campez,1,1
17634,fiance,1,1
17635,remontant,1,1
17636,ficile,1,1
17637,cien,1,1
17638,ingénieusement,1,1
17639,entonnoir,1,1
17640,dépoli,1,1
17641,inactinique,1,1
17642,évid,1,1
17643,commutateur,1,1
17644,difficdement,1,1
17645,iiiitiiiiiiiiiiiiiiiiiiiiiiiiiiiiii,1,1
17646,brève,1,1
17647,arrêteron,1,1
17648,reflexe,1,1
17649,audac,1,1
17650,pénis,1,1
17651,priori,1,1
17652,ijfquer,1,1
17653,anninuiiiiiiiiiiiiiiiniiiiiiiiimiiiiiimiiiiiiiiisiiiiiiiiiiiiibiiiiiiiiiiiiiiiiiiiiiiiiiiiiiiiiiiiiiiiiiiiiiiiiiiiiiiiiiiiiiiiiiiiiiiiiiiio,1,1
17654,cextain,1,1
17655,méditativement,1,1
17656,muggie,1,1
17657,iüflbi,1,1
17658,phalloïdien,1,1
17659,lesp,1,1
17660,milligramme,1,1
17661,eblouissement,1,1
17662,muscarinien,1,1
17663,vénéneu,1,1
17664,muscarine,1,1
17665,oronge,1,1
17666,magnésie,1,1
17667,injection,1,1
17668,saline,1,1
17669,caféine,1,1
17670,stimulant,1,1
17671,hiéroglyphe,1,1
17672,tombereau,1,1
17673,terrassier,1,1
17674,remblayer,1,1
17675,capitonner,1,1
17676,poiteur,1,1
17677,cacahuette,1,1
17678,portefaix,1,1
17679,colporteur,1,1
17680,bouddhiste,1,1
17681,chinoiserie,1,1
17682,entement,1,1
17683,bicy,1,1
17684,clette,1,1
17685,rembourre,1,1
17686,transr,1,1
17687,xxii,1,1
17688,sociologie,1,1
17689,uiiiiuiini,1,1
17690,alun,1,1
17691,clouera,1,1
17692,dénaturer,1,1
17693,graissage,1,1
17694,récri,1,1
17695,oppresse,1,1
17696,reglement,1,1
17697,canonique,1,1
17698,personnelle,1,1
17699,exeptionnellent,1,1
17700,missariat,1,1
17701,rémunérer,1,1
17702,embauchée,1,1
17703,imiiffiimriimriiifiniiiiiiniiiiiiiiiiiiiiiiiiiiiiiiiiiiiiihiiiiniiimmiiiriiitimiimiiiiiiiiiiiiiiriniiriiintmiiiin,1,1
17704,panloup,1,1
17705,égaillaient,1,1
17706,frimouss,1,1
17707,éveillé,1,1
17708,quignon,1,1
17709,affairer,1,1
17710,montluçonnai,1,1
17711,bolcheviste,1,1
17712,hanoi,1,1
17713,présager,1,1
17714,tananariv,1,1
17715,descenter,1,1
17716,décou,1,1
17717,vrer,1,1
17718,mamelon,1,1
17719,ankaratra,1,1
17720,andrigitra,1,1
17721,safaky,1,1
17722,inculquer,1,1
17723,constructionj,1,1
17724,endeuiller,1,1
17725,franchecomté,1,1
17726,encapuchonner,1,1
17727,ronchonné,1,1
17728,parçnt,1,1
17729,aviat,1,1
17730,éminer,1,1
17731,iiiiiiiiiiiiiiiiiinnuimiiiiimiimmmiimimiiimiimmiimiiiiiiiiiiiiiiiiiiiiiiiiiiiiiimiiiiiiiiiiiiiiiiiiiiiiniiiiiimiiiiimmimmiimiir,1,1
17732,hiesse,1,1
17733,lainage,1,1
17734,nickeler,1,1
17735,lingeu,1,1
17736,babygraph,1,1
17737,précepteur,1,1
17738,identifié,1,1
17739,baryte,1,1
17740,spath,1,1
17741,fluoré,1,1
17742,quartz,1,1
17743,anncnccr,1,1
17744,fimçiille,1,1
17745,exsm,1,1
17746,aqc,1,1
17747,regrettiez,1,1
17748,tev,1,1
17749,ovt,1,1
17750,caà,1,1
17751,eaü,1,1
17752,befl,1,1
17753,trilonneiir,1,1
17754,voiite,1,1
17755,limillllllllllllllllllllllllllllllllllllllllllllilillllllllllllllllllllllllllllllllllllllllllllllllllllllllllllllllllllltlllllllllllllllllllllllllifll,1,1
17756,vibre,1,1
17757,polluer,1,1
17758,construi,1,1
17759,entoilée,1,1
17760,accouple,1,1
17761,arrose,1,1
17762,briserai,1,1
17763,segment,1,1
17764,symétrie,1,1
17765,mect,1,1
17766,pale,1,1
17767,goguenard,1,1
17768,miimimmmm,1,1
17769,dada,1,1
17770,pénîcault,1,1
17771,iiiiiiiiitiiiiiiiiiiiiiiiiiiiiiiiiiiiiiiiiiiiiiiisiiiiiiiiiuiiiiiiiiiiiiiimsiiiiiiiiiiiiiiiiiiiiiiiiiiiiuiiiiiiiiifiiiiiiiiiiuiiiiiiiiiiiiiiiisi,1,1
17772,ere,1,1
17773,mesuraient,1,1
17774,refendre,1,1
17775,mesur,1,1
17776,étambot,1,1
17777,poëliets,1,1
17778,fraiser,1,1
17779,eugénie,1,1
17780,rép,1,1
17781,lonjette,1,1
17782,huméral,1,1
17783,episode,1,1
17784,claque,1,1
17785,schaffer,1,1
17786,halage,1,1
17787,awrh,1,1
17788,cuxl,1,1
17789,fjouf,1,1
17790,jût,1,1
17791,aal,1,1
17792,godillot,1,1
17793,boudoir,1,1
17794,réfectoir,1,1
17795,oratoir,1,1
17796,luit,1,1
17797,habillé,1,1
17798,polo,1,1
17799,débarbouiller,1,1
17800,rechigner,1,1
17801,etlexpirer,1,1
17802,méduse,1,1
17803,flottent,1,1
17804,affleurant,1,1
17805,recro,1,1
17806,badcë,1,1
17807,placerez,1,1
17808,mercure,1,1
17809,récoltez,1,1
17810,cotylédon,1,1
17811,germination,1,1
17812,physiologie,1,1
17813,physiologiste,1,1
17814,chlorophyllien,1,1
17815,niiiiimiiiiiinmun,1,1
17816,iluiiimnmiiinuiimiiuiiiiiimitiiiiiiiiiiiiiiiiiiiii,1,1
17817,paillasson,1,1
17818,étioler,1,1
17819,transpir,1,1
17820,colchique,1,1
17821,datura,1,1
17822,gratiole,1,1
17823,jusquiame,1,1
17824,tussilage,1,1
17825,odorante,1,1
17826,hectolitre,1,1
17827,musarder,1,1
17828,avilit,1,1
17829,dépersonnahse,1,1
17830,démesurément,1,1
17831,peone,1,1
17832,exaltation,1,1
17833,recommandai,1,1
17834,prunelle,1,1
17835,taxer,1,1
17836,vantardise,1,1
17837,attendai,1,1
17838,percuteur,1,1
17839,épiderme,1,1
17840,raté,1,1
17841,kiosque,1,1
17842,pcfur,1,1
17843,iiimiiiriiiiiiiiiiiiiiiiiiiiiiiiiuiiiiiiiimiiiiiiiiiiiiiiiiiimiiiimifiihiiiiiiimiihiiimiiiiiiiiiiiiiniiiiiiiiiiiiiiiiiimiimthihiier,1,1
17844,ranimai,1,1
17845,devanc,1,1
17846,débiteur,1,1
17847,trille,1,1
17848,ilri,1,1
17849,pouliot,1,1
17850,tapageur,1,1
17851,effronterie,1,1
17852,hâve,1,1
17853,décharné,1,1
17854,vociférer,1,1
17855,gesticulant,1,1
17856,inexprimable,1,1
17857,chiffonné,1,1
17858,rête,1,1
17859,bâillonner,1,1
17860,right,1,1
17861,poigne,1,1
17862,suffocant,1,1
17863,iiiiiiimiimimimmiinmiiiiimmmimmiimfimmmiiiiiiimmiimmiimimiiiimimiiimiiiiiiiiiiiiiimiiniinmmmimiiiiiiimi,1,1
17864,acosta,1,1
17865,haussement,1,1
17866,comparse,1,1
17867,périscope,1,1
17868,clapotis,1,1
17869,perçant,1,1
17870,commanda,1,1
17871,éperdre,1,1
17872,phosgène,1,1
17873,bifurquer,1,1
17874,triomphait,1,1
17875,niiiiiiiitiiiiiiiiiiiiiiiiiiiiiiiiiiiiiiiiiiiiiiiiiiiiiiiitiiiiiii,1,1
17876,quaternaire,1,1
17877,terminu,1,1
17878,lunaire,1,1
17879,évasé,1,1
17880,accidenté,1,1
17881,grommeler,1,1
17882,contrit,1,1
17883,praticable,1,1
17884,suse,1,1
17885,emblèm,1,1
17886,distrayant,1,1
17887,accroch,1,1
17888,potjr,1,1
17889,elé,1,1
17890,rayonn,1,1
17891,bénédic,1,1
17892,dijon,1,1
17893,libérable,1,1
17894,marioton,1,1
17895,amovible,1,1
17896,spéc,1,1
17897,cherch,1,1
17898,coéquipier,1,1
17899,idrôme,1,1
17900,maisonfort,1,1
17901,flançailltr,1,1
17902,onet,1,1
17903,corniche,1,1
17904,meiveilleuse,1,1
17905,ccte,1,1
17906,laise,1,1
17907,eilese,1,1
17908,fetit,1,1
17909,bibliotheque,1,1
17910,parvéra,1,1
17911,mcreau,1,1
17912,faufué,1,1
17913,psmuvolr,1,1
17914,jeôter,1,1
17915,ptustn,1,1
17916,àmplnf,1,1
17917,aria,1,1
17918,alsrt,1,1
17919,afenta,1,1
17920,ïmg,1,1
17921,istampeg,1,1
17922,tyjm,1,1
17923,eeimw,1,1
17924,ovomitii,1,1
17925,campant,1,1
17926,coûtant,1,1
17927,test,1,1
17928,plaison,1,1
17929,foisonner,1,1
17930,fracasser,1,1
17931,guéné,1,1
17932,absolution,1,1
17933,appentis,1,1
17934,rcolc,1,1
17935,italico,1,1
17936,pichounet,1,1
17937,aro,1,1
17938,guerro,1,1
17939,ièli,1,1
17940,espanta,1,1
17941,éli,1,1
17942,chamado,1,1
17943,endavan,1,1
17944,colo,1,1
17945,couloubrino,1,1
17946,peitrino,1,1
17947,respond,1,1
17948,prou,1,1
17949,tiéro,1,1
17950,entièro,1,1
17951,tron,1,1
17952,frétille,1,1
17953,chamade,1,1
17954,couleuvrine,1,1
17955,bregado,1,1
17956,parèi,1,1
17957,embrenigado,1,1
17958,crèi,1,1
17959,trelusènt,1,1
17960,bonaparte,1,1
17961,drapèu,1,1
17962,espaso,1,1
17963,capèu,1,1
17964,sournaru,1,1
17965,laisson,1,1
17966,erouïco,1,1
17967,vuei,1,1
17968,calaran,1,1
17969,fiéu,1,1
17970,tiran,1,1
17971,broyée,1,1
17972,épouvant,1,1
17973,iiiiiiiiiiiiiiuiiiiiiiiiiiiiiiiiiiiiiiiiiiiiiiiiiiiiiiiiiiiiiiiiiiiiiiiiiiiiiiiiiimiiiiii,1,1
17974,troupo,1,1
17975,coumbour,1,1
17976,vès,1,1
17977,fèsto,1,1
17978,generau,1,1
17979,bouscarlo,1,1
17980,ounour,1,1
17981,furio,1,1
17982,vièi,1,1
17983,patno,1,1
17984,jouvènt,1,1
17985,trenon,1,1
17986,plouron,1,1
17987,quatecer,1,1
17988,renon,1,1
17989,catagan,1,1
17990,batènt,1,1
17991,boumbi,1,1
17992,alargo,1,1
17993,bourro,1,1
17994,enebi,1,1
17995,esparrado,1,1
17996,sourno,1,1
17997,trono,1,1
17998,encafourno,1,1
17999,boudre,1,1
18000,touto,1,1
18001,tubo,1,1
18002,rangoulun,1,1
18003,poudro,1,1
18004,atubo,1,1
18005,marsiheso,1,1
18006,franceso,1,1
18007,empourta,1,1
18008,fournaise,1,1
18009,jouvencau,1,1
18010,catogan,1,1
18011,interdit,1,1
18012,calenjau,1,1
18013,dardaie,1,1
18014,mamfèsto,1,1
18015,gèsto,1,1
18016,baroun,1,1
18017,alemand,1,1
18018,sarravon,1,1
18019,empurère,1,1
18020,caire,1,1
18021,négri,1,1
18022,cavaucair,1,1
18023,grandour,1,1
18024,remenbranço,1,1
18025,esperanço,1,1
18026,caud,1,1
18027,grat,1,1
18028,aclapaire,1,1
18029,regreia,1,1
18030,dou,1,1
18031,troubair,1,1
18032,pièi,1,1
18033,mistraleja,1,1
18034,voue,1,1
18035,calenjal,1,1
18036,enflamma,1,1
18037,chevaucheur,1,1
18038,fossoyeur,1,1
18039,reverdir,1,1
18040,troubadour,1,1
18041,mistral,1,1
18042,oundado,1,1
18043,tempèsto,1,1
18044,sis,1,1
18045,mescla,1,1
18046,escafa,1,1
18047,counfin,1,1
18048,mair,1,1
18049,naturo,1,1
18050,pourtaduro,1,1
18051,dôu,1,1
18052,pousso,1,1
18053,ôulivié,1,1
18054,dounarer,1,1
18055,ôli,1,1
18056,longo,1,1
18057,renadivo,1,1
18058,endihe,1,1
18059,séuvo,1,1
18060,àrmouniouso,1,1
18061,souleiouso,1,1
18062,piouso,1,1
18063,apelle,1,1
18064,encarno,1,1
18065,dins,1,1
18066,mamelle,1,1
18067,jmlireio,1,1
18068,jouvènço,1,1
18069,travè,1,1
18070,umbl,1,1
18071,escoulan,1,1
18072,ouméro,1,1
18073,segui,1,1
18074,coume,1,1
18075,èro,1,1
18076,rèn,1,1
18077,chato,1,1
18078,foro,1,1
18079,gaire,1,1
18080,lusiguèsse,1,1
18081,emai,1,1
18082,aguesse,1,1
18083,glon,1,1
18084,aussado,1,1
18085,rèmo,1,1
18086,caressado,1,1
18087,mespresado,1,1
18088,cantan,1,1
18089,pastr,1,1
18090,gènt,1,1
18091,nasquère,1,1
18092,pastriho,1,1
18093,paraulo,1,1
18094,sabe,1,1
18095,verduro,1,1
18096,soulèu,1,1
18097,bagnaduro,1,1
18098,figo,1,1
18099,fan,1,1
18100,aloubati,1,1
18101,plen,1,1
18102,espalanco,1,1
18103,abrama,1,1
18104,noun,1,1
18105,posqu,1,1
18106,ausser,1,1
18107,proumierenco,1,1
18108,redoulènto,1,1
18109,vierginenco,1,1
18110,aucèu,1,1
18111,aquelo,1,1
18112,branqueto,1,1
18113,lingueto,1,1
18114,vese,1,1
18115,ventoulet,1,1
18116,boulega,1,1
18117,ramo,1,1
18118,inmourtalo,1,1
18119,alo,1,1
18120,prouvençalo,1,1
18121,posque,1,1
18122,averer,1,1
18123,cant,1,1
18124,homère,1,1
18125,caressée,1,1
18126,rameaft,1,1
18127,virginal,1,1
18128,aveindre,1,1
18129,rique,1,1
18130,ayantpéri,1,1
18131,béton,1,1
18132,trée,1,1
18133,casemate,1,1
18134,murer,1,1
18135,ncu,1,1
18136,remercieron,1,1
18137,blent,1,1
18138,nuitdl,1,1
18139,mmaculé,1,1
18140,clownerie,1,1
18141,sucrerie,1,1
18142,buffalo,1,1
18143,elk,1,1
18144,iniminnmmiiiiiiiiiiiiiiiiiiiihiiiiihiiiiniiiimiiiiiiiiiiiiimiiiiiiiiiiinmiiiiiiiiniiiiiiiniiiiimmiiiiihiiiitiiiih,1,1
18145,longitudinau,1,1
18146,atérau,1,1
18147,exter,1,1
18148,complexité,1,1
18149,reflexion,1,1
18150,sagacité,1,1
18151,piioto,1,1
18152,isoler,1,1
18153,gévaudan,1,1
18154,distancera,1,1
18155,défailli,1,1
18156,rocailie,1,1
18157,immi,1,1
18158,oïj,1,1
18159,mammmammm,1,1
18160,baton,1,1
18161,tirant,1,1
18162,raidisseur,1,1
18163,raccorder,1,1
18164,pilotis,1,1
18165,mortaiser,1,1
18166,coudrier,1,1
18167,recouvrîme,1,1
18168,plaçâme,1,1
18169,plâçame,1,1
18170,chauler,1,1
18171,tci,1,1
18172,iou,1,1
18173,fotn,1,1
18174,rtîj,1,1
18175,hicnl,1,1
18176,voujjaoi,1,1
18177,civique,1,1
18178,conseilleur,1,1
18179,hurluberlu,1,1
18180,tintamarre,1,1
18181,gland,1,1
18182,déserteur,1,1
18183,calamité,1,1
18184,engrais,1,1
18185,prenez,1,1
18186,rôt,1,1
18187,mijote,1,1
18188,vulnérable,1,1
18189,révéron,1,1
18190,auiiiiiiiiiiiiiiiiiiiiiiiiiiiuiuiimi,1,1
18191,lavette,1,1
18192,cloute,1,1
18193,démolition,1,1
18194,tringle,1,1
18195,faîtier,1,1
18196,drainage,1,1
18197,chevauchement,1,1
18198,meringue,1,1
18199,farci,1,1
18200,tence,1,1
18201,close,1,1
18202,croustillant,1,1
18203,pahkare,1,1
18204,cathalie,1,1
18205,fustanelle,1,1
18206,iiiiimnmmiiiimiiiimmiiimmiiimmiiiiiiiiiint,1,1
18207,conditionner,1,1
18208,corrézien,1,1
18209,corrèze,1,1
18210,partiel,1,1
18211,zaer,1,1
18212,épidermique,1,1
18213,kasbah,1,1
18214,mika,1,1
18215,carouline,1,1
18216,iiniiiiiiiiiiliiiiiiiiiiiiiiiiuiismitiiiiimiiiiiiiiiiiiiiiiiiiiiiiiiiiiihtiiittuiiiiiiiiiiiiiiiiiiiiiiiiiiiiiiiiiiiiiiiiiiiiiiiiiiiiiiiiiiii,1,1
18217,claqu,1,1
18218,trôner,1,1
18219,azrou,1,1
18220,tioumliline,1,1
18221,insécurité,1,1
18222,frce,1,1
18223,cigale,1,1
18224,yeuse,1,1
18225,djellaba,1,1
18226,crasseux,1,1
18227,somnolent,1,1
18228,campanule,1,1
18229,martelle,1,1
18230,vermoudre,1,1
18231,pirouettent,1,1
18232,flambe,1,1
18233,génévrier,1,1
18234,plaintive,1,1
18235,soupçonneux,1,1
18236,iiité,1,1
18237,irji,1,1
18238,rattrappe,1,1
18239,éclaton,1,1
18240,dormon,1,1
18241,doum,1,1
18242,guilleminleur,1,1
18243,trang,1,1
18244,proviseur,1,1
18245,zinswald,1,1
18246,bronn,1,1
18247,dispensaire,1,1
18248,miimiiiiiiiiiimiiiiimimmimiiimiimiiiiiiiiiiiiiimiiiiiiiitiiiiiiiiiiiiiiiiiiiiiiiiiiiimiiiiiiiiiiiimiiiimiiiiiiiiiiiiiiium,1,1
18249,éco,1,1
18250,rudolf,1,1
18251,bokay,1,1
18252,lakotelep,1,1
18253,kiralykut,1,1
18254,entrepreneur,1,1
18255,préfecture,1,1
18256,grenoble,1,1
18257,brugeron,1,1
18258,eus,1,1
18259,gainé,1,1
18260,souf,1,1
18261,instan,1,1
18262,tannerie,1,1
18263,gouv,1,1
18264,fli,1,1
18265,trav,1,1
18266,bur,1,1
18267,conn,1,1
18268,secrét,1,1
18269,occup,1,1
18270,anc,1,1
18271,tioupe,1,1
18272,sancoin,1,1
18273,singlier,1,1
18274,quaire,1,1
18275,crayonner,1,1
18276,arabesque,1,1
18277,crayonné,1,1
18278,jambage,1,1
18279,illogique,1,1
18280,illettré,1,1
18281,enregistre,1,1
18282,renseigjiement,1,1
18283,cailou,1,1
18284,semele,1,1
18285,sûrts,1,1
18286,doubat,1,1
18287,niiiiiitiiiiiii,1,1
18288,inmm,1,1
18289,tavance,1,1
18290,cgjtpkiè,1,1
18291,ffilècntte,1,1
18292,direclemeni,1,1
18293,croquiste,1,1
18294,aaaàa,1,1
18295,encoure,1,1
18296,crcupon,1,1
18297,cacutchouc,1,1
18298,oaaaaaaaaaaaaaaaaaaaaaaaaaaaaaaaa,1,1
18299,aaaaaaaaap,1,1
18300,aaaaaaaaaaaaaa,1,1
18301,calf,1,1
18302,oyvvvvvvvwwwvvvvvvvvvvvwvvvvvvvvvvvvvwvvvvvo,1,1
18303,vwvvvvwvvvvvvvvvvvvvvvvvvvvvvvvvvvvvvvvvvvwvvvvwvwvvvvvvvvvvvvo,1,1
18304,dolente,1,1
18305,mtérêt,1,1
18306,setton,1,1
18307,bruyante,1,1
18308,moissonneuse,1,1
18309,fauchaient,1,1
18310,communiant,1,1
18311,vellemer,1,1
18312,foimation,1,1
18313,croî,1,1
18314,assoit,1,1
18315,ciation,1,1
18316,hésion,1,1
18317,admmistrate,1,1
18318,dédonjonner,1,1
18319,clairiere,1,1
18320,allongée,1,1
18321,flaque,1,1
18322,purger,1,1
18323,acre,1,1
18324,débonnaire,1,1
18325,madrer,1,1
18326,débander,1,1
18327,panade,1,1
18328,coucheron,1,1
18329,inn,1,1
18330,fugue,1,1
18331,pastorale,1,1
18332,embaïquer,1,1
18333,logeron,1,1
18334,derbergen,1,1
18335,remercie,1,1
18336,magn,1,1
18337,hostellerie,1,1
18338,viennois,1,1
18339,échafaud,1,1
18340,notie,1,1
18341,fané,1,1
18342,aiglon,1,1
18343,saye,1,1
18344,troupier,1,1
18345,erszebet,1,1
18346,kiralyne,1,1
18347,mystérieuse,1,1
18348,intraduisible,1,1
18349,ncipal,1,1
18350,dîier,1,1
18351,llulllnlllll,1,1
18352,raffnement,1,1
18353,chorale,1,1
18354,irréalisable,1,1
18355,chanier,1,1
18356,vigner,1,1
18357,tend,1,1
18358,lèv,1,1
18359,extirper,1,1
18360,ten,1,1
18361,dièz,1,1
18362,legend,1,1
18363,vicnj,1,1
18364,koui,1,1
18365,viçnj,1,1
18366,rvoiu,1,1
18367,soufhcu,1,1
18368,vienj,1,1
18369,itett,1,1
18370,lecvu,1,1
18371,tjuilmer,1,1
18372,iihiiiii,1,1
18373,iiimiiiiiiiiiiiiiiiiiiiiiiiiiiiimiitttiiiiiiimiiiiiiiiiiiiiuiiiimiiiiiiiimiiiiiiiiiiiiiiiijmniiiiiiiihiiiiiiiiiiiiiiiiimiiiiiiimiiiiiiiiimiiiiiiiiiiimiiiinnnw,1,1
18374,beaua,1,1
18375,litho,1,1
18376,frotteur,1,1
18377,lino,1,1
18378,phabet,1,1
18379,benne,1,1
18380,méthod,1,1
18381,lithographier,1,1
18382,chaux,1,1
18383,décalqué,1,1
18384,mdrsure,1,1
18385,arabique,1,1
18386,additionnée,1,1
18387,nitrique,1,1
18388,calcaire,1,1
18389,altération,1,1
18390,mécaniquement,1,1
18391,transparenter,1,1
18392,autographique,1,1
18393,calqu,1,1
18394,crayeux,1,1
18395,reporteur,1,1
18396,décalcomanie,1,1
18397,chlorure,1,1
18398,pouvoi,1,1
18399,captât,1,1
18400,tonitrua,1,1
18401,parla,1,1
18402,attir,1,1
18403,plaisance,1,1
18404,vérapopof,1,1
18405,quelepampold,1,1
18406,soviet,1,1
18407,fescorter,1,1
18408,réexpédier,1,1
18409,poite,1,1
18410,encablure,1,1
18411,capot,1,1
18412,submersible,1,1
18413,piloté,1,1
18414,schneller,1,1
18415,fréter,1,1
18416,illllllllllllllllllllllllliiiiiiiiiiiiiiiiiiiiiiiiiiiiiiiiililllllllllllllllllllllllllillllllllllliiiiillilllllllllllllllllllliiiiiiiiiiiiiiiiliilimiiilllllllillllilllllllilllllliiiiiiilililllliiiuiiiiiiiiliiiiiiiiiiiiulilililllllllluliliiiliiiiihlii,1,1
18417,muiniiiiiiiiiiiiiiiiiiiiiniiiiiiiiiiiiiiiiiiiiitiiiihiiiiiiiiiiiiiiiiiiiiiiiiiiiiiiiiiiiiiiiiiiiiiiiiiiniitniiiiiiiiiiiiiiiiiniiiiiiiiiiiiim,1,1
18418,cannelle,1,1
18419,ajoute,1,1
18420,mnémotechnique,1,1
18421,remerciant,1,1
18422,efficience,1,1
18423,mésidence,1,1
18424,châtaigneraie,1,1
18425,clairvau,1,1
18426,évacuation,1,1
18427,nantua,1,1
18428,rhénan,1,1
18429,iiiuiillllllillllilllllilillllilllllillllllllllllllllllllalllllllllllllllllllllllllllllllllllllllllllllllllllllllllhiiiiiiiiiiiiiiiiiiiii,1,1
18430,risme,1,1
18431,serine,1,1
18432,ressaisirent,1,1
18433,intercession,1,1
18434,hadji,1,1
18435,coui,1,1
18436,taupinière,1,1
18437,besogné,1,1
18438,villeg,1,1
18439,detrève,1,1
18440,entrepôt,1,1
18441,niaeliine,1,1
18442,couts,1,1
18443,pédier,1,1
18444,eauf,1,1
18445,tutilité,1,1
18446,virtuosité,1,1
18447,fatsêso,1,1
18448,moamidé,1,1
18449,rhtgé,1,1
18450,époqu,1,1
18451,iangue,1,1
18452,rebutant,1,1
18453,phone,1,1
18454,well,1,1
18455,anticipation,1,1
18456,orcasion,1,1
18457,compréhensiblement,1,1
18458,shaw,1,1
18459,dramaturge,1,1
18460,sliaw,1,1
18461,spécialemen,1,1
18462,autogr,1,1
18463,phier,1,1
18464,tish,1,1
18465,tilde,1,1
18466,angue,1,1
18467,pag,1,1
18468,esperanto,1,1
18469,enffaoement,1,1
18470,elans,1,1
18471,rxulin,1,1
18472,aiinmiiimiiiiiiiiiiiiiiiiiiitimiiiiiiiiiiimiiiiiifiiiiiimiiiiiiiiiiiuhiimiiutniiiiiiiiiiiiimiiiimiiiiiiiiimiihinmiiiiiiiiiiii,1,1
18473,suiveur,1,1
18474,ogarmser,1,1
18475,spirituellement,1,1
18476,pontifi,1,1
18477,détaillon,1,1
18478,pnmat,1,1
18479,dîne,1,1
18480,magyar,1,1
18481,entou,1,1
18482,rée,1,1
18483,sculpteur,1,1
18484,avent,1,1
18485,flottille,1,1
18486,outiller,1,1
18487,tzigane,1,1
18488,medicine,1,1
18489,harcngu,1,1
18490,pavoi,1,1
18491,ostensoir,1,1
18492,incl,1,1
18493,morvay,1,1
18494,soubrette,1,1
18495,déploiement,1,1
18496,capa,1,1
18497,magna,1,1
18498,archiduc,1,1
18499,concéder,1,1
18500,cenle,1,1
18501,tenair,1,1
18502,ssout,1,1
18503,audet,1,1
18504,dolomite,1,1
18505,nest,1,1
18506,reüoir,1,1
18507,saluev,1,1
18508,lourdeur,1,1
18509,fascinant,1,1
18510,bruir,1,1
18511,orbe,1,1
18512,flaflafla,1,1
18513,plaqu,1,1
18514,épervier,1,1
18515,matricule,1,1
18516,identifiera,1,1
18517,satiété,1,1
18518,féverolle,1,1
18519,vesce,1,1
18520,éleveur,1,1
18521,colombophile,1,1
18522,contracter,1,1
18523,rudoiement,1,1
18524,ladrerie,1,1
18525,démoralisation,1,1
18526,uiniiiiiuiiiiiiiiiiiiiiiiiimiiiiiiiiiiiiiiimiiiiiiiiiiiiiiiiimiiiaiiiiiiiiiiiiiiiiiiiiiiiiiiiiimuiiiiiiiiiiiiiiiiiiïiiiiiiiiiiiiikiiiu,1,1
18527,craindrai,1,1
18528,effacement,1,1
18529,dégoûter,1,1
18530,camboulive,1,1
18531,iiiiiiiiiiibiiiiiiiiiiiiiiiiiiiiiiiiniiiiiiiiiiiiiiiiiiiiiikiniiiiiiiiiiiiiiiiiiiiiiiiiiiiiiiiiid,1,1
18532,cheminot,1,1
18533,modérateur,1,1
18534,infranchissable,1,1
18535,brûlé,1,1
18536,briquette,1,1
18537,découple,1,1
18538,boyau,1,1
18539,découvert,1,1
18540,collision,1,1
18541,bombarde,1,1
18542,miiiiiiimiiiiiiiliimmiiiiiiiiiiiiiiiimiiiiihmiiiiiiiiiiithiiiiiiiiiimiiiiiimiimiiiiiiiiimiiiiiiiiiiiiiuiiiiiitiiiiiuiuiininnii,1,1
18543,bassiormamdie,1,1
18544,jtttgei,1,1
18545,oii,1,1
18546,îrzfc,1,1
18547,ajs,1,1
18548,vere,1,1
18549,vam,1,1
18550,vère,1,1
18551,lat,1,1
18552,scoljt,1,1
18553,apport,1,1
18554,travestir,1,1
18555,yenne,1,1
18556,arrondissant,1,1
18557,addition,1,1
18558,guill,1,1
18559,oriente,1,1
18560,enluminer,1,1
18561,vasseîage,1,1
18562,suzerain,1,1
18563,renouvellera,1,1
18564,spéciahsaton,1,1
18565,reux,1,1
18566,jociste,1,1
18567,palîl,1,1
18568,auelque,1,1
18569,consécutif,1,1
18570,terminus,1,1
18571,eatherhead,1,1
18572,vanne,1,1
18573,eçon,1,1
18574,navigable,1,1
18575,ethnologique,1,1
18576,wainwright,1,1
18577,iiiiiiiiiiiiniiiiiiiiiiiiiiiiiiiiiiiiiiiiiiiihiiiiniiiiiiiiiiiiiiiii,1,1
18578,peausserie,1,1
18579,mackenzie,1,1
18580,regarda,1,1
18581,melançon,1,1
18582,seur,1,1
18583,rev,1,1
18584,foultitude,1,1
18585,pilotant,1,1
18586,attiraient,1,1
18587,fascinaient,1,1
18588,contrariété,1,1
18589,dérivé,1,1
18590,effeuiller,1,1
18591,rampé,1,1
18592,tranquilisez,1,1
18593,shooteur,1,1
18594,trajectoire,1,1
18595,curipsité,1,1
18596,bruirent,1,1
18597,parton,1,1
18598,oùnotre,1,1
18599,cheminèrent,1,1
18600,inflammable,1,1
18601,amadou,1,1
18602,dansant,1,1
18603,cuira,1,1
18604,simm,1,1
18605,malencontreuse,1,1
18606,belette,1,1
18607,pommier,1,1
18608,prenant,1,1
18609,brabant,1,1
18610,épanoui,1,1
18611,sèch,1,1
18612,fabnque,1,1
18613,ambre,1,1
18614,santal,1,1
18615,façonne,1,1
18616,parfumera,1,1
18617,kim,1,1
18618,terer,1,1
18619,çai,1,1
18620,iiiimiiiiiiiiiiiiiiiiiimiiiiiihiiiiiiiiiiiiiiiiiiiiiiiiiiiiiiimhiiiiiiiiiiiiiiiiiiiiiimiimiiiiihiiuhiiiumiiiiimimimiiiiiiiiiiiiiiimi,1,1
18621,navale,1,1
18622,chimérie,1,1
18623,mmima,1,1
18624,arbitrage,1,1
18625,réflexe,1,1
18626,annuler,1,1
18627,noeud,1,1
18628,abîma,1,1
18629,pénates,1,1
18630,chemisette,1,1
18631,fontgcmbaud,1,1
18632,iiiiiiiiuiiiiiiiiminiiiiiijimiiiiiiimiiiiiiiiiiiiiiiiiuiiiiiiiiii,1,1
18633,succinctement,1,1
18634,toùs,1,1
18635,lamouche,1,1
18636,fénimore,1,1
18637,illust,1,1
18638,reluire,1,1
18639,entomologist,1,1
18640,itontfers,1,1
18641,préfacé,1,1
18642,meusien,1,1
18643,abrégé,1,1
18644,captiver,1,1
18645,illustratin,1,1
18646,tome,1,1
18647,gigord,1,1
18648,érudition,1,1
18649,paru,1,1
18650,theatr,1,1
18651,alfer,1,1
18652,climatique,1,1
18653,élecriqu,1,1
18654,perronnet,1,1
18655,fontromeu,1,1
18656,ement,1,1
18657,vhôtel,1,1
18658,gnère,1,1
18659,caprin,1,1
18660,connexe,1,1
18661,importation,1,1
18662,ralentissement,1,1
18663,importé,1,1
18664,résau,1,1
18665,légalement,1,1
18666,avep,1,1
18667,jij,1,1
18668,cïsîvi,1,1
18669,ram,1,1
18670,ejunessc,1,1
18671,prêparezv,1,1
18672,confian,1,1
18673,courrut,1,1
18674,meneé,1,1
18675,ran,1,1
18676,raille,1,1
18677,limitrophe,1,1
18678,lifeu,1,1
18679,pédestre,1,1
18680,dfe,1,1
18681,jeannne,1,1
18682,notarié,1,1
18683,personifier,1,1
18684,feanne,1,1
18685,ardiment,1,1
18686,urni,1,1
18687,inclination,1,1
18688,lignage,1,1
18689,arroi,1,1
18690,refuse,1,1
18691,bâilleront,1,1
18692,corrodée,1,1
18693,servante,1,1
18694,glaive,1,1
18695,vauchée,1,1
18696,joy,1,1
18697,doifc,1,1
18698,pouif,1,1
18699,sonu,1,1
18700,sesr,1,1
18701,cheveux,1,1
18702,dressassent,1,1
18703,pourpré,1,1
18704,ribaud,1,1
18705,affliger,1,1
18706,aveci,1,1
18707,jouteur,1,1
18708,métlarage,1,1
18709,queüi,1,1
18710,idre,1,1
18711,périssable,1,1
18712,aine,1,1
18713,ensanglant,1,1
18714,icorp,1,1
18715,esit,1,1
18716,exalté,1,1
18717,iionnut,1,1
18718,corjpe,1,1
18719,tfptte,1,1
18720,moinsf,1,1
18721,raccomplissement,1,1
18722,vauoouleur,1,1
18723,lépuiser,1,1
18724,calvair,1,1
18725,dirion,1,1
18726,ciu,1,1
18727,quant,1,1
18728,oelle,1,1
18729,orchestrer,1,1
18730,torturante,1,1
18731,cheveau,1,1
18732,chariue,1,1
18733,pauvret,1,1
18734,empêtrer,1,1
18735,rebuffade,1,1
18736,daine,1,1
18737,chaperon,1,1
18738,sainement,1,1
18739,raillée,1,1
18740,remÿ,1,1
18741,èrifin,1,1
18742,concaiuou,1,1
18743,advienn,1,1
18744,confine,1,1
18745,iiispirée,1,1
18746,entrepri,1,1
18747,paillard,1,1
18748,exorcisme,1,1
18749,croure,1,1
18750,jument,1,1
18751,hippiatr,1,1
18752,miraculeu,1,1
18753,pillard,1,1
18754,fréquenté,1,1
18755,ensommeillée,1,1
18756,sabot,1,1
18757,amortir,1,1
18758,complit,1,1
18759,puisou,1,1
18760,cravachent,1,1
18761,brançhe,1,1
18762,éveille,1,1
18763,truffer,1,1
18764,corvéable,1,1
18765,empierrer,1,1
18766,transie,1,1
18767,sure,1,1
18768,pudeur,1,1
18769,edeu,1,1
18770,sorcière,1,1
18771,sabbat,1,1
18772,confectionnée,1,1
18773,portoit,1,1
18774,émerveilleron,1,1
18775,tcrfit,1,1
18776,endolorir,1,1
18777,lière,1,1
18778,coudière,1,1
18779,cuissot,1,1
18780,meutrissure,1,1
18781,éfcer,1,1
18782,oppression,1,1
18783,céphalalgier,1,1
18784,carcan,1,1
18785,accablante,1,1
18786,meurtrissure,1,1
18787,qüelle,1,1
18788,triomphale,1,1
18789,huque,1,1
18790,brocart,1,1
18791,geau,1,1
18792,pressentiment,1,1
18793,aiguillonner,1,1
18794,besogner,1,1
18795,auparaver,1,1
18796,ohassaient,1,1
18797,escarpiopcive,1,1
18798,venûe,1,1
18799,acclament,1,1
18800,crouler,1,1
18801,incendier,1,1
18802,rencontr,1,1
18803,rejoindra,1,1
18804,nue,1,1
18805,auron,1,1
18806,perceval,1,1
18807,galope,1,1
18808,caniculaire,1,1
18809,catalaunique,1,1
18810,émacier,1,1
18811,chevauché,1,1
18812,arnie,1,1
18813,trottier,1,1
18814,éreintant,1,1
18815,indolence,1,1
18816,laissr,1,1
18817,arbalète,1,1
18818,randonnéf,1,1
18819,ellei,1,1
18820,accablement,1,1
18821,étuve,1,1
18822,oubliei,1,1
18823,hôtesse,1,1
18824,mania,1,1
18825,lanc,1,1
18826,jechec,1,1
18827,guynemer,1,1
18828,bistré,1,1
18829,contrecarrer,1,1
18830,jplu,1,1
18831,ses,1,1
18832,angélique,1,1
18833,jmopr,1,1
18834,buffe,1,1
18835,traquenard,1,1
18836,désarçonnant,1,1
18837,ligotée,1,1
18838,brisée,1,1
18839,hideux,1,1
18840,goujat,1,1
18841,endura,1,1
18842,enfermée,1,1
18843,parquer,1,1
18844,accroupie,1,1
18845,greffier,1,1
18846,perpétuellement,1,1
18847,révoltant,1,1
18848,épuisant,1,1
18849,corrompre,1,1
18850,crucifiante,1,1
18851,réssusciter,1,1
18852,tangiblement,1,1
18853,immatériellement,1,1
18854,jalonner,1,1
18855,miraculeuse,1,1
18856,débiliter,1,1
18857,chevauchant,1,1
18858,siacré,1,1
18859,nge,1,1
18860,pcent,1,1
18861,jvaucouleur,1,1
18862,teurer,1,1
18863,cté,1,1
18864,nnon,1,1
18865,denrée,1,1
18866,iess,1,1
18867,péristyle,1,1
18868,groupé,1,1
18869,construite,1,1
18870,emprisonnement,1,1
18871,cinescout,1,1
18872,hausse,1,1
18873,vom,1,1
18874,tatu,1,1
18875,musèe,1,1
18876,télégr,1,1
18877,rerre,1,1
18878,lepuellier,1,1
18879,egl,1,1
18880,euverte,1,1
18881,destourelle,1,1
18882,acroît,1,1
18883,verband,1,1
18884,mexique,1,1
18885,dominion,1,1
18886,guyane,1,1
18887,malaisie,1,1
18888,bezie,1,1
18889,britannicrue,1,1
18890,palestin,1,1
18891,rowe,1,1
18892,tante,1,1
18893,jongler,1,1
18894,epa,1,1
18895,hotellerie,1,1
18896,tabli,1,1
18897,concession,1,1
18898,hygiene,1,1
18899,variole,1,1
18900,holiday,1,1
18901,plana,1,1
18902,sappointement,1,1
18903,deâ,1,1
18904,gâtion,1,1
18905,instrumental,1,1
18906,eifliams,1,1
18907,êtref,1,1
18908,contractera,1,1
18909,changeur,1,1
18910,sélectivité,1,1
18911,manoeuvre,1,1
18912,avo,1,1
18913,radlolavo,1,1
18914,adapteur,1,1
18915,ebénisterî,1,1
18916,norité,1,1
18917,combinateur,1,1
18918,radiolavo,1,1
18919,nasillement,1,1
18920,pdsiumi,1,1
18921,wuf,1,1
18922,rüe,1,1
18923,compatissant,1,1
18924,courut,1,1
18925,assourdir,1,1
18926,gager,1,1
18927,dallé,1,1
18928,examinâme,1,1
18929,nauséabond,1,1
18930,fange,1,1
18931,stagnant,1,1
18932,inclinai,1,1
18933,tirâme,1,1
18934,ogival,1,1
18935,approchâme,1,1
18936,ferrurse,1,1
18937,ciseler,1,1
18938,niiiiiniiiiiiifiiiiiiiiiiifiiiiiniitiiiiiiiiiiiiiinnniiiiiiiiiiiimmiiiiiiiiiiiiiiiiiiiiiiiiiiiiiiiiiiiiiiiiuiiiiiiiimmiiiiiiimiimiimmii,1,1
18939,cédâtf,1,1
18940,inquisition,1,1
18941,pétale,1,1
18942,feudleter,1,1
18943,dcccii,1,1
18944,bénédictine,1,1
18945,magnus,1,1
18946,saxon,1,1
18947,inté,1,1
18948,ressant,1,1
18949,chronologique,1,1
18950,gracier,1,1
18951,recopier,1,1
18952,patric,1,1
18953,monastique,1,1
18954,archéologue,1,1
18955,enervé,1,1
18956,thilde,1,1
18957,qutl,1,1
18958,punissable,1,1
18959,colporter,1,1
18960,amélioron,1,1
18961,hygièn,1,1
18962,letcamp,1,1
18963,esquintisme,1,1
18964,écouton,1,1
18965,généralité,1,1
18966,récuser,1,1
18967,fteux,1,1
18968,judicieusement,1,1
18969,rotatif,1,1
18970,bâchée,1,1
18971,atavisme,1,1
18972,signatair,1,1
18973,voiturer,1,1
18974,phylloxéra,1,1
18975,avanta,1,1
18976,incriminé,1,1
18977,difficultésïde,1,1
18978,choeur,1,1
18979,joug,1,1
18980,ooo,1,1
18981,ometre,1,1
18982,automo,1,1
18983,relais,1,1
18984,carrosser,1,1
18985,carrosserie,1,1
18986,tank,1,1
18987,gobi,1,1
18988,ordo,1,1
18989,coman,1,1
18990,oscillant,1,1
18991,inster,1,1
18992,décoche,1,1
18993,papoose,1,1
18994,lustrer,1,1
18995,iiiiiiiiintntfiiiiiiiiiiiiiihiiiiiiiiiiiiiiiiiiiiiiiiihiifiifmiiiiiiiiinni,1,1
18996,touristique,1,1
18997,rituellement,1,1
18998,phosphorescent,1,1
18999,rôde,1,1
19000,tüaun,1,1
19001,maner,1,1
19002,kola,1,1
19003,bovidé,1,1
19004,renier,1,1
19005,grasseyant,1,1
19006,rougissant,1,1
19007,dilettante,1,1
19008,enfumer,1,1
19009,marna,1,1
19010,pte,1,1
19011,grassouillette,1,1
19012,perlée,1,1
19013,how,1,1
19014,bian,1,1
19015,ocre,1,1
19016,carié,1,1
19017,princier,1,1
19018,rétracter,1,1
19019,fde,1,1
19020,ncer,1,1
19021,embêter,1,1
19022,sérion,1,1
19023,signalé,1,1
19024,bientö,1,1
19025,tlil,1,1
19026,cüi,1,1
19027,ammoniac,1,1
19028,deï,1,1
19029,liquidejfse,1,1
19030,applicable,1,1
19031,donnéfet,1,1
19032,paraffine,1,1
19033,etal,1,1
19034,recommence,1,1
19035,intitul,1,1
19036,artésien,1,1
19037,assouplir,1,1
19038,violoncellist,1,1
19039,récital,1,1
19040,mnnimiimiiiiimiiiiiiiiiimmtiiiiiiimiiiimnnimmiiimmiiiiiiimimmiimuminii,1,1
19041,cmâàcoateà,1,1
19042,coutelier,1,1
19043,gaîne,1,1
19044,imputer,1,1
19045,soustraire,1,1
19046,restitution,1,1
19047,eagle,1,1
19048,grief,1,1
19049,chaier,1,1
19050,bilieux,1,1
19051,cetimmense,1,1
19052,nousfmaintenant,1,1
19053,desfmoyen,1,1
19054,premierjheu,1,1
19055,sandow,1,1
19056,récriminer,1,1
19057,dornier,1,1
19058,avèc,1,1
19059,membrure,1,1
19060,îüiill,1,1
19061,tllii,1,1
19062,mièr,1,1
19063,enlmanoeuvrant,1,1
19064,aulpoint,1,1
19065,moteür,1,1
19066,rossoutrot,1,1
19067,jiiiiiitjiiiiiiiiiiiiiiiiiiiiiiiuiiiiiiiiiiiiiiijiiiiiiiriiiiiiiiiiiütiiiiiifiiiiiiiitiiiiiiiiiiiiiiiiiihiiiiiifiiiiuiiiiiiiiiiiiiiiiiiiiiiiiianiiiisiihv,1,1
19068,massau,1,1
19069,duréeetà,1,1
19070,datenaissaitaussila,1,1
19071,lejour,1,1
19072,volqnté,1,1
19073,trame,1,1
19074,ambitieusesuprématie,1,1
19075,délibéré,1,1
19076,malaisé,1,1
19077,flammarion,1,1
19078,constat,1,1
19079,renvoi,1,1
19080,générai,1,1
19081,casablanca,1,1
19082,fpançoi,1,1
19083,captiva,1,1
19084,marzac,1,1
19085,piésidé,1,1
19086,angoumois,1,1
19087,assiduité,1,1
19088,dédoublement,1,1
19089,vpu,1,1
19090,lutgé,1,1
19091,réch,1,1
19092,aud,1,1
19093,peter,1,1
19094,cailler,1,1
19095,lactée,1,1
19096,remontoir,1,1
19097,harwood,1,1
19098,météore,1,1
19099,citèq,1,1
19100,postani,1,1
19101,chaqt,1,1
19102,atlltté,1,1
19103,davb,1,1
19104,tidigitateur,1,1
19105,fuyant,1,1
19106,leor,1,1
19107,accè,1,1
19108,provenchere,1,1
19109,lautenbach,1,1
19110,metzeral,1,1
19111,sewen,1,1
19112,leut,1,1
19113,escrimer,1,1
19114,qualifié,1,1
19115,embaumer,1,1
19116,tutélaire,1,1
19117,présomptif,1,1
19118,poudrière,1,1
19119,hygrométrique,1,1
19120,enflammenqrien,1,1
19121,enchâsser,1,1
19122,masselote,1,1
19123,brequin,1,1
19124,agilement,1,1
19125,onlyl,1,1
19126,exclusive,1,1
19127,jiiiiiiiiiiiiiiiiiiiiiiiiiiiiififfiiiriiiriimiimiuii,1,1
19128,mmffnmfüiiiiiimiimiimmmiiriif,1,1
19129,accréditer,1,1
19130,carène,1,1
19131,copain,1,1
19132,flambée,1,1
19133,chevelu,1,1
19134,acrobate,1,1
19135,ablette,1,1
19136,propulseur,1,1
19137,amollissant,1,1
19138,glane,1,1
19139,manufacturé,1,1
19140,générateur,1,1
19141,désertique,1,1
19142,oint,1,1
19143,justesse,1,1
19144,nabl,1,1
19145,déchausser,1,1
19146,arquer,1,1
19147,antéro,1,1
19148,verticalité,1,1
19149,attachez,1,1
19150,economiser,1,1
19151,davan,1,1
19152,denal,1,1
19153,pesée,1,1
19154,dégagement,1,1
19155,blotti,1,1
19156,soa,1,1
19157,effilocher,1,1
19158,pénétrable,1,1
19159,conseille,1,1
19160,piger,1,1
19161,résidu,1,1
19162,baliverner,1,1
19163,augur,1,1
19164,durillon,1,1
19165,effilochant,1,1
19166,tviiittmiiiiiiiiiiiiiiiiiiiiiiiiiiiiiiiiiiiiiiiiiiiiirimiiiiiirmiiiifiittiiittitivtmmiitiiiiiiiitiiiiiiiiiiifitiiiiiu,1,1
19167,précaire,1,1
19168,cytise,1,1
19169,troène,1,1
19170,flasque,1,1
19171,ramée,1,1
19172,détruison,1,1
19173,banqueroute,1,1
19174,amidon,1,1
19175,seccotine,1,1
19176,délabrer,1,1
19177,insinuation,1,1
19178,vidée,1,1
19179,étédonner,1,1
19180,épicé,1,1
19181,fortabl,1,1
19182,abominablement,1,1
19183,dunlop,1,1
19184,perfidie,1,1
19185,méhari,1,1
19186,regardez,1,1
19187,ciron,1,1
19188,sorteni,1,1
19189,jurassique,1,1
19190,inwithiiimmammihiniiiiiiiiiniiiiiihiimmmimiiiiiiiiiiiniiiiim,1,1
19191,dansé,1,1
19192,ballet,1,1
19193,mouniagna,1,1
19194,chantre,1,1
19195,fabliau,1,1
19196,ménestrel,1,1
19197,vostr,1,1
19198,este,1,1
19199,trè,1,1
19200,accolé,1,1
19201,lan,1,1
19202,iiiihiiiiiiiiihiiiiihiiiiiihiiiiiiiii,1,1
19203,tamis,1,1
19204,volaill,1,1
19205,récure,1,1
19206,arcachon,1,1
19207,matant,1,1
19208,imnnmiiiiiiimmiiiiiiiiiiiimiiinnniiiiiiiiiiiiimiiimiiinniiiiiiiiiiiimiiimiiiiimiiiiiiiimiiiinniniinnnii,1,1
19209,indubitable,1,1
19210,inesthétique,1,1
19211,bic,1,1
19212,moyennant,1,1
19213,peinera,1,1
19214,catnpèrer,1,1
19215,susurrer,1,1
19216,manutention,1,1
19217,échangé,1,1
19218,indiscrétion,1,1
19219,neigeu,1,1
19220,débandadê,1,1
19221,ins,1,1
19222,tantanément,1,1
19223,cente,1,1
19224,coulisser,1,1
19225,cin,1,1
19226,quieme,1,1
19227,rette,1,1
19228,bâche,1,1
19229,excell,1,1
19230,iiiiiiiiiiiiiiiiiiiiiiimiiiiiiiiiiiiiiiiiiiiihiiiiiiiiiiimiiiiiiiiiiiiiiiiiiiiiiiiiiiiiiimiiiiiiiiiiiiiiiiiiiiiiiiniiiiiiiiiiiuiitftttmiiiii,1,1
19231,prohiber,1,1
19232,cunégonde,1,1
19233,aléatoire,1,1
19234,majorer,1,1
19235,equipéeavec,1,1
19236,formant,1,1
19237,vrac,1,1
19238,contreplaquer,1,1
19239,autogène,1,1
19240,propulsion,1,1
19241,déballer,1,1
19242,maniabilité,1,1
19243,départemental,1,1
19244,féviier,1,1
19245,lumine,1,1
19246,fureteur,1,1
19247,houche,1,1
19248,gpner,1,1
19249,niiiiiiiiiiihiiiiiiiiiiiiiiiiilini,1,1
19250,uiiiiiiiiiiiiiiiiiiiiiiiiiiiiiihhhiië,1,1
19251,secher,1,1
19252,oxi,1,1
19253,mati,1,1
19254,incombustible,1,1
19255,serole,1,1
19256,notablement,1,1
19257,consistant,1,1
19258,colza,1,1
19259,triturer,1,1
19260,prématuré,1,1
19261,par,1,1
19262,lustr,1,1
19263,profition,1,1
19264,iiiiiiiiiiiiiiiiiiiiiiiiiiihiiiiiiiiiiiiiiiiii,1,1
19265,aiiiiiiiiiiiiiiimiiiiiuititiiiiiiiiiiiiiiiin,1,1
19266,iiiiiiiiiiiiiiiiiiiiiiiimiiimiiiiiiiiiiiiiii,1,1
19267,vïcsu,1,1
19268,douiq,1,1
19269,füiovi,1,1
19270,franchit,1,1
19271,mécène,1,1
19272,confrérie,1,1
19273,suprématie,1,1
19274,nuiiiiiiimiiiiiinujoiifiiiiiuiiiuâiiiiiiuiiiiiiiiiiijiiiiiiiiiniiiiiiiiuiiiiuuimiiiiiiiiiiiiiiiiiiiiiiiiiiiiiiiiiiiiiiimiiiiiiiiiimiinuk,1,1
19275,nousvouler,1,1
19276,expénencé,1,1
19277,haitabl,1,1
19278,fragilité,1,1
19279,compatible,1,1
19280,couiert,1,1
19281,pectiv,1,1
19282,aiiiiiiiiiitiiiiiiiiiiiiiiiiiiiiiitiiiiiiiiiiiiiiiiiiiiiiiiimiiiiiiiiiiiiiiiiiiiiiiiiiiimiiiiiiiimiiiiiiiiiiiiiiiiiiiiiiiiiiimiiiiiiiiiiiiiiiiiiiiiiiiiai,1,1
19283,cuillère,1,1
19284,latente,1,1
19285,desac,1,1
19286,sonorité,1,1
19287,xxoooooooooooooooooooooooooooooooooooc,1,1
19288,yakima,1,1
19289,ayec,1,1
19290,ingénienra,1,1
19291,faoorable,1,1
19292,ïaimabl,1,1
19293,brasill,1,1
19294,brumasse,1,1
19295,coquettement,1,1
19296,martinique,1,1
19297,nuageux,1,1
19298,dépointer,1,1
19299,fauche,1,1
19300,posture,1,1
19301,boulinier,1,1
19302,engante,1,1
19303,chassé,1,1
19304,croisure,1,1
19305,timoré,1,1
19306,objecte,1,1
19307,contremaître,1,1
19308,amateloter,1,1
19309,tru,1,1
19310,enchérir,1,1
19311,plumon,1,1
19312,accru,1,1
19313,estafette,1,1
19314,tinte,1,1
19315,suraigu,1,1
19316,ameuter,1,1
19317,épissoir,1,1
19318,garcetter,1,1
19319,grenade,1,1
19320,arpente,1,1
19321,avarie,1,1
19322,erse,1,1
19323,bitord,1,1
19324,suppléeront,1,1
19325,organeal,1,1
19326,poignarder,1,1
19327,cambuse,1,1
19328,suppôt,1,1
19329,munitionnaire,1,1
19330,clandestinement,1,1
19331,calier,1,1
19332,baille,1,1
19333,faubert,1,1
19334,volter,1,1
19335,lourdaud,1,1
19336,mollira,1,1
19337,inspecté,1,1
19338,rambarde,1,1
19339,fronteau,1,1
19340,iniiiiiiiiinnniiiiiimiiiiiiiiiiiminniiiiiiiiniiiiiiiiiiiiiiiiiiiiiiiimiiiimiiimimiuiiuniiiiiiiiiiiniiiniiiiiiiuiiiiuiiiiu,1,1
19341,embouchant,1,1
19342,braillard,1,1
19343,quoif,1,1
19344,excepter,1,1
19345,théorème,1,1
19346,daube,1,1
19347,docte,1,1
19348,manœuvrièr,1,1
19349,jubilation,1,1
19350,glène,1,1
19351,oculaire,1,1
19352,enganter,1,1
19353,malsaine,1,1
19354,bordez,1,1
19355,abatée,1,1
19356,fictive,1,1
19357,pointillé,1,1
19358,importun,1,1
19359,archaïque,1,1
19360,prémédité,1,1
19361,buissonneux,1,1
19362,flair,1,1
19363,roncier,1,1
19364,escaladable,1,1
19365,muiuimnannnii,1,1
19366,imiiniiiiiiiiuuiiiniiiiiiiiiiiiiimiiiiiiiiuiuuiuiiiiiiiiiiiiuiiiiiiiiiiiiiiiiiiiiiiiiinimiiiiiiiiiinuiiuiu,1,1
19367,regaillardir,1,1
19368,mouvante,1,1
19369,échancrer,1,1
19370,permettaient,1,1
19371,vraisemblance,1,1
19372,chêneme,1,1
19373,interrogateur,1,1
19374,prévint,1,1
19375,vercle,1,1
19376,liaire,1,1
19377,uiiimiiiiiiiiiiiiiiniiiiiiiiimiiiiiiiiiiiiimfii,1,1
19378,rapporterez,1,1
19379,géliair,1,1
19380,entoureron,1,1
19381,aiguillonnant,1,1
19382,saluâme,1,1
19383,ricanement,1,1
19384,engageer,1,1
19385,bleuissait,1,1
19386,rarha,1,1
19387,baiabd,1,1
19388,eèèeg,1,1
19389,uip,1,1
19390,jiocju,1,1
19391,hoai,1,1
19392,senlisienn,1,1
19393,chier,1,1
19394,saupopdtaru,1,1
19395,ehn,1,1
19396,krteau,1,1
19397,doler,1,1
19398,taase,1,1
19399,nviivu,1,1
19400,louib,1,1
19401,photograhiqu,1,1
19402,dim,1,1
19403,moy,1,1
19404,nickelé,1,1
19405,etole,1,1
19406,molesquin,1,1
19407,portail,1,1
19408,ave,1,1
19409,roudre,1,1
19410,granule,1,1
19411,lîiv,1,1
19412,mimitesi,1,1
19413,forfaitaire,1,1
19414,bot,1,1
19415,alger,1,1
19416,échangeable,1,1
19417,roulem,1,1
19418,liseur,1,1
19419,cellophane,1,1
19420,embrase,1,1
19421,rêvion,1,1
19422,machinisme,1,1
19423,inhumain,1,1
19424,plair,1,1
19425,lilas,1,1
19426,verveine,1,1
19427,obtien,1,1
19428,mordu,1,1
19429,chausson,1,1
19430,tourbillonn,1,1
19431,allongent,1,1
19432,trèmpé,1,1
19433,hagarde,1,1
19434,épousée,1,1
19435,gaîment,1,1
19436,sangler,1,1
19437,xil,1,1
19438,sgoutide,1,1
19439,grock,1,1
19440,répugner,1,1
19441,feindre,1,1
19442,userai,1,1
19443,subterfuge,1,1
19444,chantage,1,1
19445,trainard,1,1
19446,initié,1,1
19447,méditatif,1,1
19448,pontinuel,1,1
19449,aspirateur,1,1
19450,star,1,1
19451,pointi,1,1
19452,gopher,1,1
19453,gary,1,1
19454,lor,1,1
19455,dien,1,1
19456,cabin,1,1
19457,stoney,1,1
19458,cow,1,1
19459,fouill,1,1
19460,cassin,1,1
19461,louper,1,1
19462,boulot,1,1
19463,japhet,1,1
19464,meur,1,1
19465,swià,1,1
19466,mime,1,1
19467,stérilité,1,1
19468,offusquer,1,1
19469,intro,1,1
19470,réelle,1,1
19471,tréteau,1,1
19472,uiimniînnnimumiiniiimiiiiiiiiiiuniiimiiiiiiiiiiiiiimiiiiiimimiiimmnniiiiiiiiiimiiiiiniiiuimimimi,1,1
19473,planquer,1,1
19474,bleuir,1,1
19475,dévisagent,1,1
19476,enfilade,1,1
19477,bicoque,1,1
19478,ciale,1,1
19479,coordonné,1,1
19480,jianter,1,1
19481,profilé,1,1
19482,atterrisseur,1,1
19483,portantejde,1,1
19484,nejm,1,1
19485,construisai,1,1
19486,etudie,1,1
19487,sache,1,1
19488,enventeàlalibrairie,1,1
19489,nervure,1,1
19490,émaillite,1,1
19491,haubanner,1,1
19492,réglabler,1,1
19493,réunira,1,1
19494,torea,1,1
19495,nité,1,1
19496,malsonnant,1,1
19497,véhémentement,1,1
19498,opinent,1,1
19499,souffrer,1,1
19500,rie,1,1
19501,cjuc,1,1
19502,module,1,1
19503,peage,1,1
19504,erance,1,1
19505,étç,1,1
19506,écorcè,1,1
19507,nouvellè,1,1
19508,achalandé,1,1
19509,bouffonnerie,1,1
19510,devalloire,1,1
19511,chauny,1,1
19512,pèlérinage,1,1
19513,sonna,1,1
19514,apparel,1,1
19515,fmimmniirmiiitfiiiwf,1,1
19516,iurnrr,1,1
19517,mînnrr,1,1
19518,înmiw,1,1
19519,iiwwiibfirmi,1,1
19520,rumrt,1,1
19521,tnintn,1,1
19522,nriiniiin,1,1
19523,harraesé,1,1
19524,cltèq,1,1
19525,demanda,1,1
19526,panl,1,1
19527,alber,1,1
19528,chileao,1,1
19529,langeai,1,1
19530,montrichasd,1,1
19531,miser,1,1
19532,seine,1,1
19533,férié,1,1
19534,arêt,1,1
19535,jumiège,1,1
19536,minu,1,1
19537,tmil,1,1
19538,xola,1,1
19539,honoron,1,1
19540,iiiuih,1,1
19541,ducercle,1,1
19542,souligna,1,1
19543,canîribuer,1,1
19544,locataire,1,1
19545,cetté,1,1
19546,gestë,1,1
19547,anglede,1,1
19548,outrage,1,1
19549,réparateur,1,1
19550,souveigne,1,1
19551,toy,1,1
19552,ditz,1,1
19553,jettèrent,1,1
19554,luthérien,1,1
19555,anabaptiste,1,1
19556,teuton,1,1
19557,papiste,1,1
19558,impiété,1,1
19559,profanation,1,1
19560,courroucer,1,1
19561,incontinent,1,1
19562,ensuivan,1,1
19563,sçaver,1,1
19564,çast,1,1
19565,dict,1,1
19566,luy,1,1
19567,escu,1,1
19568,expiateur,1,1
19569,aill,1,1
19570,mandement,1,1
19571,tournois,1,1
19572,outrageusement,1,1
19573,délia,1,1
19574,engourdie,1,1
19575,vatel,1,1
19576,résolu,1,1
19577,msigne,1,1
19578,existion,1,1
19579,imbattable,1,1
19580,sojn,1,1
19581,piqueter,1,1
19582,revêche,1,1
19583,bouchère,1,1
19584,magloère,1,1
19585,apitoyer,1,1
19586,larbi,1,1
19587,diabolique,1,1
19588,impossibleà,1,1
19589,attenir,1,1
19590,ccrrmarder,1,1
19591,mortier,1,1
19592,nostrois,1,1
19593,leux,1,1
19594,siihiiiiiiiuiiiiiiiiiiiiiiiirifiiiiiiiiiiiiiiiijiiiiiiiiiiiiiiiiiiiiiiiiiiiiijiiiiniiiiiiiiniiiiiiiiiiiiiiiiiiiiiiiiiiiiiiuiiiiiiiiiiiiiiiiiiiiiiiniiiiiim,1,1
19595,pimenté,1,1
19596,vertigineusement,1,1
19597,lampadaire,1,1
19598,surélevée,1,1
19599,grafrde,1,1
19600,angkorvat,1,1
19601,cabaret,1,1
19602,meyer,1,1
19603,ilot,1,1
19604,poétise,1,1
19605,décèlent,1,1
19606,possédé,1,1
19607,abrite,1,1
19608,consentie,1,1
19609,tureus,1,1
19610,féral,1,1
19611,ouen,1,1
19612,eanne,1,1
19613,acquiescer,1,1
19614,argumenter,1,1
19615,cédule,1,1
19616,iiiiiiiiiiiiiiiiiiiiiuiiiiiiiiuiiiiiiiimiiiniiuiiiiiiiiiiiiiiriiiimiiiuiiiuiiiiiiiiuiiiu,1,1
19617,esperer,1,1
19618,quier,1,1
19619,mané,1,1
19620,dirigeable,1,1
19621,réprésentation,1,1
19622,obligeamment,1,1
19623,baladin,1,1
19624,anémie,1,1
19625,accompagnaient,1,1
19626,vizzavouc,1,1
19627,médaillé,1,1
19628,méruvien,1,1
19629,montmille,1,1
19630,brumeu,1,1
19631,grisâtre,1,1
19632,mesnil,1,1
19633,iiuiiiiiiiiiiiitiiiiiiiiiiiiiiiiiiiuiiiiiiiiiiiiiiiiiiiiiiiiiiiiiiiiiiiiiiiiiiiiiiiiiiiiiiiiiiiiiiiiiiiiiiiiiiiiiiiiiiiiiiiiiiuiiiiiifiiiiiimin,1,1
19634,flocon,1,1
19635,cuque,1,1
19636,autie,1,1
19637,oule,1,1
19638,bocage,1,1
19639,touchante,1,1
19640,téléph,1,1
19641,ârc,1,1
19642,huiler,1,1
19643,molleton,1,1
19644,ipostal,1,1
19645,peadant,1,1
19646,jle,1,1
19647,utlliu,1,1
19648,qyartier,1,1
19649,abonnemenit,1,1
19650,favanc,1,1
19651,regrettîer,1,1
19652,ecclétiattiqu,1,1
19653,achetar,1,1
19654,éleia,1,1
19655,éleetricité,1,1
19656,tüoler,1,1
19657,ïïæ,1,1
19658,roiticr,1,1
19659,iimn,1,1
19660,baliveau,1,1
19661,vay,1,1
19662,tra,1,1
19663,êtrer,1,1
19664,blier,1,1
19665,diago,1,1
19666,iiiiiiiiiiiiiiiiimiiiiiiiiiiiiiiiiiiiiiiiiiniiimiimiimiimiimuiiiiiiiimi,1,1
19667,grandfboi,1,1
19668,assau,1,1
19669,nale,1,1
19670,levage,1,1
19671,tendepr,1,1
19672,sonrier,1,1
19673,frétillement,1,1
19674,musquer,1,1
19675,barbata,1,1
19676,rancune,1,1
19677,cali,1,1
19678,fourchon,1,1
19679,cabrioler,1,1
19680,harponner,1,1
19681,yourte,1,1
19682,mangion,1,1
19683,campion,1,1
19684,remblai,1,1
19685,fencor,1,1
19686,miiifi,1,1
19687,chaperonner,1,1
19688,décapuchonner,1,1
19689,jamboréen,1,1
19690,éducatrice,1,1
19691,entretiendra,1,1
19692,iiiiiiiimiiiiiiiimiiimiiiiiiiiii,1,1
19693,tanl,1,1
19694,cessation,1,1
19695,évêqu,1,1
19696,botiton,1,1
19697,négation,1,1
19698,illllllillllllllllllllllllllllllllllllllllllllllllllllllllllllllllllllllllllllllllllllllllllllllllllllllllligillllllllllllllllllllllllllllllllllllllllllllllllllliliiiiiiiiiii,1,1
19699,wotiie,1,1
19700,hervesmjeijx,1,1
19701,bonze,1,1
19702,gabon,1,1
19703,ïnde,1,1
19704,ary,1,1
19705,iiiiiiiiiiiiiiiiiiiiiiiiiiiiiiiiiiiiiiiiiiiiiiiiiiiiiiiiiibiiiiiiiiiiiiiiiiiiiiiiiiiiiiiiiiiiiiiimiii,1,1
19706,beaudroit,1,1
19707,dépeupla,1,1
19708,rel,1,1
19709,boucanage,1,1
19710,toah,1,1
19711,lafmesse,1,1
19712,bariolé,1,1
19713,asseoient,1,1
19714,haranguer,1,1
19715,montaquai,1,1
19716,laiteux,1,1
19717,moire,1,1
19718,iimihiiïnimhïni,1,1
19719,disproportionné,1,1
19720,tâtonner,1,1
19721,communicatif,1,1
19722,mogénéité,1,1
19723,outrer,1,1
19724,caste,1,1
19725,chauvinisme,1,1
19726,critiqueraient,1,1
19727,regimber,1,1
19728,iiiiiiiiiiiiiiiiiiiiiiiiniiiiiii,1,1
19729,iiiiiiimniiiiiiiiimiiiiiiiii,1,1
19730,bulgare,1,1
19731,pharmaci,1,1
19732,alléchant,1,1
19733,soü,1,1
19734,chard,1,1
19735,tourie,1,1
19736,jeannette,1,1
19737,grimaud,1,1
19738,vactivité,1,1
19739,uimage,1,1
19740,demandez,1,1
19741,àgenre,1,1
19742,abreschwillier,1,1
19743,metzera,1,1
19744,saale,1,1
19745,ccupation,1,1
19746,enseignemen,1,1
19747,stii,1,1
19748,chaqaa,1,1
19749,mein,1,1
19750,avaase,1,1
19751,aveer,1,1
19752,pesa,1,1
19753,totrk,1,1
19754,uimiiii,1,1
19755,déshonorer,1,1
19756,nvière,1,1
19757,grant,1,1
19758,déchargement,1,1
19759,rechargement,1,1
19760,hâlage,1,1
19761,mandabe,1,1
19762,inexpérience,1,1
19763,passable,1,1
19764,inhospitalier,1,1
19765,surnageait,1,1
19766,igé,1,1
19767,moignon,1,1
19768,caféier,1,1
19769,mhfmiiiiiimimiiiiiiiiiiiiiiiiiiiimiiiiiiiiiiiiiiiiiiiiiiiimiimiitminiiiiiiimimiiii,1,1
19770,anis,1,1
19771,aquavit,1,1
19772,redite,1,1
19773,périmètre,1,1
19774,hambourgeois,1,1
19775,kol,1,1
19776,toure,1,1
19777,casino,1,1
19778,monstrueu,1,1
19779,glauque,1,1
19780,clapoter,1,1
19781,ponton,1,1
19782,capharnaüm,1,1
19783,appareiller,1,1
19784,hitlérien,1,1
19785,shupo,1,1
19786,zoo,1,1
19787,gorille,1,1
19788,iiiiiiiiiiinr,1,1
19789,cannibale,1,1
19790,calédonien,1,1
19791,océanien,1,1
19792,serrement,1,1
19793,défensif,1,1
19794,timbrage,1,1
19795,armorier,1,1
19796,chion,1,1
19797,scan,1,1
19798,iiiiiiiiiiiimiiimiiiiiiimiiiiiiiiiiiiiiiuiiiiiniiiiiiiiiiiiiiiiiiiiiiiiiiiiiiiihiiiiiiiiiiiii,1,1
19799,dinave,1,1
19800,nir,1,1
19801,iiiimniiiiiiiiiiiiiiiiimi,1,1
19802,éxagérer,1,1
19803,insurger,1,1
19804,affadir,1,1
19805,iiiiiiiiiiiiiitiiiiiiiiiiiiiiiiiiiiiiiiiiiiiiiiiiiiiiiiiiiiiiiiiiiiiiiiiiiiiiiiiiiiiiiiiiiiiiiiiiimiiiiiiiiiiiiiiiiiiiiiiiiiimniiiiiiiiiiiiiiiiiiiiiiiuiiiiiiiiiiiuiiii,1,1
19806,limillllllllllllllllllllllullllllllllllllllllilllllllllllllllllllllliiiii,1,1
19807,mid,1,1
19808,décomposée,1,1
19809,bréler,1,1
19810,édificatiop,1,1
19811,iiiiiiiiiiiiiiiiiiiiiiiiiiiiiiiiiiiiiiiiiiiiiiiiiiiiiiiiiiiiiiiiiiiiiiiiiiiiiiiiiiiiiiiiiiiiiilllllllllllillllllllllllllllllhiiiiiiiiiiiiiiiiiiiiiiiiiiiiiiiiiiiiiiiililllll,1,1
19812,haillon,1,1
19813,mette,1,1
19814,houseteau,1,1
19815,prirent,1,1
19816,madame,1,1
19817,menilmuch,1,1
19818,nivernais,1,1
19819,ménilmontant,1,1
19820,vélum,1,1
19821,échafaudaient,1,1
19822,pépiniériste,1,1
19823,accommodant,1,1
19824,transplanter,1,1
19825,nour,1,1
19826,pouriqu,1,1
19827,rofite,1,1
19828,urpnse,1,1
19829,grainetier,1,1
19830,jardinier,1,1
19831,égoïne,1,1
19832,rejet,1,1
19833,racinesy,1,1
19834,iéflexon,1,1
19835,averti,1,1
19836,conteste,1,1
19837,malveillance,1,1
19838,sati,1,1
19839,déficient,1,1
19840,coquette,1,1
19841,iimnniuuiiiiiniiiiiiii,1,1
19842,grent,1,1
19843,rapatrier,1,1
19844,railleur,1,1
19845,mézeu,1,1
19846,groue,1,1
19847,alternèrent,1,1
19848,iiiiiiiiiiiiiiiiiiiiiiiiiiiiiiiiiiiiiiiiiiiiiiiiiiiiiiiiiiaiiaaiiiiiiiiiiiiiriiiiiiiiiiiikiiitiiiiiiiîi,1,1
19849,levi,1,1
19850,pichon,1,1
19851,rûle,1,1
19852,troupei,1,1
19853,aequo,1,1
19854,varce,1,1
19855,altitüde,1,1
19856,dévaliser,1,1
19857,insoumis,1,1
19858,ingurgiter,1,1
19859,effectué,1,1
19860,démunir,1,1
19861,annécien,1,1
19862,limousin,1,1
19863,dipl,1,1
19864,tugduald,1,1
19865,tail,1,1
19866,décentrement,1,1
19867,iconomètr,1,1
19868,obt,1,1
19869,correspondanc,1,1
19870,célinie,1,1
19871,fiançaiilet,1,1
19872,soye,1,1
19873,riâm,1,1
19874,iiiimimimimiiiiiiimmiiiiiiiitiiiim,1,1
19875,legendre,1,1
19876,iiiiiiiiiiiiiiiiiiiiiiiiiiiiiiiiiiiiiiiiiiiiiiiiiiiiiiiiiiiiiiiiiiiiiiimiiiiiimiiiiiimmmiim,1,1
19877,cirkeln,1,1
19878,hâlsingborg,1,1
19879,moustiqu,1,1
19880,iiiiiiiiiiiihiiiiiiiiiiiiiiiiiiiiiiniiiiimiiiiiiiiiiiiiiininniiiiihiiiiiiiimiiiiihmiiiiiiiiiiimiiiiiiiiniiiiiiimiiiimiihiiiiiiiiiiiiiiiiliiiiiiiiiiiiiiii,1,1
19881,ecrit,1,1
19882,abbéescojfier,1,1
19883,paléographe,1,1
19884,évangéliste,1,1
19885,glossaire,1,1
19886,ecangile,1,1
19887,iiiiiiiiiiiiiiiiiniiiiiuiiliiiiiiiiiiiiiihiiiiiiiiifiiiiimmiimmiiiiiihiiiiiiiiiuiihiiiiii,1,1
19888,synthétise,1,1
19889,oiton,1,1
19890,côurage,1,1
19891,efficient,1,1
19892,influent,1,1
19893,circonscrire,1,1
19894,éffraction,1,1
19895,amiiimiiimmiiimiiiiimiiiiim,1,1
19896,arbi,1,1
19897,rebondisson,1,1
19898,transborder,1,1
19899,impedimenta,1,1
19900,fei,1,1
19901,gâta,1,1
19902,sommer,1,1
19903,loge,1,1
19904,transpirer,1,1
19905,boérale,1,1
19906,nimmittoha,1,1
19907,windigo,1,1
19908,radoucir,1,1
19909,tatouage,1,1
19910,enfdétail,1,1
19911,raisonne,1,1
19912,mèmc,1,1
19913,ercn,1,1
19914,suri,1,1
19915,spé,1,1
19916,cialement,1,1
19917,proyince,1,1
19918,fcouleur,1,1
19919,rituel,1,1
19920,chefsdela,1,1
19921,badré,1,1
19922,nancéien,1,1
19923,iiiiiiiiiiiiiiigiiiiiiiiiiiiiiiiiiiiiiiiiiiiiiiiiiiiiiiiiiiiiiiiiiiiiiiiiiiiiiiiiiiiiiiiiihiiiiinim,1,1
19924,raver,1,1
19925,campism,1,1
19926,clervau,1,1
19927,savoie,1,1
19928,ineffaçable,1,1
19929,excavation,1,1
19930,plombière,1,1
19931,discernement,1,1
19932,desonaum,1,1
19933,objection,1,1
19934,global,1,1
19935,vindien,1,1
19936,mascotte,1,1
19937,ratrch,1,1
19938,sesrlee,1,1
19939,chmtbse,1,1
19940,cfièq,1,1
19941,vaceace,1,1
19942,rune,1,1
19943,villèa,1,1
19944,sej,1,1
19945,ourna,1,1
19946,ioiu,1,1
19947,ner,1,1
19948,aucun,1,1
19949,ticul,1,1
19950,pam,1,1
19951,imprimée,1,1
19952,vile,1,1
19953,revender,1,1
19954,surdité,1,1
19955,sécession,1,1
19956,ausstôt,1,1
19957,viell,1,1
19958,dorm,1,1
19959,congéd,1,1
19960,électrocutant,1,1
19961,tuation,1,1
19962,pffrit,1,1
19963,soc,1,1
19964,impatientèrent,1,1
19965,spéculateur,1,1
19966,prit,1,1
19967,appointement,1,1
19968,responsabil,1,1
19969,éta,1,1
19970,marivelle,1,1
19971,parlant,1,1
19972,dérabl,1,1
19973,iiimi,1,1
19974,incandescent,1,1
19975,atte,1,1
19976,transm,1,1
19977,stenc,1,1
19978,constru,1,1
19979,appare,1,1
19980,gné,1,1
19981,prem,1,1
19982,fusible,1,1
19983,cule,1,1
19984,cinétophone,1,1
19985,synthét,1,1
19986,phénol,1,1
19987,alcalin,1,1
19988,edison,1,1
19989,perm,1,1
19990,trava,1,1
19991,que,1,1
19992,sez,1,1
19993,constata,1,1
19994,gravé,1,1
19995,tand,1,1
19996,espo,1,1
19997,câbla,1,1
19998,tièm,1,1
19999,fat,1,1
20000,conner,1,1
20001,îerre,1,1
20002,érer,1,1
20003,tmiiiiiiiiiiiiiiiiiiiiiiiiiiiiiiiiiiiiiiiiiiiiiiiiiiiiiiiiimiiitii,1,1
20004,arahâba,1,1
20005,betsiléo,1,1
20006,aidion,1,1
20007,rantsoa,1,1
20008,viler,1,1
20009,dais,1,1
20010,pompeusement,1,1
20011,pore,1,1
20012,mouvementé,1,1
20013,empreint,1,1
20014,scvuu,1,1
20015,malgachev,1,1
20016,sser,1,1
20017,privilégié,1,1
20018,brioche,1,1
20019,beurré,1,1
20020,hque,1,1
20021,tli,1,1
20022,consedler,1,1
20023,singul,1,1
20024,inhérent,1,1
20025,astreignant,1,1
20026,stration,1,1
20027,particuher,1,1
20028,ntenir,1,1
20029,élaboraton,1,1
20030,tution,1,1
20031,financière,1,1
20032,scour,1,1
20033,onner,1,1
20034,suppl,1,1
20035,sonnabl,1,1
20036,quelffiie,1,1
20037,renversa,1,1
20038,extincteur,1,1
20039,rail,1,1
20040,appro,1,1
20041,chait,1,1
20042,yard,1,1
20043,nagea,1,1
20044,bougea,1,1
20045,iiiiiiiiiimiimiimiiiiitiiiiiiiiiniiiiiiiiiiiiiiiiiiiiimminiiiiitii,1,1
20046,ouvell,1,1
20047,ébranchage,1,1
20048,bascule,1,1
20049,enregistron,1,1
20050,déficience,1,1
20051,ménilmuche,1,1
20052,capote,1,1
20053,splend,1,1
20054,automédon,1,1
20055,briscard,1,1
20056,servo,1,1
20057,rossinant,1,1
20058,feudîe,1,1
20059,vérification,1,1
20060,aspersion,1,1
20061,bœn,1,1
20062,gestion,1,1
20063,convalescent,1,1
20064,démentir,1,1
20065,adversair,1,1
20066,raisme,1,1
20067,iiiiiiiiiiiiiiiiiiiiiiiimiiiiiiiiiiiiiiiimiiiiiiieiiiiiiniiiiiiiiiiiiiiiiiiuiiiiiiiiiiiiiiiiiiiik,1,1
20068,portemanteau,1,1
20069,toutesle,1,1
20070,armagnac,1,1
20071,pistre,1,1
20072,iiiiiiiiiimiiimiiiitti,1,1
20073,meub,1,1
20074,gauthier,1,1
20075,magasinier,1,1
20076,quincaillerie,1,1
20077,fév,1,1
20078,littérateur,1,1
20079,wêh,1,1
20080,propulser,1,1
20081,maaout,1,1
20082,canadienne,1,1
20083,arctic,1,1
20084,accéda,1,1
20085,individueuts,1,1
20086,catalotue,1,1
20087,tegv,1,1
20088,dolrvbux,1,1
20089,retenez,1,1
20090,originaîe,1,1
20091,mallette,1,1
20092,osiau,1,1
20093,censeillcr,1,1
20094,âssociation,1,1
20095,clief,1,1
20096,toud,1,1
20097,hita,1,1
20098,germée,1,1
20099,iuhuvi,1,1
20100,âetjtajeuae,1,1
20101,cyusà,1,1
20102,ôilcjguâx,1,1
20103,çtovndâ,1,1
20104,magctôw,1,1
20105,comf,1,1
20106,gaÿièheö,1,1
20107,ôpeciaâôteà,1,1
20108,imiiiiitii,1,1
20109,lefscoutfde,1,1
20110,monolithe,1,1
20111,chenal,1,1
20112,pai,1,1
20113,marée,1,1
20114,desiderata,1,1
20115,rabelai,1,1
20116,saga,1,1
20117,valkyne,1,1
20118,morcelé,1,1
20119,suinter,1,1
20120,hlet,1,1
20121,travailleuse,1,1
20122,gien,1,1
20123,renoncule,1,1
20124,picorer,1,1
20125,fioej,1,1
20126,vadmel,1,1
20127,passerelle,1,1
20128,charcot,1,1
20129,chiffré,1,1
20130,joui,1,1
20131,déchiffre,1,1
20132,desclée,1,1
20133,iiiimiiiiiiiiiiiitiiiiiiiiiiiiiiimfmimmmiiimiiimiiitimiiiimiiiiiiiitiiimmiiiii,1,1
20134,tefigu,1,1
20135,pagnol,1,1
20136,triqu,1,1
20137,rhoto,1,1
20138,météorologiste,1,1
20139,sund,1,1
20140,ssement,1,1
20141,esti,1,1
20142,sondage,1,1
20143,decinq,1,1
20144,fiord,1,1
20145,chalutier,1,1
20146,consulaire,1,1
20147,charbonnage,1,1
20148,glaciaire,1,1
20149,iceberg,1,1
20150,querait,1,1
20151,méticulosité,1,1
20152,paperasserie,1,1
20153,repousserai,1,1
20154,ignorerai,1,1
20155,sorton,1,1
20156,injustement,1,1
20157,ridiculiser,1,1
20158,patrouillen,1,1
20159,paperasse,1,1
20160,terminant,1,1
20161,convamcre,1,1
20162,corner,1,1
20163,rabattue,1,1
20164,décorne,1,1
20165,rédui,1,1
20166,cousure,1,1
20167,encollage,1,1
20168,endossure,1,1
20169,inave,1,1
20170,froufrou,1,1
20171,glory,1,1
20172,tivoli,1,1
20173,tobre,1,1
20174,incorrect,1,1
20175,holm,1,1
20176,parlé,1,1
20177,debarquement,1,1
20178,vedla,1,1
20179,insoucier,1,1
20180,radiodiffuser,1,1
20181,folklore,1,1
20182,kulla,1,1
20183,tering,1,1
20184,lagrei,1,1
20185,répondion,1,1
20186,remàss,1,1
20187,plaisamment,1,1
20188,elseneur,1,1
20189,décala,1,1
20190,précipitation,1,1
20191,affectueu,1,1
20192,gazonnée,1,1
20193,quittant,1,1
20194,dédaignant,1,1
20195,ébrouyier,1,1
20196,fjord,1,1
20197,onduleux,1,1
20198,construisit,1,1
20199,cicérone,1,1
20200,mayer,1,1
20201,reconstruire,1,1
20202,maillot,1,1
20203,déshabillage,1,1
20204,accompa,1,1
20205,édifiante,1,1
20206,grau,1,1
20207,echangerai,1,1
20208,eure,1,1
20209,memôriam,1,1
20210,brouck,1,1
